question_id,department,exam_year,exam_number,category,subcategory,subtopic,difficulty,question_text,choice_a,choice_b,choice_c,choice_d,choice_e,correct_answer,explanation,has_image,image_url,is_multi_select,source,created_at
2014_nrs_14_pm001,nursing,2014,1,1. 健康の定義と理解,B.健康に関する指標,出生と死亡の動向,3,日本の平成24年（2012年）における合計特殊出生率はどれか。,0.91,1.41,1.91,2.41,,B,,false,,false,notebooklm,2026-04-05T01:24:41.668Z
2014_nrs_14_pm002,nursing,2014,2,1. 健康の定義と理解,B.健康に関する指標,死因の概要,3,警察庁の「平成24年（2012年）中における自殺の状況」の自殺者の原因・動機のうち最も多いのはどれか。,学校問題,家庭問題,勤務問題,健康問題,,D,,false,,false,notebooklm,2026-04-05T01:24:41.670Z
2014_nrs_14_pm003,nursing,2014,3,2. 健康に影響する要因,B.生活環境,食品衛星,3,食中毒の原因となるのはどれか。,セラチア,カンジダ,サルモネラ,クラミジア,,C,,false,,false,notebooklm,2026-04-05T01:24:41.670Z
2014_nrs_14_pm004,nursing,2014,4,3.看護で活用する社会保障,B.介護保険制度の基本,要介護・要支援の認定,3,要介護状態の区分の審査判定業務を行うのはどれか。,介護認定審査会,介護保険審査会,社会福祉協議会,社会保障審議会,,A,,false,,false,notebooklm,2026-04-05T01:24:41.670Z
2014_nrs_14_pm005,nursing,2014,5,6.人間の特性,A.人間と欲求,社会的欲求,3,社会的欲求はどれか。,安全の欲求,帰属の欲求,睡眠の欲求,排泄の欲求,,B,,false,,false,notebooklm,2026-04-05T01:24:41.670Z
2014_nrs_14_pm006,nursing,2014,6,7.人間のライフサイクル各期の特徴と生活,B.新生児・乳児期,親子関係,3,乳幼児で人見知りが始まる時期はどれか。,生後1～2か月,生後6～8か月,生後18～24か月,生後36～42か月,,B,,false,,false,notebooklm,2026-04-05T01:24:41.670Z
2014_nrs_14_pm007,nursing,2014,7,1. 健康の定義と理解,B.健康に関する指標,年齢別人口,3,人口年齢区分における15歳から64歳までの年齢区分はどれか。,従属人口,年少人口,老年人口,生産年齢人口,,D,,false,,false,notebooklm,2026-04-05T01:24:41.670Z
2014_nrs_14_pm008,nursing,2014,8,1. 健康の定義と理解,B.健康に関する指標,婚姻、家族形態,3,平成24年（2012年）の国民生活基礎調査で、世帯総数における核家族世帯の割合に最も近いのはどれか。,30%,45%,60%,75%,,C,,false,,false,notebooklm,2026-04-05T01:24:41.670Z
2014_nrs_14_pm009,nursing,2014,9,9.主な看護活動の場と看護の機能,A.看護活動の場と機能・役割,訪問看護ステーション,3,介護保険法に基づき訪問看護を行うことができる職種はどれか。,医　師,薬剤師,理学療法士,介護福祉士,,C,,false,,false,notebooklm,2026-04-05T01:24:41.670Z
2014_nrs_14_pm010,nursing,2014,10,9.主な看護活動の場と看護の機能,A.看護活動の場と機能・役割,チーム医療,3,嚥下困難のある患者への嚥下訓練において連携する職種で最も適切なのはどれか。,歯科技工士,言語聴覚士,義肢装具士,臨床工学技士,,B,,false,,false,notebooklm,2026-04-05T01:24:41.670Z
2014_nrs_14_pm011,nursing,2014,11,10.人体の構造と機能,A.人体の基本的な構造と正常な機能,体温調節,3,体温を調節しているのはどれか。,橋,小　脳,中　脳,視床下部,,D,,false,,false,notebooklm,2026-04-05T01:24:41.670Z
2014_nrs_14_pm012,nursing,2014,12,16.診療に伴う看護技術,F.救命救急処置,気道の確保,3,意識障害がある患者への救命救急処置で最も優先されるのはどれか。,保　温,輸　液,酸素吸入,気道確保,,D,,false,,false,notebooklm,2026-04-05T01:24:41.670Z
2014_nrs_14_pm013,nursing,2014,13,11.徴候と疾患,A.主要な症状と徴候,高体温、低体温,3,低体温が起こるのはどれか。,尿崩症,褐色細胞腫,甲状腺機能低下症,Cushing＜クッシング＞症候群,,C,,false,,false,notebooklm,2026-04-05T01:24:41.670Z
2014_nrs_14_pm014,nursing,2014,14,11.徴候と疾患,A.主要な症状と徴候,チアノーゼ,3,チアノーゼが出現するのはどれか。,血清鉄の増加,血中酸素分圧の上昇,血中二酸化炭素分圧の上昇,血中還元ヘモグロビン量の増加,,D,,false,,false,notebooklm,2026-04-05T01:24:41.670Z
2014_nrs_14_pm015,nursing,2014,15,11.徴候と疾患,A.主要な症状と徴候,貧血,3,貧血の定義で正しいのはどれか。,血圧が下がること,脈拍を自覚すること,立ち上がると失神すること,血色素量が減っていること,,D,,false,,false,notebooklm,2026-04-05T01:24:41.670Z
2014_nrs_14_pm016,nursing,2014,16,12.薬物の作用とその管理,A.主な薬物の効果と副作用（有害事象）,抗がん薬,3,抗癌薬の副作用（有害事象）である骨髄抑制を示しているのはどれか。,嘔　吐,下　痢,神経障害,白血球減少,,D,,false,,false,notebooklm,2026-04-05T01:24:41.670Z
2014_nrs_14_pm017,nursing,2014,17,12.薬物の作用とその管理,A.主な薬物の効果と副作用（有害事象）,麻薬,3,貼付剤として用いられる薬剤はどれか。,フェンタニル,リン酸コデイン,モルヒネ塩酸塩,オキシコドン塩酸塩,,A,,false,,false,notebooklm,2026-04-05T01:24:41.670Z
2014_nrs_14_pm018,nursing,2014,18,13.看護における基本技術,A.コミュニケーション,非言語的コミュニケーション,3,患者とのコミュニケーションで適切なのはどれか。,専門用語を用いて説明する。,視線を合わせずに会話をする。,沈黙が生じたら会話を終える。,患者の非言語的な表現を活用する。,,D,,false,,false,notebooklm,2026-04-05T01:24:41.670Z
2014_nrs_14_pm019,nursing,2014,19,13.看護における基本技術,C.フィジカルアセスメント,バイタルサインの観察,3,成人の安静時における所見で異常なのはどれか,体温36.2℃,呼吸数12/分,脈拍116/分,血圧128/84mmHg,,C,,false,,false,notebooklm,2026-04-05T01:24:41.670Z
2014_nrs_14_pm020,nursing,2014,20,14.日常生活援助技術,B.排泄,導尿,3,成人男性の間欠的導尿においてカテーテルを挿入する長さで適切なのはどれか。,6～8cm,12～14cm,18～20cm,24～26cm,,C,,false,,false,notebooklm,2026-04-05T01:24:41.670Z
2014_nrs_14_pm021,nursing,2014,21,15.患者の安全・安楽を守る看護技術,A.療養環境,病室環境,3,最も高い照度を必要とするのはどれか。,病　室,手術野,外来の廊下,ナースステーション,,B,,false,,false,notebooklm,2026-04-05T01:24:41.670Z
2014_nrs_14_pm022,nursing,2014,22,16.診療に伴う看護技術,A.栄養法,経管・経腸栄養法,3,成人の鼻孔から噴門までの長さで適切なのはどれか。,5～15cm,25～35cm,45～55cm,65～75cm,,C,,false,,false,notebooklm,2026-04-05T01:24:41.670Z
2014_nrs_14_pm023,nursing,2014,23,16.診療に伴う看護技術,C.輸液・輸血管理,点滴静脈注射,3,輸液ポンプに設定する項目はどれか。,流　量,開始時刻,薬剤の濃度,薬剤の処方内容,,A,,false,,false,notebooklm,2026-04-05T01:24:41.670Z
2014_nrs_14_pm024,nursing,2014,24,16.診療に伴う看護技術,E.呼吸管理,酸素流量計,3,"医療用酸素ボンベと酸素流量計とを図に示す。,,
酸素の流量を調節するのはどれか。",①,②,③,④,,C,,true,,false,notebooklm,2026-04-05T01:24:41.670Z
2014_nrs_14_pm025,nursing,2014,25,16.診療に伴う看護技術,F.救命救急処置,直流除細動器,3,直流除細動器の使用目的はどれか。,呼吸の促進,血圧の降下,不整脈の治療,意識レベルの評価,,C,,false,,false,notebooklm,2026-04-05T01:24:41.670Z
2014_nrs_14_pm026,nursing,2014,26,5.感覚器系,G.内臓感覚,内蔵感覚の受容器と機能,3,内臓痛が生じるのはどれか。,臓器の切開,管腔臓器の受動的な過伸展,細胞内カリウムイオン濃度の上昇,細胞外ナトリウムイオン濃度の上昇,,B,,false,,false,notebooklm,2026-04-05T01:24:41.670Z
2014_nrs_14_pm027,nursing,2014,27,11.消化器系,B.消化と吸収,三大栄養素の消化と吸収,3,蛋白質で正しいのはどれか。,アミノ酸で構成される。,唾液により分解される。,摂取するとそのままの形で体内に吸収される。,生体を構成する成分で最も多くの重量を占める。,,A,,false,,false,notebooklm,2026-04-05T01:24:41.670Z
2014_nrs_14_pm028,nursing,2014,28,13.泌尿器系,C.排尿,尿管と膀胱の構造と機能,3,膀胱で正しいのはどれか。,漿膜で覆われている。,直腸の後方に存在する。,粘膜は移行上皮である。,筋層は2層構造である。,,C,,false,,false,notebooklm,2026-04-05T01:24:41.670Z
2014_nrs_14_pm029,nursing,2014,29,15.内分泌系,C.内分泌器官の構造とホルモンの機能,腎臓,3,ホルモンとその産生部位の組合せで正しいのはどれか。,エリスロポエチン -- 膵　臓,アドレナリン -- 副腎皮質,成長ホルモン -- 視床下部,レニン -- 腎　臓,,D,,false,,false,notebooklm,2026-04-05T01:24:41.670Z
2014_nrs_14_pm030,nursing,2014,30,8.内部環境調節機能,B.代謝異常の疾患の病態と診断・治療,糖尿病,3,糖尿病神経障害で正しいのはどれか。,運動神経は温存される。,感覚障害は中枢側から起こる。,三大合併症の中では晩期に発症する。,自律神経障害は無自覚性低血糖に関与する。,,D,,false,,false,notebooklm,2026-04-05T01:24:41.670Z
2014_nrs_14_pm031,nursing,2014,31,10.全身の感染性疾患,A.感染性疾患の病態と診断・治療,ウイルスによる感染症（インフルエンザ、流行性耳下腺炎＜ムンプス＞、麻疹、風疹、エボラ出血熱、コロナウイルス感染症、ヒト免疫不全ウイルス＜HIV＞感染症）,3,ヒト免疫不全ウイルス＜HIV＞感染症で正しいのはどれか。,経皮感染する。,無症候期がある。,DNA ウイルスによる。,血液中のB細胞に感染する。,,B,,false,,false,notebooklm,2026-04-05T01:24:41.670Z
2014_nrs_14_pm032,nursing,2014,32,5.呼吸機能,A.呼吸器系の疾患の病態と診断・治療,気胸,3,気胸について正しいのはどれか。,外傷は原因の1つである。,自然気胸は若い女性に多い。,原因となるブラは肺底部に多い。,治療として人工呼吸器による陽圧換気が行われる。,,A,,false,,false,notebooklm,2026-04-05T01:24:41.670Z
2014_nrs_14_pm033,nursing,2014,33,8.内部環境調節機能,C.体液調節の疾患の病態と診断・治療,水・電解質の異常（脱水、浮腫、低ナトリウム血症、高カリウム血症）,3,心電図でT波の上昇の原因となるのはどれか。,高カリウム血症,低カリウム血症,高カルシウム血症,低カルシウム血症,,A,,false,,false,notebooklm,2026-04-05T01:24:41.670Z
2014_nrs_14_pm034,nursing,2014,34,16.生殖機能,A.生殖器系の疾患の病態と診断・治療,腫瘍（乳癌、子宮体癌、子宮頸癌、卵巣癌、前立腺癌）,3,前立腺癌の治療薬はどれか。,インターフェロン,α交感神経遮断薬,抗アンドロゲン薬,抗エストロゲン薬,,C,,false,,false,notebooklm,2026-04-05T01:24:41.671Z
2014_nrs_14_pm035,nursing,2014,35,3.社会保障制度の基本,A.社会保障の理念,日本国憲法第25条,3,日本国憲法第25条で定められているのはどれか。,国民の平等性,国民の生存権,国民の教育を受ける権利,国及び公共団体の賠償責任,,B,,false,,false,notebooklm,2026-04-05T01:24:41.671Z
2014_nrs_14_pm036,nursing,2014,36,5.社会福祉の基本,C.社会福祉における民間活動,ボランティア活動,3,社会福祉協議会の活動で正しいのはどれか。,ボランティア活動を推進する。,就労の支援活動を推進する。,男女共同参画を推進する。,がん対策を推進する。,,A,,false,,false,notebooklm,2026-04-05T01:24:41.671Z
2014_nrs_14_pm037,nursing,2014,37,2.疾病の成立と疾病からの回復,A.疾病の要因,内因（宿主要因）、外因（環境要因）,3,疾病の発生要因と疫学要因の組合せで正しいのはどれか。,食　事 -- 宿主要因,職　業 -- 宿主要因,細胞免疫 -- 環境要因,媒介動物 -- 環境要因,,D,,false,,false,notebooklm,2026-04-05T01:24:41.671Z
2014_nrs_14_pm038,nursing,2014,38,6.健康と公衆衛生,A.公衆衛生の理念,一次予防、二次予防、三次予防,3,職場における疾病予防の対策のうち三次予防はどれか。,健康教育の実施,人間ドックの受診勧奨,じん肺健康診断の実施,職場復帰後の適正配置,,D,,false,,false,notebooklm,2026-04-05T01:24:41.671Z
2014_nrs_14_pm039,nursing,2014,39,11.人々の健康を支える職種やサービス提供体制に関する法や施策,A.看護職に関する法,保健師助産師看護師法,3,看護師の業務で正しいのはどれか。,グリセリン浣腸液の処方,褥婦への療養上の世話,酸素吸入の流量の決定,血液検査の実施の決定,,B,,false,,false,notebooklm,2026-04-05T01:24:41.671Z
2014_nrs_14_pm040,nursing,2014,40,4.日常生活援助技術,E.休息と睡眠,休息と睡眠を促す援助,3,サーカディアンリズムを整えるための援助で適切なのはどれか。,毎朝同じ時刻に起床するよう促す。,日中はカーテンを閉めておくよう促す。,昼寝の時間を2～3時間程度とるよう促す。,就寝前に温かいコーヒーを摂取するよう促す。,,A,,false,,false,notebooklm,2026-04-05T01:24:41.671Z
2014_nrs_14_pm041,nursing,2014,41,3.看護における基本技術,H.安楽の確保,安楽な姿勢・体位の保持,3,仰臥位の患者の良肢位について正しいのはどれか。,肩関節外転90度,肘関節屈曲0度,膝関節屈曲90度,足関節底屈0度,,D,,false,,false,notebooklm,2026-04-05T01:24:41.671Z
2014_nrs_14_pm042,nursing,2014,42,5.診療に伴う看護技術,C.与薬,与薬の副作用（有害事象）の観察,3,"抗癌薬の点滴静脈内注射中の患者が刺入部の腫脹と軽い痛みを訴え、看護師が確認した。,,
直ちに行うのはどれか。",刺入部を温める。,注入を中止する。,注入速度を遅くする。,点滴チューブ内の血液の逆流を確認する。,,B,,false,,false,notebooklm,2026-04-05T01:24:41.671Z
2014_nrs_14_pm043,nursing,2014,43,3.看護における基本技術,I.終末期のケア,死亡後のケア,3,死後の処置について最も適切なのはどれか。,体内に挿入したチューブ類の除去は家族同席で行う。,枕の高さを低くし開口を防ぐ。,死亡後2時間以内に行う。,口腔内は吸引しない。,,C,,false,,false,notebooklm,2026-04-05T01:24:41.671Z
2014_nrs_14_pm044,nursing,2014,44,4.日常生活援助技術,C.排泄,自然な排泄が困難な人への援助,3,グリセリン浣腸の効果で正しいのはどれか。,腸管の蠕動を促進する。,腸管内の炎症を和らげる。,腸壁の水分吸収を促進する。,腸管内のガスの吸収を促進する。,,A,,false,,false,notebooklm,2026-04-05T01:24:41.671Z
2014_nrs_14_pm045,nursing,2014,45,9.生体の防御機構,A.非特異性生体防御機構,皮膚の構造と防御機構,3,皮膚の構造と機能について正しいのはどれか。,皮膚表面は弱酸性である。,粘膜は細菌が繁殖しにくい。,皮脂の分泌量は老年期に増加する。,アポクリン汗腺は全身に分布している。,,A,,false,,false,notebooklm,2026-04-05T01:24:41.671Z
2014_nrs_14_pm046,nursing,2014,46,5.診療に伴う看護技術,C.与薬,与薬方法と効果の観察,3,与薬方法で正しいのはどれか。,筋肉内注射は大殿筋に行う。,点眼薬は下眼瞼結膜の中央に滴下する。,バッカル錠は、かんでから飲み込むよう促す。,口腔内に溜まった吸入薬は飲み込むよう促す。,,B,,false,,false,notebooklm,2026-04-05T01:24:41.671Z
2014_nrs_14_pm047,nursing,2014,47,5.診療に伴う看護技術,F. 生体機能のモニタリング,検体検査（血液、尿、便、喀痰、胸水、腹水、骨髄液）,3,全血の検体を25 ℃の室内に放置すると低下するのはどれか。,血　糖,乳　酸,遊離脂肪酸,アンモニア,,A,,false,,false,notebooklm,2026-04-05T01:24:41.671Z
2014_nrs_14_pm048,nursing,2014,48,11.人々の健康を支える職種やサービス提供体制に関する法や施策,C.サービスの提供体制,医療法,3,看護師の人員配置基準について定めた法律はどれか。,医療法,労働基準法,保健師助産師看護師法,看護師等の人材確保の促進に関する法律,,A,,false,,false,notebooklm,2026-04-05T01:24:41.671Z
2014_nrs_14_pm049,nursing,2014,49,8.がん患者と家族への看護,B.がん患者の集学的治療と看護,放射線療法と看護,3,放射線治療による放射線宿酔について正しいのはどれか。,晩期合併症である。,食欲不振が出現する。,皮膚の発赤が特徴的である。,症状は1か月程度持続する。,,B,,false,,false,notebooklm,2026-04-05T01:24:41.671Z
2014_nrs_14_pm050,nursing,2014,50,10.呼吸機能障害のある患者の看護,B.検査・処置を受ける患者への看護,動脈血ガス分析、動脈血酸素飽和度,3,"呼吸困難を訴えて来院した患者の動脈血液ガス分析は、pH7.32、動脈血炭酸ガス分圧＜PaCO2＞72Torr、動脈血酸素分圧＜PaO2＞50 Torr、HCO3- 26.0mEq/L であった。,,
このときのアセスメントで適切なのはどれか。",肺胞低換気,過換気症候群,代謝性アシドーシス,呼吸性アルカローシス,,A,,false,,false,notebooklm,2026-04-05T01:24:41.671Z
2014_nrs_14_pm051,nursing,2014,51,12.消化・吸収機能障害のある患者への看護,D.病期や機能障害に応じた看護,胃潰瘍、十二指腸潰瘍、逆流性食道炎,3,"Aさん（50歳、男性）は、上腹部痛が突然出現したため、冷や汗をかき腹部を押さえながら家族と来院した。Aさんは十二指腸潰瘍の既往がある。,,
このときに観察する徴候として最も適切なのはどれか。",Romberg＜ロンベルグ＞徴候,Blumberg＜ブルンベルグ＞徴候,Courvoisier＜クールボアジェ＞徴候,Trendelenburg＜トレンデレンブルグ＞徴候,,B,,false,,false,notebooklm,2026-04-05T01:24:41.671Z
2014_nrs_14_pm052,nursing,2014,52,5.周術期にある患者と家族の看護,D.術後合併症と予防,術後出血,3,"Aさん（48歳、女性）は、卵巣癌の腹膜播種性転移で亜イレウス状態になった。,,
栄養療法のために、右鎖骨下静脈から中心静脈カテーテルの挿入が行われたが、鎖骨下動脈を穿刺したため中止された。処置直後の胸部エックス線撮影で異常はなかったが、4時間後、Aさんは胸痛と軽い呼吸困難を訴えた。,,
最も考えられるのはどれか。",血　胸,肺　炎,肺転移,胸膜炎,,A,,false,,false,notebooklm,2026-04-05T01:24:41.671Z
2014_nrs_14_pm053,nursing,2014,53,13.栄養代謝機能障害のある患者の看護,D.病期や機能障害に応じた看護,脂質異常症、肥満、高尿酸血症,3,"Aさん（42歳、男性、会社員）は、1人で暮らしている。毎日、たばこを20本吸い、缶ビールを3本飲んでいた。Aさんは週末にラグビーをした後、帰りに焼肉を食べるのを楽しみにしている。高尿酸血症で治療を受けることになり、尿酸排泄促進薬が処方された。缶ビールを1本に減らしたが、尿酸値が高い状態が続いている。身長172cm、体重67kg。その他の血液検査データに異常はない。,,
Aさんへの生活指導で最も適切なのはどれか。",禁　煙,体重の減量,過度な運動の回避,蛋白質摂取の禁止,,C,,false,,false,notebooklm,2026-04-05T01:24:41.671Z
2014_nrs_14_pm054,nursing,2014,54,16.身体防御機能の障害のある患者の看護,D.病期や機能障害に応じた看護,自己免疫疾患（膠原病を含む）,3,Raynaud＜レイノー＞現象のある患者への指導で正しいのはどれか。,頻繁に含嗽をする。,日傘で紫外線を防止する。,洗顔のときは温水を使用する。,筋力を維持するトレーニングを行う。,,C,,false,,false,notebooklm,2026-04-05T01:24:41.671Z
2014_nrs_14_pm055,nursing,2014,55,17.脳・神経機能障害のある患者の看護,B.検査・処置を受ける患者への看護,脳血管造影,3,脳血管造影を行う患者の看護について最も適切なのはどれか。,前日に側頭部の剃毛を行う。,検査30分前まで食事摂取が可能である。,検査中は患者に話しかけない。,穿刺部の末梢側の動脈の拍動を確認する。,,D,,false,,false,notebooklm,2026-04-05T01:24:41.671Z
2014_nrs_14_pm056,nursing,2014,56,20.排尿機能障害のある患者の看護,D.病期や機能障害に応じた看護,前立腺肥大、前立腺炎,3,"Aさん（59歳、男性）は、経尿道的前立腺切除術後1日で、強い尿意を訴えているが腹部超音波検査で膀胱に尿は貯留していない。Aさんは、体温36.9℃、脈拍88/分、血圧128/86mmHg であった。尿は淡血性で混濁はなく蓄尿バッグ内に3時間で350mL貯留している。,,
この状態で考えられるのはどれか。",尿道狭窄,尿路感染症,膀胱刺激症状,膀胱タンポナーデ,,C,,false,,false,notebooklm,2026-04-05T01:24:41.671Z
2014_nrs_14_pm057,nursing,2014,57,4.老年看護の基本,B.老年看護の倫理,高齢者虐待,3,日本の平成24 年（2012 年）の養護者による高齢者虐待の種類で最も多いのはどれか。,身体的虐待,心理的虐待,介護等放棄,性的虐待,,A,,false,,false,notebooklm,2026-04-05T01:24:41.671Z
2014_nrs_14_pm058,nursing,2014,58,2.高齢者の生活,A.高齢者の機能と評価,高齢者総合機能評価＜CGA＞,3,高齢者の総合機能評価＜CGA＞について正しいのはどれか。,介護者の介護負担は含まない。,多職種チームで結果を共有する。,疾患の改善を目指すことが目的である。,主な対象者は重度の要介護高齢者である。,,B,,false,,false,notebooklm,2026-04-05T01:24:41.671Z
2014_nrs_14_pm059,nursing,2014,59,5.高齢者の生活を支える看護,G.高齢者における性＜セクシュアリティ＞,高齢者にとっての性＜セクシュアリティ＞の理解と対応,3,"Aさん（70歳、女性）は、夫のBさんと死別し、軽費老人ホームに入居している。,,
Aさんは「今、再婚をしたいと思う好きな人ができたのに、70歳で再婚なんて恥ずかしいよと息子に叱られました。とても悲しいです」と話した。,,
Aさんへの対応で最も適切なのはどれか。",「息子さんの気持ちは理解できます」,「他の職員の考えを聞いてみましょう」,「好きな人ができることは素敵なことですね」,「亡くなったBさんのことは忘れてしまったのですか」,,C,,false,,false,notebooklm,2026-04-05T01:24:41.671Z
2014_nrs_14_pm060,nursing,2014,60,5.高齢者の生活を支える看護,C.高齢者の食事・食生活の特徴と援助,摂食・嗅下障害,3,軽度の嚥下障害がある患者への誤嚥性肺炎の予防法で正しいのはどれか。,流動食にする。,軽く下顎を挙上して飲み込んでもらう。,食後は10分程度の座位を保持する。,口腔内を吸引しながらブラッシングする。,,D,,false,,false,notebooklm,2026-04-05T01:24:41.671Z
2014_nrs_14_pm061,nursing,2014,61,12.神経機能,A.中枢神経系の疾患の病態と診断・治療,変性疾患（Parkinson＜パーキンソン＞病、筋萎縮性側索硬化症＜ALS＞）,3,Parkinson＜パーキンソン＞病の症状について正しいのはどれか。,満月様顔貌になる。,腕を振らずに歩く。,後ろに反り返って歩く。,頭を左右に大きく振る。,,B,,false,,false,notebooklm,2026-04-05T01:24:41.671Z
2014_nrs_14_pm062,nursing,2014,62,8.慢性的な疾患・障害がある子どもと家族への看護,A.先天性疾患や慢性的な経過をとる疾患をもつ子どもと家族への看護,疾患による子どもと家族の生活の変化,3,"A君（5歳、男児）は、先天性水頭症で脳室－腹腔＜V-P＞シャントが挿入されている。,,
定期受診の際、看護師が確認する項目で優先度が高いのはどれか。",頭　囲,聴　力,微細運動,便秘の有無,,D,,false,,false,notebooklm,2026-04-05T01:24:41.671Z
2014_nrs_14_pm063,nursing,2014,63,8.慢性的な疾患・障害がある子どもと家族への看護,A.先天性疾患や慢性的な経過をとる疾患をもつ子どもと家族への看護,疾患による子どもと家族の生活の変化,3,二分脊椎の子どもに特徴的な症状はどれか。,排泄障害,体重増加不良,言語発達の遅延,上半身の運動障害,,A,,false,,false,notebooklm,2026-04-05T01:24:41.671Z
2014_nrs_14_pm064,nursing,2014,64,2.母性看護の基盤となる概念,A.リプロダクティブ・ヘルスに関する概念,セックス、ジェンダー,3,セクシュアリティの意義と関連する事項の組合せで正しいのはどれか。,生殖性の性 -- ジェンダー,性別としての性 -- 常染色体,連帯性としての性 -- 種の保存,性役割としての性 -- 社会的規範,,D,,false,,false,notebooklm,2026-04-05T01:24:41.671Z
2014_nrs_14_pm065,nursing,2014,65,3.女性のライフサイクル各期における看護,A.思春期・成熟期女性の健康維持への看護,性周期（初経、月経）,3,正常な月経周期に伴う変化で正しいのはどれか。,排卵期には頸管粘液が増量する。,月経の直後は浮腫が生じやすい。,黄体から黄体形成ホルモン＜LH＞が分泌される。,基礎体温は月経終了後から徐々に上昇して高温相になる。,,A,,false,,false,notebooklm,2026-04-05T01:24:41.671Z
2014_nrs_14_pm066,nursing,2014,66,1.母性看護の対象を取り巻く環境や社会の変遷,D.女性の健康支援に関する法や施策,配偶者からの暴力の防止及び被害者の保護等に関する法律＜DV防止法＞,3,"Aさん（38歳、女性、パート勤務）は、腹痛のため、姉に付き添われて救急外来を受診した。診察時、身体には殴られてできたとみられる複数の打撲痕が確認された。腹痛の原因は夫から蹴られたことであった。A さんは「家に帰るのが怖い。姉には夫の暴力について話したくない」と泣いている。,,
外来での看護師の対応で適切なのはどれか。",打撲痕を姉に見てもらう。,配偶者暴力相談支援センターに通報する。,暴力を受けたときの状況を具体的に話すことを求める。,Aさんが日頃から夫を怒らせるようなことがなかったか聞く。,,B,,false,,false,notebooklm,2026-04-05T01:24:41.671Z
2014_nrs_14_pm067,nursing,2014,67,3.精神看護の対象の理解と支援のための概念,A.援助関係の構築,プロセスレコードの活用,3,プロセスレコードについて正しいのはどれか。,看護過程の1つの段階である。,患者と家族間の言動を記述する。,看護師の対人関係技術の向上に活用する。,患者の精神症状をアセスメントする方法である。,,C,,false,,false,notebooklm,2026-04-05T01:24:41.671Z
2014_nrs_14_pm068,nursing,2014,68,4.精神疾患・障害がある者とその家族への看護,B.心理・社会的療法,集団精神療法、集団力動,3,集団精神療法の効果が最も期待できるのはどれか。,過眠症,躁状態,薬物依存症,小児自閉症,,C,,false,,false,notebooklm,2026-04-05T01:24:41.671Z
2014_nrs_14_pm069,nursing,2014,69,6.症状・疾患・治療に応じた地域・在宅看護,C.主な治療等に応じた在宅看護,薬物療法,3,"Aさん（80歳、女性）は、1人で暮らしている。内科と整形外科とを受診しているが、2週前から内服薬の飲み間違いがあり、主治医から訪問看護師に服薬管理の依頼があった。,,
Aさんがセルフケアを維持して内服するための訪問看護師の服薬管理の支援で最も適切なのはどれか。",内服薬は薬局から訪問看護師が受け取る。,自宅での内服薬の保管場所を分散する。,内服指導を診療科ごとに依頼する。,内服薬を1回分ごとにまとめる。,,D,,false,,false,notebooklm,2026-04-05T01:24:41.671Z
2014_nrs_14_pm070,nursing,2014,70,6.症状・疾患・治療に応じた地域・在宅看護,C.主な治療等に応じた在宅看護,酸素療法,3,"Aさん（70歳、男性）は、1人で暮らしている。慢性閉塞性肺疾患のため1週前から在宅酸素療法（0.5L/分、24時間持続）が開始された。Aさんは階段の昇降時に息切れがみられる。,,
自宅での入浴の方法に関する訪問看護師の説明で最も適切なのはどれか。",脱衣は看護師が全介助する。,浴槽に入ることは禁止する。,身体を洗うときはシャワーチェアを使う。,入浴中は携帯用酸素ボンベを利用できない。,,C,,false,,false,notebooklm,2026-04-05T01:24:41.671Z
2014_nrs_14_pm071,nursing,2014,71,6.症状・疾患・治療に応じた地域・在宅看護,A.主な症状に応じた在宅看護,疼痛,3,"Aさん（60歳、男性）は、1年前に膵癌と診断されて自宅で療養中である。疼痛管理はレスキューとして追加注入ができるシリンジポンプを使用し、オピオイドを持続的に皮下注射している。,,
訪問看護師のAさんへの疼痛管理の指導で適切なのはどれか。",シリンジの交換はAさんが実施する。,疼痛がないときには持続的な注入をやめてもよい。,レスキューとしてのオピオイドの追加注入はAさんが行う。,レスキューとして用いるオピオイドの1回量に制限はない。,,C,,false,,false,notebooklm,2026-04-05T01:24:41.671Z
2014_nrs_14_pm072,nursing,2014,72,1.看護におけるマネジメント,B.医療・看護における質の保証と評価、改善の仕組み,医療・看護の標準化（標準看護計画、クリニカルパス）,3,医療における安全管理のシステム設計の原則で正しいのはどれか。,個人の反省を促す。,人の記憶力を重視する。,作業のプロセスを標準化する。,いくつかの業務を同時に実施する。,,C,,false,,false,notebooklm,2026-04-05T01:24:41.671Z
2014_nrs_14_pm073,nursing,2014,73,5.療養の場に応じた地域・在宅看護,A.病期に応じた在宅療養者への看護,終末期にある在宅療養者と家族の看護,3,"Aさん（79歳、女性）は、癌の化学療法を受けていたが、脳出血を起こし意識不明の状態になった。Aさんの家族は回復する見込みはないと医師から説明を受けた。家族はAさんの延命を望んでおり、医師と今後の治療方針を決定する前に看護師に相談した。,,
Aさんの家族への対応で最も適切なのはどれか。",医師に方針を決めてもらうよう伝える。,病院の倫理委員会に判断を依頼するよう伝える。,Aさんのアドバンスディレクティブ＜事前指示＞を確認するよう伝える。,経管栄養法を開始することでAさんの身体の状態は維持できると伝える。,,C,,false,,false,notebooklm,2026-04-05T01:24:41.671Z
2014_nrs_14_pm074,nursing,2014,74,2.災害と看護,B.災害各期の特徴と看護,災害各期における要支援者を含むすべての被災者への看護,3,災害急性期における精神障害者への看護師の対応で最も適切なのはどれか。,名札の着用を指示する。,災害の状況については説明しない。,不眠が続いても一時的な変化と判断する。,服薬している薬剤を中断しないように支援する。,,D,,false,,false,notebooklm,2026-04-05T01:24:41.671Z
2014_nrs_14_pm075,nursing,2014,75,2.災害と看護,B.災害各期の特徴と看護,災害各期における要支援者を含むすべての被災者への看護,3,災害発生後、避難先の体育館で生活を始めた高齢者への対応で最も適切なのはどれか。,トイレに近い場所を確保する。,持参薬を回収して被災者に分ける。,区画された範囲内で過ごすよう促す。,私語を控えて館内の静穏が保てるように指導する。,,A,,false,,false,notebooklm,2026-04-05T01:24:41.671Z
2014_nrs_14_pm076,nursing,2014,76,8.慢性的な疾患・障害がある子どもと家族への看護,A.先天性疾患や慢性的な経過をとる疾患をもつ子どもと家族への看護,発達に応じたセルフケア能力の獲得・自立支援,3,自己管理を行う上で自己効力感を高める支援として最も適切なのはどれか。,自己管理の目標はできるだけ高くする。,必要な知識をできるだけ多く提供する。,自己管理の方法で不適切な点はそのたびに指摘する。,自己管理で改善できた点が少しでもあればそれを評価する。,対象者が自己管理できない理由を話したときは話題を変える。,D,,false,,false,notebooklm,2026-04-05T01:24:41.672Z
2014_nrs_14_pm077,nursing,2014,77,2.子どもの成長・発達,B.子どもの成長・発達のアセスメント,身体発育の評価,3,"1歳0か月の幼児の標準的な身長と体重の組合せで正しいのはどれか。,,
ただし、選択肢は【身長】 -- 【体重】とする。",55cm -- 6kg,75cm -- 6kg,75cm -- 9kg,100cm -- 9kg,100cm -- 12kg,C,,false,,false,notebooklm,2026-04-05T01:24:41.672Z
2014_nrs_14_pm078,nursing,2014,78,4.妊娠期の看護,B.妊婦の健康生活とアセスメント,食生活,3,"Aさん（28歳、初産婦）は、妊娠11週である。身長160cm、体重52kg（非妊時体重50kg）である。現在は身体活動レベルⅠ（非妊時は身体活動レベルⅡ）で妊娠経過は順調である。,,
現時点で非妊時と比べて食事に付加することが望ましいのはどれか。",糖　質,葉　酸,蛋白質,カリウム,カルシウム,B,,false,,false,notebooklm,2026-04-05T01:24:41.672Z
2014_nrs_14_pm079,nursing,2014,79,2.主な精神疾患・障害の特徴と看護,C.統合失調症、統合失調症型障害および妄想性障害,臨床検査および心理検査と看護薬物療法と看護,3,"Aさん（60歳、男性）は、統合失調症で20年前から抗精神病薬を服用している。常に口を動かしているため、何か食べていないか看護師が口の中を確認するが、何も口には入っていない。Aさんは「勝手に口と舌が動いてしまう」と言う。,,
Aさんに現れている症状はどれか。",被害妄想,作為体験,カタレプシー,遅発性ジスキネジア,静座不能＜アカシジア＞,D,,false,,false,notebooklm,2026-04-05T01:24:41.672Z
2014_nrs_14_pm080,nursing,2014,80,1.子どもと家族を取り巻く環境,C.子どもと家族を取り巻く社会資源の活用,小児保健医療福祉施策の活用,3,小児医療に関する課題とその対応の組合せで正しいのはどれか。,低出生体重児の増加 -- 人工乳による哺育の推進,育児不安が強い親の増加 -- 子どもの自立支援,障害児の在宅医療のニーズの増加 -- レスパイトケアの充実,小児救急医療を受診する子どもの増加 -- ドクターカーの充実,成人になった小児慢性疾患患者の増加 -- 親の意思決定の支援,C,,false,,false,notebooklm,2026-04-05T01:24:41.672Z
2014_nrs_14_pm081,nursing,2014,81,3.神経系,B.中枢神経系の構造と機能,小脳,3,小脳の機能はどれか。2つ選べ。,関節角度の知覚,振動感覚の中継,姿勢反射の調節,随意運動の制御,下行性の疼痛抑制,C,D,,false,,true,notebooklm,2026-04-05T01:24:41.672Z
2014_nrs_14_pm082,nursing,2014,82,9.造血機能,A.血液・造血器の疾患の病態と診断・治療,白血球減少症,3,白血球減少症で正しいのはどれか。2つ選べ。,好塩基球数は増加する。,EBウイルス感染によって起こる。,"白血球数が3,000/μL以下をいう。",好中球減少症では細菌に感染しやすくなる。,無顆粒球症は単球がなくなった病態をいう。,C,D,,false,,true,notebooklm,2026-04-05T01:24:41.672Z
2014_nrs_14_pm083,nursing,2014,83,8.内部環境調節機能,A.内分泌系の疾患の病態と診断・治療,間脳・下垂体疾患,3,下垂体ホルモンの分泌低下により生じるのはどれか。2つ選べ。,性早熟症,低身長症,先端巨大症,Sheehan＜シーハン＞症候群,Cushing＜クッシング＞症候群,B,D,,false,,true,notebooklm,2026-04-05T01:24:41.672Z
2014_nrs_14_pm084,nursing,2014,84,12.神経機能,C.感覚器系の疾患の病態と診断・治療,視覚障害（白内障、緑内障、網膜剥離、網膜症）,3,抗コリン薬の投与が禁忌の疾患はどれか。2つ選べ。,疥　癬,緑内障,大腿骨骨折,前立腺肥大症,前頭側頭型認知症,B,D,,false,,true,notebooklm,2026-04-05T01:24:41.672Z
2014_nrs_14_pm085,nursing,2014,85,7.早期新生児期の看護,C.早期新生児とその家族への看護,哺乳,3,新生児の養育に関する親への指導で適切なのはどれか。2つ選べ。,「体温37.0℃で受診させましょう」,「沐浴は児が満腹のときに行いましょう」,「授乳後は顔を横に向けて寝かせましょう」,「衣類は大人よりも1 枚少なくしましょう」,「オムツはおなかを締めつけないように当てましょう」,C,E,,false,,true,notebooklm,2026-04-05T01:24:41.672Z
2014_nrs_14_pm086,nursing,2014,86,3.女性のライフサイクル各期における看護,A.思春期・成熟期女性の健康維持への看護,第二次性徴,3,一般的な思春期の発育の特徴について正しいのはどれか。2つ選べ。,骨端線が閉鎖する。,性的成熟は男子の方が女子より早く始まる。,成長ホルモンが性腺に作用して第二次性徴が起こる。,男子では身長増加のピークの前に精巣の発育が始まる。,女子では身長増加のピークの前に乳房の発育が終わる。,A,D,,false,,true,notebooklm,2026-04-05T01:24:41.672Z
2014_nrs_14_pm087,nursing,2014,87,17.脳・神経機能障害のある患者の看護,A.原因と障害の程度のアセスメントと看護,高次脳機能障害,3,前頭葉の障害に伴う症状で正しいのはどれか。2つ選べ。,人格の変化,感覚性失語,自発性の欠乏,平衡機能障害,左右識別障害,A,C,,false,,true,notebooklm,2026-04-05T01:24:41.672Z
2014_nrs_14_pm088,nursing,2014,88,6.精神保健医療福祉の変遷と法や施策,A.患者の権利擁護＜アドボカシー＞,隔離、身体拘束,3,精神科病棟における身体拘束時の看護で正しいのはどれか。2つ選べ。,1時間ごとに訪室する。,拘束の理由を説明する。,水分摂取は最小限にする。,患者の手紙の受け取りを制限する。,早期の解除を目指すための看護計画を立てる。,B,E,,false,,true,notebooklm,2026-04-05T01:24:41.672Z
2014_nrs_14_pm089,nursing,2014,89,2.地域・在宅看護における基盤となる概念,B.在宅療養者の権利の保障,在宅療養者の権利擁護＜アドボカシー＞,3,"Aさん（72歳、女性）は、1人で暮らしており、要介護1で訪問看護を利用している。昨日の訪問時、看護師は高級な羽毛布団を見かけ、Aさんに尋ねると購入の覚えがないと話した。別居している長男は、週1回電話でAさんの様子を確認している。,,
看護師の対応として適切なのはどれか。2つ選べ。",長男への連絡,羽毛布団の返品,成年後見人の選任,近隣住民への聞き取り,Aさんの判断能力の評価,A,E,,false,,true,notebooklm,2026-04-05T01:24:41.672Z
2014_nrs_14_pm090,nursing,2014,90,3.看護における基本技術,F.感染防止対策,手洗い、消毒、滅菌法、無菌操作,3,"5%のクロルヘキシジングルコン酸塩を用いて0.2%希釈液2,000mLをつくるのに必要な薬液量を求めよ。,,
ただし、小数点以下の数値が得られた場合には、小数点以下第1位を四捨五入すること。,,
,,
システムの都合上選択肢を表示できません。各自で0～9の数字を組合せて回答してください。,,
,,
解答：①②mL",,,,,,,,false,,false,notebooklm,2026-04-05T01:24:41.672Z
2014_nrs_14_pm091,nursing,2014,91,12.消化・吸収機能障害のある患者への看護,C.治療を受ける患者への看護,大腸切除術,3,術後に予測されるのはどれか。,排尿障害,輸入脚症候群,ストーマの陥没,ダンピング症候群,,A,,false,,false,notebooklm,2026-04-05T01:24:41.672Z
2014_nrs_14_pm092,nursing,2014,92,5.周術期にある患者と家族の看護,C.術後の看護,術後の鎮痛・鎮静管理,3,"術後1日。順調に経過し、Aさんは離床が可能になった。腹腔内にドレーンが1本留置され、術後の痛みに対しては、硬膜外チューブから持続的に鎮痛薬が投与されている。看護師がAさんに痛みの状態を尋ねると、Aさんは「まだ傷が痛いし、今日は歩けそうにありません」と話す。,,
このときの対応で最も適切なのはどれか。",体動時に痛む場合は歩行しなくてよいと説明する。,歩行には看護師が付き添うことを提案する。,歩行練習を1日延期することを提案する。,鎮痛薬の追加使用を提案し歩行を促す。,,D,,false,,false,notebooklm,2026-04-05T01:24:41.672Z
2014_nrs_14_pm093,nursing,2014,93,5.周術期にある患者と家族の看護,D.術後合併症と予防,消化器合併症,3,"術後6日。ドレーンから茶褐色で悪臭のある排液があった。Aさんは、体温38.2℃、呼吸数20/分、脈拍82/分、整であった。,,
Aさんの状態で最も可能性が高いのはどれか。",腸　炎,胆汁瘻,イレウス,縫合不全,術後出血,D,,false,,false,notebooklm,2026-04-05T01:24:41.672Z
2014_nrs_14_pm094,nursing,2014,94,17.脳・神経機能障害のある患者の看護,C.治療を受ける患者への看護,血管内治療,3,この後の治療でまず検討されるのはどれか。,血流の再開,脳浮腫の予防,出血性素因の除去,脳血管攣縮の治療,,A,,false,,false,notebooklm,2026-04-05T01:24:41.672Z
2014_nrs_14_pm095,nursing,2014,95,17.脳・神経機能障害のある患者の看護,D.病期や機能障害に応じた看護,脳血管障害,3,"Aさんは心原性の脳梗塞と診断され、入院後に治療が開始された。入院後5日、意識レベルがジャパン・コーマ・スケール＜JCS＞Ⅱ-30 まで低下した。頭部CTで出血性梗塞と脳浮腫とが認められ、気管内挿管・人工呼吸器管理を行い、マンニトールを投与してしばらく経過をみることになった。,,
この時点の看護で適切なのはどれか。2つ選べ。",電気毛布で保温する。,瞳孔不同の有無を観察する。,水分出納を正のバランスに管理する。,Cushing＜クッシング＞現象に注意する。,ベッドを水平位にして安静を維持する。,B,D,,false,,true,notebooklm,2026-04-05T01:24:41.672Z
2014_nrs_14_pm096,nursing,2014,96,17.脳・神経機能障害のある患者の看護,A.原因と障害の程度のアセスメントと看護,言語機能障害,3,"減圧開頭術後2週。気管内チューブは抜管され、意識レベルはジャパン・コーマ・スケール＜JCS＞Ⅱ-10 である。右上下肢の麻痺と運動性失語とが認められ、発語は少ない。利き手は右手である。,,
Aさんとのコミュニケーションの方法で最も適切なのはどれか。",筆談を促す。,文字盤を用いる。,大きな声で話す。,イラストを用いる。,,D,,false,,false,notebooklm,2026-04-05T01:24:41.672Z
2014_nrs_14_pm097,nursing,2014,97,7.高齢者に特有な症候・疾患・障害と看護,A.高齢者に特有な疾患・障害の病態と要因,骨粗髭症,3,Aさんの骨粗鬆症の要因として最も考えられるのはどれか。,肥　満,喫　煙,出産経験がないこと,カルシウム拮抗薬の服用,,B,,false,,false,notebooklm,2026-04-05T01:24:41.672Z
2014_nrs_14_pm098（不備問題採点除外）,nursing,2014,0,老年看護学,,,3,Aさんの現在の移動能力をアセスメントする方法として適切なのはどれか。,開眼片脚起立時間,Borg＜ボルグ＞スケール,Katz＜カッツ＞インデックス,手段的日常生活動作＜IADL＞,,A,B,C,D,,false,,false,notebooklm,2026-04-05T01:24:41.672Z
2014_nrs_14_pm099,nursing,2014,99,6.さまざまな健康状態や受療状況に応じた高齢者の看護,A.健康の維持・増進と介護予防,高齢者の健康の維持・増進,3,"看護師がAさんに運動を勧めたところ、Aさんは「子どものころから運動は苦手で運動を続ける自信がない」と答えた。,,
指導の内容で最も適切なのはどれか。",歩行器を使って外出する。,腰背部の背屈運動をする。,介護予防サービスを利用する。,買い物のときに30分程度歩く。,,D,,false,,false,notebooklm,2026-04-05T01:24:41.672Z
2014_nrs_14_pm100,nursing,2014,100,7.急性期にある子どもと家族への看護,A.急性症状のある子どもと家族への看護,呼吸困難,3,このときのAちゃんに準備すべき物品で優先度が高いのはどれか。,加湿器,酸素吸入器,人工呼吸器,酸素濃度計,,B,,false,,false,notebooklm,2026-04-05T01:24:41.672Z
2014_nrs_14_pm101,nursing,2014,101,7.急性期にある子どもと家族への看護,A.急性症状のある子どもと家族への看護,脱水,3,"Aちゃんは点滴静脈内注射が開始された。処置中、Aちゃんは嗄声で啼泣したが流涙はなく、激しく抵抗することもなかった。処置後に病室に戻ったが、皮膚の弾性が低下しており活気がない。,,
看護師がAちゃんの呼吸状態と併せて観察する項目で優先度が高いのはどれか。",哺乳力,排尿の有無,排便の有無,瞳孔の大きさ,眼瞼結膜の色調,B,,false,,false,notebooklm,2026-04-05T01:24:41.672Z
2014_nrs_14_pm102,nursing,2014,102,5.検査や処置を受ける子どもと家族への看護,A.小児特有の診療（検査、処置）に伴う技術と看護,吸引,3,"去痰薬の吸入を1日3回と、口腔内と鼻腔内の吸引を適宜実施するよう指示が出された。去痰薬の吸入後、聴診をすると呼吸数48/分、右上葉の呼吸音が減弱していた。,,
Aちゃんの排痰を促す適切な体位はどれか。",仰臥位,腹臥位,右側臥位,左側臥位,,D,,false,,false,notebooklm,2026-04-05T01:24:41.672Z
2014_nrs_14_pm103,nursing,2014,103,1.子どもと家族を取り巻く環境,C.子どもと家族を取り巻く社会資源の活用,小児慢性特定疾病医療費助成制度,3,両親に情報提供する社会資源として最も適切なのはどれか。,養育医療,自立支援医療,児童扶養手当,高額療養費制度,小児慢性特定疾病の医療費助成,E,,false,,false,notebooklm,2026-04-05T01:24:41.672Z
2014_nrs_14_pm104,nursing,2014,104,4.病気や診療・入院が子どもと家族に与える影響と看護,A.病気に対する子どもの理解と説明,発達に応じた病気の説明,3,"Aちゃんは中心静脈カテーテルが挿入され、寛解導入療法が開始された。抗癌薬が投与された後、維持液が100mL/時間で持続点滴されている。Aちゃんは「点滴が始まってから何回もおしっこが出ている。点滴を止めてほしい」と話している。,,
Aちゃんの訴えを受け止めた後のAちゃんに対する看護師の説明で適切なのはどれか。",「体の中の水分が足りないから必要だよ」,「白血病細胞をやっつけるために必要だよ」,「ご飯があまり食べられないからご飯の代わりに必要だよ」,「やっつけた白血病細胞のせいで腎臓を悪くしないために必要だよ」,,D,,false,,false,notebooklm,2026-04-05T01:24:41.672Z
2014_nrs_14_pm105,nursing,2014,105,8.慢性的な疾患・障害がある子どもと家族への看護,A.先天性疾患や慢性的な経過をとる疾患をもつ子どもと家族への看護,学習支援、復学支援,3,"入院後4か月。Aちゃんは治療が順調に進み、退院して外来で維持療法を行うことになった。,,
今後、学校に通学する際のAちゃんと母親に対する説明で適切なのはどれか。",「体育は見学してください」,「授業中はお母さんが付き添いましょう」,「給食はみんなと同じものを食べてよいです」,「日焼け止めクリームを塗って登校してください」,「体育館での全校集会は参加しない方がよいです」,C,,false,,false,notebooklm,2026-04-05T01:24:41.672Z
2014_nrs_14_pm106,nursing,2014,106,6.産褥期の看護,B.褥婦の健康と生活のアセスメント,分娩による損傷の状態,3,"翌朝、Aさんは体温36.8℃、血圧116/66mmHg であった。就寝後から朝まで排尿はなく、子宮底の位置は臍高であった。,,
Aさんの状態で経過観察してよいのはどれか。",尿意なし,脈拍110/分,軟らかく触れる子宮底,会陰切開縫合部の痛み,,D,,false,,false,notebooklm,2026-04-05T01:24:41.672Z
2014_nrs_14_pm107,nursing,2014,107,6.産褥期の看護,A.正常な産褥の経過と産褥期の異常,子宮復古不全,3,"産褥2日の午前10時。Aさんは「9時に排尿したとき、3cm 大の血の塊がでました。大丈夫でしょうか」と訴えた。このとき、体温37.3℃、脈拍60/分、血圧120/64mmHg であった。子宮底の位置は臍高で軟らかく、後陣痛は増強している。乳管口の開口数は左右3本ずつで初乳がみられ、乳房の発赤、硬結および熱感はない。,,
Aさんの状態で最も疑われるのはどれか。",産褥熱,乳腺炎,子宮復古不全,妊娠高血圧症候群,,C,,false,,false,notebooklm,2026-04-05T01:24:41.672Z
2014_nrs_14_pm108,nursing,2014,108,6.産褥期の看護,C.褥婦と家族への看護,退院後の生活調整、産後のサポート,3,"産褥5日。Aさんは、体温37.0℃、脈拍66/分、血圧118/60 mmHg であった。子宮底の位置は恥骨結合上3横指で、収縮は良好であった。児の体重は3,950g。直接授乳を行っており、授乳後に児はよく眠っていた。Aさんは「本日退院ですが、家で気をつけることは何でしょうか。教えてください」と話す。,,
Aさんに対する退院後の指導で最も適切なのはどれか。",「浴槽に入って清潔にしてください」,「蛋白質の少ない食事にしてください」,「悪露が増えたときは受診してください」,「授乳ごとに赤ちゃんへ追加のミルクを飲ませてください」,,C,,false,,false,notebooklm,2026-04-05T01:24:41.672Z
2014_nrs_14_pm109,nursing,2014,109,3.精神看護の対象の理解と支援のための概念,B.セルフケアへの援助,食物・水分の摂取,3,"Aさんは「いつも体がだるくて、何もしたくない。生きていても皆に迷惑がかかるだけだ」と話す。体重減少と長期間続く不眠のため、疲れ果てた様子をみせていることから、その日のうちに入院し、薬物治療が開始された。,,
入院当日の観察項目で優先度が高いのはどれか。",清潔状態,水分摂取量,意識レベル,他者との交流状況,,B,,false,,false,notebooklm,2026-04-05T01:24:41.672Z
2014_nrs_14_pm110,nursing,2014,110,4.精神疾患・障害がある者とその家族への看護,B.心理・社会的療法,認知行動療法,3,"入院後1か月。Aさんは「私は役に立たない人間です。昔から妻や母親としての役割を果たせていませんでした」と発言している。食事は3分の2を摂取できるようになり、夜間も眠れていることから、主治医は認知療法への参加を勧めた。,,
この時点の認知療法で修正するのはどれか。",内向的な性格,低下した意欲,Aさんと息子との親子関係,自分は役に立たない人間だという考え方,,D,,false,,false,notebooklm,2026-04-05T01:24:41.672Z
2014_nrs_14_pm111,nursing,2014,111,2.主な精神疾患・障害の特徴と看護,D.気分＜感情＞障害,臨床検査および心理検査と看護薬物療法と看護,3,"入院後2か月。Aさんと夫は主治医と面接し、Aさんは2週後に自宅への退院を目指すことになった。それ以来、Aさんは積極的に病院から自宅への外出を繰り返すようになったが、夕方に外出から戻ってくるとすぐにベッドに入り臥床していることが多くなった。,,
うつ病の回復期にあるAさんについて情報収集する項目で優先度が高いのはどれか。",希死念慮の確認,外出時の食事内容,外出時の服薬状況,Aさんの家庭の経済状況,,A,,false,,false,notebooklm,2026-04-05T01:24:41.672Z
2014_nrs_14_pm112,nursing,2014,112,12.神経機能,A.中枢神経系の疾患の病態と診断・治療,機能性疾患（てんかん）腫瘍（脳腫瘍）,3,"A君の意識は徐々に回復したが、健忘が認められる。頭部CT検査で頭部外傷は認められなかった。A君は、てんかんの疑いで入院した。,,
A君に対する検査で優先度が高いのはどれか。",脳波検査,知能検査,人格検査,脳脊髄液検査,,A,,false,,false,notebooklm,2026-04-05T01:24:41.672Z
2014_nrs_14_pm113,nursing,2014,113,4.病気や診療・入院が子どもと家族に与える影響と看護,F.活動制限が必要な子どもと家族への看護,子どもの発達に応じた日常生活への援助,3,"入院後1週。A君は同じ病室に入院している他の患児と話したり、漫画を読んだりしてベッド上で過ごしている。入院後は抗てんかん薬を服用し、発作はみられていない。,,
このときのA君への指導内容で最も適切なのはどれか。",1人で入浴する。,病棟の外を散歩する。,好きな携帯型電子ゲームで遊ぶ。,病棟レクリエーションへ参加する。,,D,,false,,false,notebooklm,2026-04-05T01:24:41.672Z
2014_nrs_14_pm114,nursing,2014,114,8.慢性的な疾患・障害がある子どもと家族への看護,A.先天性疾患や慢性的な経過をとる疾患をもつ子どもと家族への看護,発達に応じたセルフケア能力の獲得・自立支援,3,"入院後1か月。A君の退院が決定した。,,
A君の家族に対する説明として適切なのはどれか。2つ選べ。",「今後サッカーは禁止です」,「十分な睡眠をとらせてください」,「規則正しい服薬が発作を予防します」,「発作時はタオルを口にかませてください」,「学校には病名を知らせる必要はないでしょう」,B,C,,false,,true,notebooklm,2026-04-05T01:24:41.672Z
2014_nrs_14_pm115,nursing,2014,115,6.症状・疾患・治療に応じた地域・在宅看護,C.主な治療等に応じた在宅看護,褥癒予防・管理,3,"訪問時、仙骨部に軽度の発赤を認めた。,,
褥瘡悪化予防のためにAさんに勧める内容で最も適切なのはどれか。",仙骨部のマッサージを行う。,リクライニング式の車椅子を利用する。,作業中にプッシュアップ動作を取り入れる。,座るときは膝関節と股関節を60度に曲げる。,,C,,false,,false,notebooklm,2026-04-05T01:24:41.672Z
2014_nrs_14_pm116,nursing,2014,116,7.在宅療養生活を支える看護,C.在宅療養者の排泄を支えるケア,尿道カテーテル管理,3,"Aさんは繰り返し使用できるカテーテルによる間欠的自己導尿を行っている。,,
排尿のセルフケアの指導として最も適切なのはどれか。",24時間の蓄尿を勧める。,カテーテルの挿入は無菌操作で行う。,急に発熱した場合は医師に連絡する。,カテーテルを保管するケースの消毒薬は週1回交換する。,,C,,false,,false,notebooklm,2026-04-05T01:24:41.672Z
2014_nrs_14_pm117,nursing,2014,117,7.在宅療養生活を支える看護,C.在宅療養者の排泄を支えるケア,排尿・排便のアセスメント,3,"Aさんは自宅のトイレを利用している。緩下薬を内服し、2日に1回浣腸を行っている。猛暑が続く8月の訪問時にAさんは最近便秘がちで尿量も少ないと訪問看護師に繰り返し訴えた。,,
Aさんへの対応で最も適切なのはどれか。",水分の摂取を促す。,浣腸の回数を増やす。,ポータブルトイレの利用を勧める。,医師に別の緩下薬の処方を依頼する。,,A,,false,,false,notebooklm,2026-04-05T01:24:41.672Z
2014_nrs_14_pm118,nursing,2014,118,3.国際化と看護,B.グローバルな社会における看護,多様な文化を考慮した看護,3,このときの夫への対応で最も適切なのはどれか。,電話で治療について説明をする。,英語での説明を医師に依頼すると伝える。,母国語の医療通訳者について情報提供する。,日本語を話せる娘に通訳を依頼するよう伝える。,,C,,false,,false,notebooklm,2026-04-05T01:24:41.672Z
2014_nrs_14_pm119,nursing,2014,119,3.国際化と看護,B.グローバルな社会における看護,多様な文化を考慮した看護,3,"術前に、術後のAさんの苦痛の程度を確認する方法について説明をすることになった。,,
苦痛の程度を確認する方法として最も適切なのはどれか。",日本語を覚えてもらう。,母国語と日本語の対応表を準備する。,ナースコールの利用方法を説明する。,まばたきをしてもらうことを説明する。,,B,,false,,false,notebooklm,2026-04-05T01:24:41.672Z
2014_nrs_14_pm120,nursing,2014,120,3.国際化と看護,B.グローバルな社会における看護,多様な文化を考慮した看護,3,"入院初日。Aさんの同室の患者から、Aさんが使用している香水の香りが強く気分が悪くなるので何とかして欲しいという訴えがあった。病棟では香水の使用を禁止している。看護師が香水の使用をやめるように説明すると、Aさんは医師から何も言われていないと話した。,,
Aさんへの対応で最も適切なのはどれか。",個室の利用を勧める。,同室の患者を説得する。,禁止されている理由を説明する。,医師の許可があればよいと説明する。,,C,,false,,false,notebooklm,2026-04-05T01:24:41.672Z
2015_nrs_15_am001,nursing,2015,1,1. 健康の定義と理解,B.健康に関する指標,年齢別人口,3,日本の平成25年（2013年）の生産年齢人口の構成割合に最も近いのはどれか。,52%,62%,72%,82%,,B,,false,,false,notebooklm,2026-04-05T01:24:41.674Z
2015_nrs_15_am002,nursing,2015,2,2. 健康に影響する要因,A.生活行動・習慣,活動と運動、レクリエーション,3,運動習慣が身体機能に与える影響で正しいのはどれか。,筋肉量の減少,体脂肪率の増加,最大換気量の減少,基礎代謝量の増加,,D,,false,,false,notebooklm,2026-04-05T01:24:41.674Z
2015_nrs_15_am003,nursing,2015,3,2. 健康に影響する要因,C.社会環境,職業と健康障害,3,日本の平成25年（2013年）における業務上疾病で発生件数が最も多いのはどれか。,振動障害,騒音による耳の疾患,負傷に起因する疾病,じん肺症及びじん肺合併症,,C,,false,,false,notebooklm,2026-04-05T01:24:41.674Z
2015_nrs_15_am004,nursing,2015,4,3.看護で活用する社会保障,B.介護保険制度の基本,給付の内容,3,介護保険の給付はどれか。,年金給付,予防給付,求職者給付,教育訓練給付,,B,,false,,false,notebooklm,2026-04-05T01:24:41.674Z
2015_nrs_15_am005,nursing,2015,5,4.看護における倫理,C.看護師等の役割,倫理的配慮,3,臨床研究を行うときに、研究対象者の立場を擁護するために審査を行う組織はどれか。,教育委員会,倫理委員会,医療事故調査委員会,院内感染対策委員会,,B,,false,,false,notebooklm,2026-04-05T01:24:41.674Z
2015_nrs_15_am006,nursing,2015,6,10.人体の構造と機能,A.人体の基本的な構造と正常な機能,妊娠・分娩・産褥の経過,3,正期産の定義はどれか。,妊娠36週0日から40週6日,妊娠37週0日から41週6日,妊娠38週0日から42週6日,妊娠39週0日から43週6日,,B,,false,,false,notebooklm,2026-04-05T01:24:41.674Z
2015_nrs_15_am007,nursing,2015,7,7.人間のライフサイクル各期の特徴と生活,F.成人期,生殖機能の成熟と衰退,3,日本の女性の平均閉経年齢に最も近いのはどれか。,40歳,45歳,50歳,55歳,,C,,false,,false,notebooklm,2026-04-05T01:24:41.674Z
2015_nrs_15_am008,nursing,2015,8,1. 健康の定義と理解,B.健康に関する指標,婚姻、家族形態,3,日本の平成25年（2013年）における家族の世帯構造で最も少ないのはどれか。,単独世帯,三世代世帯,夫婦のみの世帯,夫婦と未婚の子のみの世帯,,B,,false,,false,notebooklm,2026-04-05T01:24:41.674Z
2015_nrs_15_am009,nursing,2015,9,9.主な看護活動の場と看護の機能,A.看護活動の場と機能・役割,市町村、保健所,3,保健所の設置主体で正しいのはどれか。,国,都道府県,社会福祉法人,独立行政法人,,B,,false,,false,notebooklm,2026-04-05T01:24:41.674Z
2015_nrs_15_am010,nursing,2015,10,9.主な看護活動の場と看護の機能,A.看護活動の場と機能・役割,チーム医療,3,チーム医療で正しいのはどれか。,国家資格を持つ者で構成される。,リーダーとなる職種を固定する。,他施設との間で行うことはできない。,メンバー間で情報を共有して意思決定をする。,,D,,false,,false,notebooklm,2026-04-05T01:24:41.674Z
2015_nrs_15_am011,nursing,2015,11,10.人体の構造と機能,A.人体の基本的な構造と正常な機能,内分泌系,3,内分泌器官はどれか。,乳　腺,涙　腺,甲状腺,唾液腺,,C,,false,,false,notebooklm,2026-04-05T01:24:41.674Z
2015_nrs_15_am012,nursing,2015,12,10.人体の構造と機能,B.人間の死,脳死,3,臓器の移植に関する法律における脳死の判定基準に含まれるのはどれか。,低体温,心停止,平坦脳波,下顎呼吸,,C,,false,,false,notebooklm,2026-04-05T01:24:41.674Z
2015_nrs_15_am013,nursing,2015,13,10.人体の構造と機能,A.人体の基本的な構造と正常な機能,血液、体液,3,高齢者の体重に占める水分量の割合に最も近いのはどれか。,45%,55%,65%,75%,,B,,false,,false,notebooklm,2026-04-05T01:24:41.674Z
2015_nrs_15_am014,nursing,2015,14,11.徴候と疾患,A.主要な症状と徴候,不整脈,3,徐脈性の不整脈で起こりやすいのはどれか。,失　語,失　行,失　神,失　明,,C,,false,,false,notebooklm,2026-04-05T01:24:41.674Z
2015_nrs_15_am015,nursing,2015,15,11.徴候と疾患,C.基本的な臨床検査値の評価,血液生化学検査,3,糖尿病の血糖コントロールの指標となる検査値はどれか。,総ビリルビン,総コレステロール,グリコヘモグロビン,クレアチニンクリアランス,,C,,false,,false,notebooklm,2026-04-05T01:24:41.674Z
2015_nrs_15_am016,nursing,2015,16,11.徴候と疾患,B.主要な疾患による健康障害,高齢者の疾患,3,認知症の中核症状はどれか。,幻　聴,抑うつ,希死念慮,見当識障害,,D,,false,,false,notebooklm,2026-04-05T01:24:41.674Z
2015_nrs_15_am017,nursing,2015,17,12.薬物の作用とその管理,A.主な薬物の効果と副作用（有害事象）,副腎皮質ステロイド薬,3,ステロイド薬の副作用（有害事象）はどれか。,便　秘,口内炎,低血圧,骨粗鬆症,,D,,false,,false,notebooklm,2026-04-05T01:24:41.674Z
2015_nrs_15_am018,nursing,2015,18,10.人体の構造と機能,A.人体の基本的な構造と正常な機能,運動系,3,骨盤底筋訓練が最も有効なのはどれか。,溢流性尿失禁,切迫性尿失禁,反射性尿失禁,腹圧性尿失禁,,D,,false,,false,notebooklm,2026-04-05T01:24:41.674Z
2015_nrs_15_am019,nursing,2015,19,14.日常生活援助技術,D.清潔,口腔ケア,3,口腔ケアで適切なのはどれか。,歯肉出血がある場合は実施しない。,含嗽ができない患者には禁忌である。,経口摂取の有無に関係なく実施する。,総義歯の場合は義歯を入れた状態で実施する。,,C,,false,,false,notebooklm,2026-04-05T01:24:41.674Z
2015_nrs_15_am020（不備問題採点除外）,nursing,2015,0,必修問題,,,3,"医療法施行規則に定められている療養病床に係る多床室の床面積は、患者1人につき［　］m2以上である。,,
［　］に入るのはどれか。",2.3,3.3,4.3,5.3,,A,B,C,D,,false,,false,notebooklm,2026-04-05T01:24:41.674Z
2015_nrs_15_am021,nursing,2015,21,16.診療に伴う看護技術,B.薬物療法,予約方法,3,注射針を皮膚に対して45～90度の角度で刺入するのはどれか。,皮内注射,皮下注射,筋肉内注射,静脈内注射,,C,,false,,false,notebooklm,2026-04-05T01:24:41.674Z
2015_nrs_15_am022,nursing,2015,22,16.診療に伴う看護技術,B.薬物療法,予約方法,3,薬剤の血中濃度の上昇が最も速い与薬方法はどれか。,坐　薬,経口薬,筋肉内注射,静脈内注射,,D,,false,,false,notebooklm,2026-04-05T01:24:41.674Z
2015_nrs_15_am023,nursing,2015,23,16.診療に伴う看護技術,D.採血,採血方法,3,患者が自己採血で簡単に測定できるのはどれか。,血　糖,カリウム,カルシウム,アルブミン,,A,,false,,false,notebooklm,2026-04-05T01:24:41.674Z
2015_nrs_15_am024,nursing,2015,24,16.診療に伴う看護技術,E.呼吸管理,酸素マスク,3,"ベンチュリーマスクの写真を別に示す。,,
酸素流量の設定と併せて吸入酸素濃度を調節するのはどれか。",①,②,③,④,,C,,false,,false,notebooklm,2026-04-05T01:24:41.674Z
2015_nrs_15_am025,nursing,2015,25,2.災害と看護,B.災害各期の特徴と看護,災害時の被災者・支援者の身体反応と心理過程,3,災害による心理的ストレスが身体反応として最も強く現れる時期はどれか。,発災後3～7日,発災後2週～1か月,発災後半年～3年,発災後4年目以降,,A,,false,,false,notebooklm,2026-04-05T01:24:41.674Z
2015_nrs_15_am026,nursing,2015,26,4.運動器系,C.骨格筋の構造と機能,筋収縮の機構,3,筋収縮で正しいのはどれか。,筋収縮はミオシンの短縮である。,アクチンにATP分解酵素が存在する。,α運動ニューロンは筋紡錘を興奮させる。,筋小胞体からカルシウムイオンが放出される。,,D,,false,,false,notebooklm,2026-04-05T01:24:41.674Z
2015_nrs_15_am027,nursing,2015,27,6.循環器系,B.血管系の構造と機能,冠循環,3,血管に吻合がないのはどれか。,皮静脈,冠動脈,膝窩動脈,腸絨毛の毛細血管,,B,,false,,false,notebooklm,2026-04-05T01:24:41.674Z
2015_nrs_15_am028,nursing,2015,28,8.体液,B.体液の調節,電解質バランス,3,一次脱水でみられるのはどれか。,尿量の減少,血漿浸透圧の低下,バソプレシンの分泌の抑制,血漿ナトリウムイオン濃度の低下,,A,,false,,false,notebooklm,2026-04-05T01:24:41.674Z
2015_nrs_15_am029,nursing,2015,29,15.内分泌系,C.内分泌器官の構造とホルモンの機能,膵島,3,膵臓から分泌されるのはどれか。,ガストリン,カルシトニン,アルドステロン,ソマトスタチン,,D,,false,,false,notebooklm,2026-04-05T01:24:41.674Z
2015_nrs_15_am030,nursing,2015,30,16.生殖器系,B.男性の生殖器系の構造と機能,精巣上体、精管、精嚢、前立腺、陰茎,3,男性生殖器について正しいのはどれか。,精巣は腹腔内にある。,精嚢は精子を貯留する。,前立腺は直腸の前面に位置する。,右精巣静脈は腎静脈に流入する。,,C,,false,,false,notebooklm,2026-04-05T01:24:41.674Z
2015_nrs_15_am031,nursing,2015,31,4.疾病にたいする医療,A.診断の基本と方法,画像検査,3,"腹部の検査の画像を別に示す。,,
生体の代謝を利用した検査はどれか。",①,②,③,④,,C,,false,,false,notebooklm,2026-04-05T01:24:41.674Z
2015_nrs_15_am032,nursing,2015,32,4.社会保険制度の基本,B.医療保険制度,目的と機能健康保険法,3,医療保険について正しいのはどれか。,医療給付には一部負担がある。,高額療養費の受給には年齢制限がある。,市町村国民健康保険は職域保険の1つである。,後期高齢者医療における公費負担は8割である。,,A,,false,,false,notebooklm,2026-04-05T01:24:41.674Z
2015_nrs_15_am033,nursing,2015,33,3.社会保障制度の基本,B.社会保障制度,社会保障給付費,3,日本の平成23年度（2011年度）の国民医療費について正しいのはどれか。,総額は約25兆円である。,財源の約半分は保険料である。,国民所得に対する比率は5%台である。,人口1人当たりでは65歳以上が65歳未満の約2倍である。,,B,,false,,false,notebooklm,2026-04-05T01:24:41.674Z
2015_nrs_15_am034,nursing,2015,34,5.社会福祉の基本,F.児童に関する制度,次世代育成支援、少子化対策,3,地域子育て支援センターの整備を掲げたのはどれか。,児童福祉法,新エンゼルプラン,次世代育成支援対策推進法,児童虐待の防止等に関する法律,,B,,false,,false,notebooklm,2026-04-05T01:24:41.674Z
2015_nrs_15_am035,nursing,2015,35,9.保健活動の基盤と制度,D.学校保健,健康診断、健康相談,3,学校保健について正しいのはどれか。,学校医は健康相談を実施する。,校長は学校医を置くことができる。,教育委員会は小学校入学1年前の児童に対して健康診断を実施する。,学校医は感染症に罹患した児童生徒の出席を停止させることができる。,,A,,false,,false,notebooklm,2026-04-05T01:24:41.674Z
2015_nrs_15_am036,nursing,2015,36,1.看護の基本となる概念,B.看護の対象,ニーズをもつ存在,3,高齢者が趣味の絵画を地区の展覧会に発表したいという欲求はどれか。,自尊の欲求,所属の欲求,安全の欲求,生理的欲求,,A,,false,,false,notebooklm,2026-04-05T01:24:41.674Z
2015_nrs_15_am037,nursing,2015,37,2.看護の展開,B.基盤となる思考過程,根拠に基づいた看護＜EBN＞クリティカル・シンキング,3,根拠に基づいた看護＜EBN＞で最も適切なのはどれか。,患者の好みは参考にしない。,先輩看護師の行動を模倣する。,研究論文の有用性を検討する。,既存の看護業務基準を遵守する。,,C,,false,,false,notebooklm,2026-04-05T01:24:41.674Z
2015_nrs_15_am038,nursing,2015,38,3.看護における基本技術,A.コミュニケーション,コミュニケーションに障害のある人々への対応,3,患者の状態と看護師のコミュニケーションの方法との組合せで正しいのはどれか。,構音障害 -- 発音を促す,聴力障害 -- 後方から声をかける,認知症 -- 患者のペースに合わせて話す,失　語 -- 言葉の誤りを繰り返し訂正する,,C,,false,,false,notebooklm,2026-04-05T01:24:41.674Z
2015_nrs_15_am039,nursing,2015,39,3.看護における基本技術,E.フィジカルアセスメント,身体診察（視診、触診、聴診、打診）の基本,3,フィジカルアセスメントにおいて触診で判断するのはどれか。,腱反射の有無,瞬目反射の有無,腸蠕動運動の有無,リンパ節の腫脹の有無,,D,,false,,false,notebooklm,2026-04-05T01:24:41.674Z
2015_nrs_15_am040,nursing,2015,40,3.看護における基本技術,G.安全管理＜セーフティマネジメント＞,針刺しの予防と対策,3,針刺し事故対策で最も適切なのはどれか。,針刺し部位を消毒液に浸す。,注射針のリキャップを習慣化する。,事故の当事者を対象にした研修を行う。,使用済みの針は専用容器に廃棄することを徹底する。,,D,,false,,false,notebooklm,2026-04-05T01:24:41.674Z
2015_nrs_15_am041,nursing,2015,41,4.日常生活援助技術,D.活動と運動,活動と運動を促す援助,3,片麻痺のある患者の歩行介助で正しいのはどれか。,患者の患側に立つ。,靴底は摩擦が少ないものを準備する。,杖を使用する場合は杖を持つ側で介助する。,階段を昇る場合は患側下肢から昇るように指導する。,,A,,false,,false,notebooklm,2026-04-05T01:24:41.674Z
2015_nrs_15_am042,nursing,2015,42,5.診療に伴う看護技術,A.呼吸、循環、体温調整,体温調整のための方法,3,冷罨法の目的はどれか。,腸蠕動の促進,筋緊張の除去,機能訓練の前処置,局所の炎症の抑制,,D,,false,,false,notebooklm,2026-04-05T01:24:41.674Z
2015_nrs_15_am043,nursing,2015,43,5.診療に伴う看護技術,E.救命救急処置,一次救命処置＜BLS＞,3,胃洗浄を行うときの体位で最も適切なのはどれか。,仰臥位,腹臥位,左側臥位,右側臥位,,C,,false,,false,notebooklm,2026-04-05T01:24:41.674Z
2015_nrs_15_am044,nursing,2015,44,5.周術期にある患者と家族の看護,A.術前の看護,術後合併症のリスクアセスメントと援助術前オリエンテーション,3,"Aさん（59歳、男性）は、糖尿病で内服治療中、血糖コントロールの悪化を契機に膵癌と診断され手術予定である。HbA1c7.0%のため、手術の7日前に入院し、食事療法、内服薬およびインスリンの皮下注射で血糖をコントロールしている。Aさんは、空腹感とインスリンを使うことの不安とで、怒りやすくなっている。,,
Aさんに対する説明で適切なのはどれか。",｢手術によって糖尿病は軽快します｣,｢術後はインスリンを使用しません｣,｢少量であれば間食をしても大丈夫です｣,「血糖のコントロールは術後の合併症を予防するために必要です｣,,D,,false,,false,notebooklm,2026-04-05T01:24:41.674Z
2015_nrs_15_am045,nursing,2015,45,5.周術期にある患者と家族の看護,D.術後合併症と予防,術後出血,3,"冠動脈バイパス術＜CABG＞後5時間が経過したとき、心嚢ドレーンからの排液が減少し、血圧低下と脈圧の狭小化とがあり、｢息苦しい｣と患者が訴えた。,,
最も考えられるのはどれか。",肺梗塞,不整脈,心筋虚血,心タンポナーデ,,D,,false,,false,notebooklm,2026-04-05T01:24:41.674Z
2015_nrs_15_am046,nursing,2015,46,5.周術期にある患者と家族の看護,B.術中の看護,麻酔による影響と援助,3,"Aさん（48歳、男性）は、直腸癌のため全身麻酔下で手術中、出血量が多く輸血が行われていたところ、41℃に体温が上昇し、頻脈となり、血圧が低下した。麻酔科医は下顎から頸部の筋肉の硬直を確認した。既往歴に特記すべきことはない。,,
この状況の原因として考えられるのはどれか。",アナフィラキシー,悪性高熱症,菌血症,貧　血,,B,,false,,false,notebooklm,2026-04-05T01:24:41.674Z
2015_nrs_15_am047,nursing,2015,47,5.呼吸機能,A.呼吸器系の疾患の病態と診断・治療,炎症性疾患（気管支炎、肺炎、間質性肺炎、胸膜炎）,3,慢性副鼻腔炎についての説明で適切なのはどれか。,1週間の内服で症状が軽減すれば受診の必要はない。,発症後1週は空気感染の危険性がある。,眼窩内感染を起こす危険性がある。,透明の鼻汁が特徴的である。,,C,,false,,false,notebooklm,2026-04-05T01:24:41.674Z
2015_nrs_15_am048,nursing,2015,48,20.排尿機能障害のある患者の看護,A.原因と障害の程度のアセスメントと看護,蓄尿・排尿障害,3,過活動膀胱の説明で正しいのはどれか。,尿意切迫感がある。,失禁することはない。,水分を制限して治療する。,50歳台の有病率が最も高い。,,A,,false,,false,notebooklm,2026-04-05T01:24:41.674Z
2015_nrs_15_am049,nursing,2015,49,1.高齢者の理解の基本となる概念,A.老年期の発達と変化,老年期の発達課題,3,ハヴィガースト，R.J.による発達課題のうち、老年期の発達課題はどれか。,健康の衰退に適応する。,大人の余暇活動を充実する。,個人としての自立を達成する。,大人の社会的な責任を果たす。,,A,,false,,false,notebooklm,2026-04-05T01:24:41.674Z
2015_nrs_15_am050,nursing,2015,50,4.老年看護の基本,B.老年看護の倫理,高齢者差別（スティグマ、エイジズム）,3,エイジズムを示す発言はどれか。,｢介護を要する高齢者を社会で支えるべきだ｣,｢後期高齢者は車の運転免許証を返納するべきだ｣,｢認知症の患者の治療方針は医療従事者が決めるべきだ｣,｢高齢者が潜在的に持つ力を発揮できるような環境を整えるべきだ｣,,B,,false,,false,notebooklm,2026-04-05T01:24:41.674Z
2015_nrs_15_am051,nursing,2015,51,9.多様な場で生活する高齢者を支える看護,F.多職種連携、チームアプローチ,多職種の中での専門性の発揮目標達成に向けた連携の方法,3,高齢者の栄養管理について栄養サポートチーム＜NST＞と連携するときに、病棟看護師が行う看護活動で最も適切なのはどれか。,同時期に他のサポートチームが介入しないようにする。,栄養管理が不十分な高齢者のケアについて助言を得る。,家族にも栄養サポートチーム＜NST＞の一員になるよう勧める。,経管栄養法を行っている高齢者数を減らす方法を一緒に考える。,,B,,false,,false,notebooklm,2026-04-05T01:24:41.674Z
2015_nrs_15_am052,nursing,2015,52,6.さまざまな健康状態や受療状況に応じた高齢者の看護,E.終末期にある高齢者と家族への看護,苦痛の緩和と安楽への援助,3,"Aさん（102歳、女性）は、重度の廃用症候群のために5年前から発語が少なく体を動かすことができない。誤嚥性肺炎で入退院を繰り返し、終末期である。同居している家族は積極的な治療をしないことを希望し、自宅でAさんを看取ることを決めた。,,
Aさんの家族への退院時の指導で最も適切なのはどれか。",｢24時間付き添ってあげましょう｣,｢おむつの重さで尿量を測定しましょう｣,｢苦しそうになったら救急車を呼びましょう｣,｢Aさんが食べたければ食べさせてあげましょう｣,,D,,false,,false,notebooklm,2026-04-05T01:24:41.674Z
2015_nrs_15_am053,nursing,2015,53,2.子どもの成長・発達,B.子どもの成長・発達のアセスメント,身体発育の評価,3,"Aちゃん（生後10か月、男児）は、先天性心疾患のため手術を受けた。Aちゃんの体重の変化を図に示す。,,
手術後から現在までの体重の変化に対する評価で適切なのはどれか。",体重増加の不良,過度な体重増加,標準的な体重増加,キャッチアップ現象,,D,,true,,false,notebooklm,2026-04-05T01:24:41.674Z
2015_nrs_15_am054,nursing,2015,54,2.子どもの成長・発達,C.小児期における成長・発達の特徴,運動器系,3,小児の骨折の特徴で正しいのはどれか。,不全骨折しやすい。,圧迫骨折しやすい。,骨折部が変形しやすい。,骨癒合不全を起こしやすい。,,A,,false,,false,notebooklm,2026-04-05T01:24:41.674Z
2015_nrs_15_am055,nursing,2015,55,1.母性看護の対象を取り巻く環境や社会の変遷,C.働く妊産婦への支援に関する法や施策,労働基準法,3,就労している妊婦に適用される措置と根拠法令との組合せで正しいのはどれか。,時差出勤 -- 母子保健法,産前産後の休業 -- 児童福祉法,軽易業務への転換 -- 母体保護法,危険有害業務の制限 -- 労働基準法,,D,,false,,false,notebooklm,2026-04-05T01:24:41.674Z
2015_nrs_15_am056,nursing,2015,56,3.女性のライフサイクル各期における看護,B.思春期・成熟期女性の健康課題,月経異常、月経随伴症状,3,低用量経口避妊薬について正しいのはどれか。,血栓症のリスクは増加しない。,1日飲み忘れたときは中止する。,授乳期間を通じて内服は可能である。,副効用に月経前症候群＜PMS＞の軽減がある。,,D,,false,,false,notebooklm,2026-04-05T01:24:41.674Z
2015_nrs_15_am057,nursing,2015,57,4.妊娠期の看護,A.正常な妊娠経過と妊娠期の異常,常位胎盤早期剥離,3,常位胎盤早期剝離のリスク因子はどれか。,肥　満,妊娠糖尿病,帝王切開術の既往,妊娠高血圧症候群,,D,,false,,false,notebooklm,2026-04-05T01:24:41.674Z
2015_nrs_15_am058,nursing,2015,58,1.精神保健の基本,A.精神の健康の概念,精神障害の一次予防・二次予防・三次予防,3,地域精神保健活動における二次予防はどれか。,精神科病院で統合失調症患者に作業療法を行う。,精神疾患患者に再燃を予防するための教育を行う。,地域の住民を対象にストレスマネジメントの講演会を行う。,会社の健康診断でうつ傾向があると判定された人に面接を行う。,,D,,false,,false,notebooklm,2026-04-05T01:24:41.674Z
2015_nrs_15_am059,nursing,2015,59,2.主な精神疾患・障害の特徴と看護,A.症状性を含む器質性精神障害,臨床検査および心理検査と看護薬物療法と看護,3,疾患と確定診断のために用いられる検査との組合せで最も適切なのはどれか。,脳　炎 -- 脳脊髄液検査,パニック障害 -- 脳波検査,特発性てんかん -- 頭部MRI,パーソナリティ障害 -- 頭部CT,,A,,false,,false,notebooklm,2026-04-05T01:24:41.674Z
2015_nrs_15_am060,nursing,2015,60,4.精神疾患・障害がある者とその家族への看護,B.心理・社会的療法,生活技能訓練＜SST＞,3,生活技能訓練＜SST＞について正しいのはどれか。,退院支援プログラムの1つである。,診断を確定する目的で実施される。,セルフヘルプグループの一種である。,精神分析の考え方を応用したプログラムである。,,A,,false,,false,notebooklm,2026-04-05T01:24:41.674Z
2015_nrs_15_am061,nursing,2015,61,6.精神保健医療福祉の変遷と法や施策,B.精神保健医療福祉の変遷と看護,日本における精神医療の変遷,3,精神保健法から精神保健及び精神障害者の福祉に関する法律への改正で行われたのはどれか。,私宅監置の廃止,任意入院の新設,通院医療公費負担制度の導入,精神障害者保健福祉手帳制度の創設,,D,,false,,false,notebooklm,2026-04-05T01:24:41.674Z
2015_nrs_15_am062,nursing,2015,62,4.地域・在宅看護実践をめぐる制度の概要,A.訪問看護制度の理解,訪問看護の対象と提供方法,3,介護保険被保険者で介護保険による訪問看護が提供されるのはどれか。,脳血管疾患,末期の結腸癌,脊髄小脳変性症,進行性筋ジストロフィー,,A,,false,,false,notebooklm,2026-04-05T01:24:41.674Z
2015_nrs_15_am063,nursing,2015,63,4.地域・在宅看護実践をめぐる制度の概要,A.訪問看護制度の理解,訪問看護の対象と提供方法,3,訪問看護ステーションの管理・運営について正しいのはどれか。,事務所を設置する必要はない。,訪問看護の利用回数の調整は市町村が行う。,利用者が希望すれば訪問看護の記録を開示する。,利用者とのサービス契約後に重要事項を説明する。,,C,,false,,false,notebooklm,2026-04-05T01:24:41.674Z
2015_nrs_15_am064,nursing,2015,64,1.看護におけるマネジメント,E.医療安全を維持する仕組みと対策,安全管理体制整備、医療安全文化の醸成,3,医療安全と関連する方法の組合せで誤っているのはどれか。,院内感染対策 -- プライマリナーシング,事故防止対策 -- インシデントレポート,医療の質の保証 -- クリニカルパス,手術時の安全対策 -- タイムアウト,,A,,false,,false,notebooklm,2026-04-05T01:24:41.674Z
2015_nrs_15_am065,nursing,2015,65,1.看護におけるマネジメント,D.看護業務に関する情報に係る技術と取扱い,医療・看護業務に関する情報の活用と保管,3,診療情報を第三者に開示する際、個人情報の保護として正しいのはどれか。,死亡した患者の情報は対象にならない。,個人情報の利用目的を特定する必要はない。,特定機能病院では本人の同意なく開示できる。,法令に基づく保健所への届出に関して本人の同意は不要である。,,D,,false,,false,notebooklm,2026-04-05T01:24:41.674Z
2015_nrs_15_am066（不備問題複数回答）,nursing,2015,0,看護の統合と実践,,,3,"Aさん（75歳、男性）は、2型糖尿病で超速効型インスリンによる治療を行っている。,,
災害に備えてAさんに指導する必要があるのはどれか。",開封したインスリンは1年間使用できる。,使用しているインスリンの名称を正確に覚える。,消毒薬の入手が難しい場合は消毒せずに注射してもよい。,平常時と同じように非常時もインスリン注射は食前に行う。,,B,C,,false,,false,notebooklm,2026-04-05T01:24:41.674Z
2015_nrs_15_am067,nursing,2015,67,3.国際化と看護,A.グローバル化に伴う世界の健康目標と課題,世界共通の健康目標人間の安全保障,3,国際機関と事業内容の組合せで正しいのはどれか。,国連難民高等弁務官事務所＜UNHCR＞ -- 有償資金協力,国連教育科学文化機関＜UNESCO＞ -- 児童の健康改善,世界保健機関＜WHO＞ -- 感染症対策,国際労働機関＜ILO＞ -- 平和維持活動,,C,,false,,false,notebooklm,2026-04-05T01:24:41.674Z
2015_nrs_15_am068,nursing,2015,68,4.疾病にたいする医療,A.診断の基本と方法,画像検査,3,"頭部CTを別に示す。,,
出血部位について正しいのはどれか。",皮下組織,硬膜外腔,くも膜下腔,脳実質内,脳室内,B,,false,,false,notebooklm,2026-04-05T01:24:41.674Z
2015_nrs_15_am069,nursing,2015,69,6.循環機能,C.血圧異常の病態と診断・治療,動脈硬化症,3,動脈硬化を直視して評価できる血管はどれか。,冠動脈,眼底動脈,大腿動脈,腹部大動脈,中大脳動脈,B,,false,,false,notebooklm,2026-04-05T01:24:41.674Z
2015_nrs_15_am070,nursing,2015,70,11.免疫機能,B.アレルギー性疾患の病態と診断・治療,接触皮膚炎,3,接触性皮膚炎の原因となるアレルギー反応で正しいのはどれか。,Ⅰ　型,Ⅱ　型,Ⅲ　型,Ⅳ　型,Ⅴ　型,D,,false,,false,notebooklm,2026-04-05T01:24:41.674Z
2015_nrs_15_am071,nursing,2015,71,4.日常生活援助技術,C.排泄,自然な排泄が困難な人への援助,3,"膀胱留置カテーテルの写真を別に示す。,,
成人女性に膀胱留置カテーテルが挿入されている場合、体内に留置されている長さで最も適切なのはどれか。",①,②,③,④,⑤,C,,false,,false,notebooklm,2026-04-05T01:24:41.674Z
2015_nrs_15_am072,nursing,2015,72,11.循環機能障害のある患者の看護,C.治療を受ける患者への看護,血栓溶解療法、血栓除去術,3,"Aさん（60歳、男性）は、胃癌の手術目的で入院した。大動脈弁置換術を受けた既往があり、内服していたワルファリンをヘパリンに変更することになった。,,
確認すべきAさんの検査データはどれか。",PT-INR,赤血球数,白血球数,出血時間,ヘモグロビン値,A,,false,,false,notebooklm,2026-04-05T01:24:41.674Z
2015_nrs_15_am073,nursing,2015,73,12.消化・吸収機能障害のある患者への看護,D.病期や機能障害に応じた看護,人工肛門造設後,3,膀胱癌のため尿路ストーマを造設する予定の患者への説明で適切なのはどれか。,｢尿道の一部を体外に出して排泄口を造ります｣,｢尿意を感じたらトイレで尿を捨てます｣,｢ストーマの装具は毎日貼り替えます｣,｢ストーマに装具を付けて入浴します｣,｢水分の摂りすぎに注意が必要です｣,D,,false,,false,notebooklm,2026-04-05T01:24:41.674Z
2015_nrs_15_am074,nursing,2015,74,9.多様な場で生活する高齢者を支える看護,C.地域でサービスを利用しながら暮らす高齢者の暮らしと看護,地域密着型サービスの種類と特徴居宅サービスの種類と特徴,3,認知症対応型共同生活介護（認知症高齢者グループホーム）で正しいのはどれか。,光熱費は自己負担である。,12人を1つのユニットとしている。,看護師の配置が義務付けられている。,介護保険制度の施設サービスである。,臨死期は提携している病院に入院する。,A,,false,,false,notebooklm,2026-04-05T01:24:41.674Z
2015_nrs_15_am075,nursing,2015,75,1.子どもと家族を取り巻く環境,B.子どもの権利,子どもの権利擁護＜アドボカシー＞,3,"Aちゃん（3歳、女児）は、病室で朝食を食べていた。そこに、医師が訪室して採血を行いたいと話したところ、Aちゃんは何も答えず下を向いて泣き始めた。その様子を見ていた看護師は、Aちゃんは朝食を中断して採血されるのは嫌だと思っているようなので、朝食後に採血して欲しいと医師に話した。,,
この看護師の対応の根拠となる概念はどれか。",アセント,コンセント,アドボカシー,ノーマライゼーション,ノンコンプライアンス,C,,false,,false,notebooklm,2026-04-05T01:24:41.674Z
2015_nrs_15_am076,nursing,2015,76,2.子どもの成長・発達,B.子どもの成長・発達のアセスメント,身体発育の評価,3,3か月の乳児の親に対する問診で適切でないのはどれか。,｢寝返りをしますか｣,｢あやすとよく笑いますか｣,｢物を見て上下左右に目で追いますか｣,｢アーアー、ウーウーなど声を出しますか｣,｢腹ばいにすると腕で体を支えて頭を持ち上げますか｣,A,,false,,false,notebooklm,2026-04-05T01:24:41.674Z
2015_nrs_15_am077,nursing,2015,77,16.生殖機能,A.生殖器系の疾患の病態と診断・治療,生殖機能障害（月経異常、更年期障害）,3,萎縮性腟炎に伴う状態について正しいのはどれか。,性交痛,白色の帯下,腟壁の肥厚化,腟の自浄作用の亢進,エストロゲン分泌の増加,A,,false,,false,notebooklm,2026-04-05T01:24:41.674Z
2015_nrs_15_am078,nursing,2015,78,2.主な精神疾患・障害の特徴と看護,D.気分＜感情＞障害,臨床検査および心理検査と看護薬物療法と看護,3,"うつ病で入院している患者が｢自分は重大な過ちで皆に迷惑をかけてしまいました。死んでおわびします｣という妄想を訴えた。,,
この患者にみられるのはどれか。",罪業妄想,心気妄想,追跡妄想,被毒妄想,貧困妄想,A,,false,,false,notebooklm,2026-04-05T01:24:41.674Z
2015_nrs_15_am079,nursing,2015,79,7.在宅療養生活を支える看護,C.在宅療養者の排泄を支えるケア,ストーマケア用品の種類と使用,3,"訪問看護師が人工肛門を造設して退院した在宅療養者を訪問すると｢便が漏れるため外出ができない｣と相談を受けた。観察すると、ストーマパウチの面板が皮膚に密着していない。,,
看護師の対応で適切なのはどれか。",無菌操作で交換する。,頻回に交換するよう説明する。,面板を温めて皮膚に貼付する。,面板を人工肛門より小さめに切る。,腹壁の皮膚を寄せて面板を貼付する。,C,,false,,false,notebooklm,2026-04-05T01:24:41.674Z
2015_nrs_15_am080,nursing,2015,80,2.災害と看護,B.災害各期の特徴と看護,災害各期の特徴,3,トリアージタグを装着する部位の優先順位で適切なのはどれか。,頸部→右手→左手→右足→左足,頸部→左手→左足→右手→右足,右手→右足→左手→左足→頸部,右手→左手→右足→左足→頸部,左手→右手→左足→右足→頸部,D,,false,,false,notebooklm,2026-04-05T01:24:41.674Z
2015_nrs_15_am081,nursing,2015,81,5.感覚器系,D.平衡感覚,平衡覚とその伝導路,3,立ち直り反射に関与するのはどれか。2つ選べ。,視細胞,コルチ器,圧受容器,化学受容器,頸筋の筋紡錘,A,E,,false,,true,notebooklm,2026-04-05T01:24:41.674Z
2015_nrs_15_am082,nursing,2015,82,10.全身の感染性疾患,A.感染性疾患の病態と診断・治療,ウイルスによる感染症（インフルエンザ、流行性耳下腺炎＜ムンプス＞、麻疹、風疹、エボラ出血熱、コロナウイルス感染症、ヒト免疫不全ウイルス＜HIV＞感染症）,3,ヒト免疫不全ウイルス＜HIV＞の感染経路で正しいのはどれか。2つ選べ。,感染者の嘔吐物との接触,感染者の咳による曝露,感染者の糞便との接触,感染者からの輸血,感染者との性行為,D,E,,false,,true,notebooklm,2026-04-05T01:24:41.674Z
2015_nrs_15_am083,nursing,2015,83,15.排泄機能,A.泌尿器系の疾患の病態と診断・治療,腎不全,3,慢性腎不全によって起こるのはどれか。2つ選べ。,低血圧,低リン血症,低カリウム血症,低カルシウム血症,代謝性アシドーシス,D,E,,false,,true,notebooklm,2026-04-05T01:24:41.674Z
2015_nrs_15_am084,nursing,2015,84,1.母性看護の対象を取り巻く環境や社会の変遷,D.女性の健康支援に関する法や施策,配偶者からの暴力の防止及び被害者の保護等に関する法律＜DV防止法＞,3,配偶者からの暴力の防止及び被害者の保護に関する法律に定められているのはどれか。2つ選べ。,離婚調停の支援,成年後見制度の利用,保健所による自立支援,婦人相談員による相談,裁判所による接近禁止命令,D,E,,false,,true,notebooklm,2026-04-05T01:24:41.674Z
2015_nrs_15_am085,nursing,2015,85,5.診療に伴う看護技術,F. 生体機能のモニタリング,経皮的動脈血酸素飽和度＜SpO2＞の測定、血糖測定,3,パルスオキシメータによる経皮的動脈血酸素飽和度＜SpO2＞の測定に適した部位はどれか。2つ選べ。,背　部,上　腕,指　先,耳たぶ,大腿部,C,D,,false,,true,notebooklm,2026-04-05T01:24:41.674Z
2015_nrs_15_am086,nursing,2015,86,17.脳・神経機能障害のある患者の看護,D.病期や機能障害に応じた看護,脊髄損傷,3,"Aさん（60歳、男性）は、転倒して第5頸椎レベルの脊髄を損傷した。肩を上げることはできるが、上肢はわずかに指先を動かせる程度である。呼吸数22/分、脈拍86/分、血圧100/70mmHg、経皮的動脈血酸素飽和度＜SpO2＞97%であった。Aさんは｢息がしづらい｣と言っている。,,
Aさんの状態で適切なのはどれか。2つ選べ。",低酸素血症がある。,胸郭運動がみられる。,無気肺を起こしやすい。,腹式呼吸を行っている。,閉塞性換気障害を起こしている。,C,D,,false,,true,notebooklm,2026-04-05T01:24:41.674Z
2015_nrs_15_am087,nursing,2015,87,15.内分泌機能障害のある患者の看護,D.病期や機能障害に応じた看護,甲状腺疾患（甲状腺機能充進症、甲状腺機能低下症）,3,"Aさん（35歳、女性、会社員）は、動悸、手指の震え及び体重減少があり、受診したところ、頻脈と眼球突出とを指摘され抗甲状腺薬の内服を開始した。Aさんは看護師に｢仕事のストレスは寝る前にビールを飲むことで解消するようにしているが、ちょっとしたことでイライラして眠れない｣と話した。,,
Aさんへの説明で適切なのはどれか。2つ選べ。",｢仕事を休みましょう｣,｢禁酒する必要があります｣,｢積極的に運動しましょう｣,｢発熱したときは受診してください｣,｢病気が原因でイライラしやすくなります｣,D,E,,false,,true,notebooklm,2026-04-05T01:24:41.674Z
2015_nrs_15_am088,nursing,2015,88,21.性・生殖・乳腺機能障害のある患者の看護,D.病期や機能障害に応じた看護,腫瘍（乳癌、子宮体癌、子宮頸癌、卵巣癌、精巣腫瘍）,3,"Aさん（42歳、女性）は、2週前から腰痛と坐骨神経痛とを発症し整形外科で処方された鎮痛薬を内服している。帯下が増えて臭いもあるため婦人科を受診し、子宮頸癌と診断された。,,
進行期を決めるためにAさんに行われる検査で適切なのはどれか。2つ選べ。",ヒトパピローマウイルス検査,小腸内視鏡検査,腎盂尿管造影,脊髄造影,CT,C,E,,false,,true,notebooklm,2026-04-05T01:24:41.674Z
2015_nrs_15_am089,nursing,2015,89,2.子どもの成長・発達,C.小児期における成長・発達の特徴,免疫系,3,児の免疫に関する説明で正しいのはどれか。2つ選べ。,胎児期は胎盤を通じて母体からIgGを受け取る。,出生後は母乳からIgMを受け取る。,生後3か月ころに免疫グロブリンが最も少なくなる。,1歳ころから抗体の産生が盛んになる。,3歳ころにIgAが成人と同じレベルに達する。,A,C,,false,,true,notebooklm,2026-04-05T01:24:41.674Z
2015_nrs_15_am090,nursing,2015,90,5.診療に伴う看護技術,D.輸液・輸血管理,輸液・輸血の管理方法,3,"500mLの輸液を50滴/分の速度で成人用輸液セットを用いて順調に滴下し、現在80分が経過した。,,
このときの輸液の残量を求めよ。,,
ただし、小数点以下の数値が得られた場合には、小数点以下第1位を四捨五入すること。,,
システムの都合上選択肢を表示できません。各自で0～9の数字を組合せて回答してください。,,
,,
解答：①②③mL",x,x,x,x,,,,false,,false,notebooklm,2026-04-05T01:24:41.674Z
2015_nrs_15_am091,nursing,2015,91,10.呼吸機能障害のある患者の看護,D.病期や機能障害に応じた看護,呼吸器感染症（肺炎、気管支炎、胸膜炎、肺結核、膿胸）,3,この時点でのAさんのアセスメントで誤っているのはどれか。,脱水である。,意識障害がある。,アシドーシスである。,ショック状態である。,,D,,false,,false,notebooklm,2026-04-05T01:24:41.674Z
2015_nrs_15_am092,nursing,2015,92,10.呼吸機能障害のある患者の看護,C.治療を受ける患者の看護,侵襲的・非侵襲的陽圧換気,3,"Aさんは肺炎による急性呼吸不全と診断され、点滴、膀胱留置カテーテルの挿入および気管内挿管が実施された。,,
このときのAさんの観察で最も注意すべき状態はどれか。",乏　尿,血圧上昇,末梢冷感,下肢の浮腫,呼吸音の減弱,E,,false,,false,notebooklm,2026-04-05T01:24:41.675Z
2015_nrs_15_am093,nursing,2015,93,5.診療に伴う看護技術,A.呼吸、循環、体温調整,排痰法の適応と方法,3,"Aさんは、胸部エックス線写真で右中下肺野の浸潤影が認められ、膿性の痰が吸引されている。,,
このときの体位ドレナージで最も効果的なのはどれか。",右30°側臥位,左30°側臥位,右前傾側臥位,左前傾側臥位,腹臥位,D,,false,,false,notebooklm,2026-04-05T01:24:41.675Z
2015_nrs_15_am094,nursing,2015,94,15.排泄機能,A.泌尿器系の疾患の病態と診断・治療,腎炎、慢性腎臓病,3,確定診断のために必要な検査はどれか。,腎生検,尿細胞診,腎血管造影,腹部超音波検査,腎シンチグラフィ,A,,false,,false,notebooklm,2026-04-05T01:24:41.675Z
2015_nrs_15_am095,nursing,2015,95,14.内部環境（体液量、電解質、酸塩基平衡）調節機能障害のある患者の看護,C.治療を受ける患者への看護,食事療法,3,"AさんはIgA腎症と診断され、塩分1日6gの減塩食が開始された。入院前は塩辛いものが好物で外食が多かったAさんは｢味が薄くて食べた気がしない。退院後も続けられるかな｣と話している。,,
このときの対応で最も適切なのはどれか。",｢つらいですが慣れてきます｣,｢最初に甘いものを食べてください｣,｢各食事で均等に塩分を摂取しましょう｣,｢酸味や香味を利用するとよいでしょう｣,｢市販のレトルト食品は塩分が少ないので活用するとよいです｣,D,,false,,false,notebooklm,2026-04-05T01:24:41.675Z
2015_nrs_15_am096,nursing,2015,96,14.内部環境（体液量、電解質、酸塩基平衡）調節機能障害のある患者の看護,D.病期や機能障害に応じた看護,慢性腎不全,3,"Aさんは退院後、仕事が忙しくなり一度も受診をせずに2年が経過した。2か月前から疲れやすくなったが、仕事のせいだと思い放置していた。1週前から息切れ、食欲不振および浮腫があり、昨日から眠気、悪心および嘔吐が出現したため外来を受診した。体温36.5℃、脈拍98/分、血圧238/112mmHgであった。血液検査データは、尿素窒素100mg/dL、クレアチニン12.0mg/dL、Hb7.1g/dL。胸部エックス線写真で心拡大と肺うっ血とが認められ入院した。,,
直ちに行われるのはどれか。2つ選べ。",輸　血,血液透析,利尿薬の内服,胸腔ドレナージ降圧薬の点滴静脈内注射,降圧薬の点滴静脈内注射,B,E,,false,,true,notebooklm,2026-04-05T01:24:41.675Z
2015_nrs_15_am097,nursing,2015,97,5.高齢者の生活を支える看護,C.高齢者の食事・食生活の特徴と援助,高齢者の食事の特徴低栄養,3,"入所時の身長170cm、体重50kg。1か月間で体重が3kg減少した。血液検査データは、血清アルブミン3.2g/dL、CRP0.1mg/dL。反復唾液嚥下テストは30秒間で4回である。,,
Aさんの状態のアセスメントで適切なのはどれか。",流動食が必要である。,炎症反応が続いている。,認知症による摂食行動の問題がある。,タンパク質・エネルギー低栄養状態＜PEM＞である。,,D,,false,,false,notebooklm,2026-04-05T01:24:41.675Z
2015_nrs_15_am098,nursing,2015,98,9.多様な場で生活する高齢者を支える看護,B.介護保険施設に入所する高齢者の暮らしと看護,介護保険施設における健康管理,3,"介護老人保健施設の看護師は、入所時にAさんと妻と面談をした。,,
このときの面談内容で適切なのはどれか。",自宅の改修を提案する。,ベッド上安静の必要性を説明する。,急変時の救急搬送の希望を確認する。,通所リハビリテーションの利用を提案する。,,C,,false,,false,notebooklm,2026-04-05T01:24:41.675Z
2015_nrs_15_am099,nursing,2015,99,2.高齢者の生活,B.その人らしい生活の継続,生活習慣,3,"入所後3日。Aさんは｢家では朝起きてすぐに歯磨きをして、口の中をすっきりさせて1日が始まった。ここでは、歯磨きは食後に介助すると言われたが、私は嫌だ｣と言い、不満な様子である。Aさんはベッドから車椅子への移乗に介助が必要であるが、歯ブラシとコップとを用いて自分で歯磨きができる。,,
このときのAさんへの対応で最も適切なのはどれか。",朝食前の歯磨きは効果がないと説明する。,朝食前の歯磨きの習慣を変更するように勧める。,朝食前の歯磨きの援助方法をAさんと相談する。,朝食前は職員が少ないので対応できないと謝罪する。,,C,,false,,false,notebooklm,2026-04-05T01:24:41.675Z
2015_nrs_15_am100,nursing,2015,100,4.病気や診療・入院が子どもと家族に与える影響と看護,E.痛みを表現している子どもと家族への看護,痛みの客観的評価,3,このときのA君に行う看護として最も適切なのはどれか。,起座位をとらせる。,食事の開始を検討する。,好きな玩具で遊ばせる。,痛みの程度を評価する。,解熱鎮痛薬を服薬させる。,D,,false,,false,notebooklm,2026-04-05T01:24:41.675Z
2015_nrs_15_am101,nursing,2015,101,4.病気や診療・入院が子どもと家族に与える影響と看護,G.感染対策上隔離が必要な子どもと家族への看護,隔離の目的・方法,3,"A君は病室内のトイレで排泄をしていた。看護師はマスク、手袋およびエプロンを着用しA君の排泄介助を行っていると、下着に便が付着していることに気付いた。看護師は、すぐにA君の下着を脱がせ流水で便を洗い流した。,,
下着の処理の方法で正しいのはどれか。",病室内のゴミ箱に捨てる。,病室内でエタノールに浸す。,病室内で次亜塩素酸ナトリウム溶液に浸す。,病室外の汚物処理室の感染性廃棄物用の容器に捨てる。,,C,,false,,false,notebooklm,2026-04-05T01:24:41.675Z
2015_nrs_15_am102,nursing,2015,102,4.病気や診療・入院が子どもと家族に与える影響と看護,A.病気に対する子どもの理解と説明,病気に対する子どもの理解の特徴,3,"入院後3日になったが両親は来院できない状況が続いている。A君は下痢が改善し体温も下がり笑顔がみられるようになった。看護師が清拭しながらA君と話していると｢僕がお母さんの言うことを聞かなかったから病気になっちゃったんだ｣と話した。,,
このときの看護師の対応で適切なのはどれか。",｢お母さんが悲しむからそんなことを言ってはいけないよ｣,｢気持ちは分かるけれど病気になったのはA君のせいではないよ｣,｢A君の言うとおりだとすると入院している子はみんな悪い子なのかな｣,｢お母さんの言うことを聞いていたら病気にならなかったかもしれないね｣,,B,,false,,false,notebooklm,2026-04-05T01:24:41.675Z
2015_nrs_15_am103,nursing,2015,103,2.子どもの成長・発達,C.小児期における成長・発達の特徴,消化器系,3,受診時の観察項目で優先度が高いのはどれか。,活　気,腹部膨満,腹部腫瘤,チアノーゼ,,B,,false,,false,notebooklm,2026-04-05T01:24:41.675Z
2015_nrs_15_am104,nursing,2015,104,7.急性期にある子どもと家族への看護,C.周手術期における子どもと家族への看護,手術後の身体状態のアセスメントと援助,3,"Aちゃんは、定期受診の1か月後、予定どおり会陰式肛門形成術を行った。術後2日、1日に6回の排便があり、造設された肛門周囲に発赤がみられている。,,
排便後の対応で最も適切なのはどれか。",石けんで洗浄する。,微温湯で洗浄する。,お尻拭きシートで拭き取る。,ポビドンヨードで消毒をする。,,B,,false,,false,notebooklm,2026-04-05T01:24:41.675Z
2015_nrs_15_am105,nursing,2015,105,7.急性期にある子どもと家族への看護,C.周手術期における子どもと家族への看護,退院に向けての援助,3,"術後2週、全身状態や創部の状態が安定し、肛門拡張のためのブジーが開始された。退院後もブジーを継続するため母親に指導を行うことになった。,,
ブジーの指導で正しいのはどれか。2つ選べ。",｢食後は避けてください｣,｢腹臥位で行ってください｣,｢できるだけ深く入れてください｣,｢排便があった日は行わなくてよいです｣,｢直腸の向きに沿ってゆっくり入れてください｣,A,E,,false,,true,notebooklm,2026-04-05T01:24:41.675Z
2015_nrs_15_am106,nursing,2015,106,3.女性のライフサイクル各期における看護,B.思春期・成熟期女性の健康課題,性感染症＜STI＞,3,Aさんの状態に最もあてはまる性感染症＜STD＞はどれか。,性器ヘルペス,尖圭コンジローマ,腟トリコモナス症,性器クラミジア感染症,,D,,false,,false,notebooklm,2026-04-05T01:24:41.675Z
2015_nrs_15_am107,nursing,2015,107,3.女性のライフサイクル各期における看護,B.思春期・成熟期女性の健康課題,性感染症＜STI＞,3,"Aさんは｢彼とは交際を続けたいので、性感染症＜STD＞のことは黙っていてもよいですか。今日、相談に来たことも彼には話していません｣と看護師に話した。,,
Aさんに対する看護師の対応で最も適切なのはどれか。",パートナーには話さなくてもよいと伝える。,パートナーに来院を促す電話をすると伝える。,Aさんが通う大学の保健センターの看護師に相談するよう勧める。,性感染症＜STD＞に罹患したことをAさんからパートナーに伝えるよう勧める。,,D,,false,,false,notebooklm,2026-04-05T01:24:41.675Z
2015_nrs_15_am108,nursing,2015,108,3.女性のライフサイクル各期における看護,B.思春期・成熟期女性の健康課題,性感染症＜STI＞,3,"Aさんは医師から｢パートナーにも感染の可能性があるので性交渉をしないように｣と説明を受けた。Aさんは看護師に｢パートナーとはいつから性交渉をしてもよいですか｣と相談した。,,
性交渉を再開する時期の説明で正しいのはどれか。",処方された内服薬をAさんが飲み終えた後,Aさんの性感染症＜STD＞の症状がなくなった後,パートナーが性感染症＜STD＞の検査を受けた後,Aさんとパートナーの性感染症＜STD＞の治癒が確認された後,,D,,false,,false,notebooklm,2026-04-05T01:24:41.675Z
2015_nrs_15_am109,nursing,2015,109,5.分娩期の看護,A.正常な分娩の経過と分娩期の異常,分娩経過と進行胎児心拍数,3,この時点でのAさんのアセスメントで適切なのはどれか。,胎児頻脈,前期破水,分娩第1期,妊娠高血圧症候群,,C,,false,,false,notebooklm,2026-04-05T01:24:41.675Z
2015_nrs_15_am110,nursing,2015,110,6.産褥期の看護,C.褥婦と家族への看護,母乳育児への支援,3,"午後2時30分、Aさんは3,300gの女児を正常分娩した。分娩時の出血量は200mLであった。産褥3日、体温37.0℃、脈拍76/分、血圧118/60mmHgであ,,
った。血液データは、Hb11g/dL、Ht35%であった。子宮底の位置は臍下2横指で硬く、赤色の悪露がみられた。乳房は左右とも張り、乳管の開口数は3本ずつで黄色の乳汁が分泌している。乳頭の伸びは少なく児が吸啜するまでに時間がかかっている。,,
看護師のAさんへの対応で最も適切なのはどれか。",鉄分の多い食事を勧める。,子宮底に冷罨法を行う。,乳頭のケアを行う。,授乳を中止する。,,C,,false,,false,notebooklm,2026-04-05T01:24:41.675Z
2015_nrs_15_am111,nursing,2015,111,6.産褥期の看護,C.褥婦と家族への看護,家族関係再構築の支援,3,"産褥4日、Aさんの体調は回復し、退院が決定した。夫に連れられて来た長男が赤ちゃんを珍しそうに見ている。Aさんは退院後に長男の退行現象が現れることを心配している。,,
Aさんへの説明で適切でないのはどれか。",｢長男と2人きりになる時間をつくるようにしましょう｣,｢長男と一緒に赤ちゃんのおむつを交換しましょう｣,｢長男にしっかりするように話しましょう｣,｢長男をほめて安心させましょう｣,,C,,false,,false,notebooklm,2026-04-05T01:24:41.675Z
2015_nrs_15_am112,nursing,2015,112,2.主な精神疾患・障害の特徴と看護,B.精神作用物質使用による精神・行動の障害,臨床検査および心理検査と看護薬物療法と看護,3,Aさんに認められるのはどれか。,病的酩酊,妻との共依存,コルサコフ症候群,アルコールに対する耐性,,D,,false,,false,notebooklm,2026-04-05T01:24:41.675Z
2015_nrs_15_am113,nursing,2015,113,2.主な精神疾患・障害の特徴と看護,B.精神作用物質使用による精神・行動の障害,臨床検査および心理検査と看護薬物療法と看護,3,"入院後2日、夜間にAさんは｢壁や布団に虫がたくさんいる｣と訴え、興奮して眠らなかった。,,
考えられるのはどれか。",振戦せん妄,アルコール幻覚症,レム睡眠行動障害,急性アルコール中毒,,A,,false,,false,notebooklm,2026-04-05T01:24:41.675Z
2015_nrs_15_am114,nursing,2015,114,4.精神疾患・障害がある者とその家族への看護,B.心理・社会的療法,集団精神療法、集団力動,3,"その後、薬物治療によって興奮は改善した。肝機能も改善し、夜間もよく眠れるようになったため、退院が決定した。,,
Aさんに対する退院時の説明で適切なのはどれか。2つ選べ。",｢仕事は辞めましょう｣,｢断酒会に参加しましょう｣,｢集団精神療法を受けましょう｣,｢飲酒しない日を週1日設けましょう｣,｢生活行動を家族に記録してもらいましょう｣,B,C,,false,,true,notebooklm,2026-04-05T01:24:41.675Z
2015_nrs_15_am115,nursing,2015,115,7.在宅療養生活を支える看護,B.在宅療養者の食事・栄養を支えるケア,應下を促すケア,3,夫に対する訪問看護師の対応として最も適切なのはどれか。,｢食事の介助に時間をかけましょう｣,｢胃瘻からの栄養量を増やしましょう｣,｢介助方法に問題があるかもしれません｣,｢嚥下食の宅配サービスを頼んでみましょう｣,｢飲み込みの状態に応じた食事を一緒に考えましょう｣,E,,false,,false,notebooklm,2026-04-05T01:24:41.675Z
2015_nrs_15_am116,nursing,2015,116,6.症状・疾患・治療に応じた地域・在宅看護,C.主な治療等に応じた在宅看護,人工呼吸療法,3,"6か月後、Aさんは呼吸障害と嚥下障害とが進行し、気管切開による人工呼吸療法を開始するために入院した。,,
退院に向けて病棟看護師が行う家族への気管内吸引の説明として最も適切なのはどれか。",夜間に定期的な吸引を行う。,就寝前に体位ドレナージを行う。,気道内圧が低下したら吸引する。,吸引時は気管カニューレのカフ圧を上げる。,,B,,false,,false,notebooklm,2026-04-05T01:24:41.675Z
2015_nrs_15_am117,nursing,2015,117,3.地域・在宅看護における安全と健康危機管理,A.在宅療養者の日常生活における安全管理,溺水、転倒・転落の防止,3,"Aさんは要介護5に区分が変更され、自宅で療養通所介護を利用することになった。退院後1か月、Aさんは療養通所介護の看護師に｢ゆっくりお風呂に入ってみたい｣と文字盤を使って話した。入浴を開始するにあたり、看護師と介護職員との間でカンファレンスを行うことになった。,,
検討する内容として優先順位が高いのはどれか。",夫の介護負担,座位の保持能力,緊急時の対応方法,入浴後の人工呼吸器の回路交換の方法,入浴時の関節可動域＜ROM＞訓練の実施,C,,false,,false,notebooklm,2026-04-05T01:24:41.675Z
2015_nrs_15_am118,nursing,2015,118,6.慢性疾患がある患者と家族の看護,D.社会的支援の獲得への援助,医療費助成制度の活用,3,"病棟看護師はAさんと夫とを交えてカンファレンスを行った。夫は｢妻は体力がとても落ちて、見ているのがつらいです。病気が進行すると動けなくなると聞きました。私は介護に自信がありません｣と不安を訴えた。,,
Aさんと夫への今後の不安に対する対応として最も適切なのはどれか。",生活保護の手続きをするよう促す。,要介護認定の申請手続きをするよう促す。,家事をしてくれる人を雇用するよう促す。,訪問リハビリテーションの利用を勧める。,,B,,false,,false,notebooklm,2026-04-05T01:24:41.675Z
2015_nrs_15_am119,nursing,2015,119,6.慢性疾患がある患者と家族の看護,D.社会的支援の獲得への援助,退院支援、退院調整,3,看護師が退院に向けて最も連携すべき職種はどれか。,理学療法士,管理栄養士,介護支援専門員,保健所の保健師,,C,,false,,false,notebooklm,2026-04-05T01:24:41.675Z
2015_nrs_15_am120,nursing,2015,120,9.終末期にある患者および緩和ケアを必要とする患者と家族への看護,B.エンド・オブ・ライフ・ケア＜end-of-life care＞,治療中止や療養の場の移行に対する意思決定支援,3,"退院後1か月。訪問看護ステーションの看護師が訪問した際、夫から｢妻は痛みで苦しんでいる様子はない。トイレと食事以外は眠っていることが多く、このまま死んでしまうのでしょうか。家で看取ることができるか不安です｣と相談を受けた。,,
夫への支援で最も適切なのはどれか。",夫に頑張るよう励ます。,病院に入院するよう提案する。,麻薬の量を増やすことを提案する。,Aさんが希望する看取りの場について再度話し合う。,,D,,false,,false,notebooklm,2026-04-05T01:24:41.675Z
2015_nrs_15_pm001,nursing,2015,1,1. 健康の定義と理解,B.健康に関する指標,平均寿命、平均寿命、健康寿命,3,日本の平成25年（2013年）における男性の平均寿命はどれか。,70.21年,75.21年,80.21年,85.21年,,C,,false,,false,notebooklm,2026-04-05T01:24:41.675Z
2015_nrs_15_pm002,nursing,2015,2,2. 健康に影響する要因,A.生活行動・習慣,喫煙、嗜好品,3,日本の平成24年（2012年）の国民健康・栄養調査における男性の喫煙習慣者の割合はどれか。,14.1%,34.1%,54.1%,74.1%,,B,,false,,false,notebooklm,2026-04-05T01:24:41.675Z
2015_nrs_15_pm003,nursing,2015,3,2. 健康に影響する要因,B.生活環境,水質、大気、土壌,3,地球温暖化をもたらす温室効果ガスはどれか。,酸　素,水　素,窒　素,二酸化炭素,,D,,false,,false,notebooklm,2026-04-05T01:24:41.675Z
2015_nrs_15_pm004,nursing,2015,4,4.看護における倫理,A.基本的人権の擁護,自己決定権と患者の意思,3,終末期に自分がどのような医療を受けたいかをあらかじめ文書で示しておくのはどれか。,アドヒアランス,リビングウィル,セカンドオピニオン,インフォームド・コンセント,,B,,false,,false,notebooklm,2026-04-05T01:24:41.675Z
2015_nrs_15_pm005,nursing,2015,5,5.看護に関わる基本的法律,A.保健師助産師看護師法,保健師・助産師・看護師の業務,3,医師の指示がある場合でも看護師に禁止されている業務はどれか。,静脈内注射,診断書の交付,末梢静脈路の確保,人工呼吸器の設定の変更,,B,,false,,false,notebooklm,2026-04-05T01:24:41.675Z
2015_nrs_15_pm006,nursing,2015,6,7.人間のライフサイクル各期の特徴と生活,D.学童期,運動能力の発達、体力の特徴,3,学童期の正常な脈拍数はどれか。,50～70/分,80～100/分,110～130/分,140～160/分,,B,,false,,false,notebooklm,2026-04-05T01:24:41.675Z
2015_nrs_15_pm007,nursing,2015,7,7.人間のライフサイクル各期の特徴と生活,G.老年期,身体的機能の変化,3,加齢に伴い老年期に上昇するのはどれか。,腎血流量,最大換気量,空腹時血糖,神経伝導速度,,C,,false,,false,notebooklm,2026-04-05T01:24:41.675Z
2015_nrs_15_pm008,nursing,2015,8,9.主な看護活動の場と看護の機能,A.看護活動の場と機能・役割,病院、診療所,3,"医療法には「診療所とは、患者を入院させるための施設を有しないもの又は［　］人以下の患者を入院させるための施設を有するもの」と定められている。,,
［　］に入るのはどれか。",16,17,18,19,,D,,false,,false,notebooklm,2026-04-05T01:24:41.675Z
2015_nrs_15_pm009,nursing,2015,9,9.主な看護活動の場と看護の機能,A.看護活動の場と機能・役割,チーム医療,3,介護支援専門員が行うのはどれか。,通所介護の提供,福祉用具の貸与,短期入所生活介護の提供,居宅サービス計画の立案,,D,,false,,false,notebooklm,2026-04-05T01:24:41.675Z
2015_nrs_15_pm010,nursing,2015,10,10.人体の構造と機能,A.人体の基本的な構造と正常な機能,泌尿器系,3,成人の膀胱の平均容量はどれか。,100mL,500mL,"1,000mL","1,500mL",,B,,false,,false,notebooklm,2026-04-05T01:24:41.675Z
2015_nrs_15_pm011,nursing,2015,11,10.人体の構造と機能,A.人体の基本的な構造と正常な機能,運動系,3,不随意筋はどれか。,心　筋,僧帽筋,大殿筋,ヒラメ筋,,A,,false,,false,notebooklm,2026-04-05T01:24:41.675Z
2015_nrs_15_pm012,nursing,2015,12,11.徴候と疾患,A.主要な症状と徴候,ショック,3,特定の抗原となる物質によって生じるアレルギー反応で引き起こされるショックはどれか。,心原性ショック,出血性ショック,神経原性ショック,アナフィラキシーショック,,D,,false,,false,notebooklm,2026-04-05T01:24:41.675Z
2015_nrs_15_pm013,nursing,2015,13,11.徴候と疾患,A.主要な症状と徴候,咳嗽、喀痰,3,咳嗽が起こりやすいのはどれか。,右心不全,左心不全,心筋梗塞,肺梗塞,,B,,false,,false,notebooklm,2026-04-05T01:24:41.675Z
2015_nrs_15_pm014,nursing,2015,14,11.徴候と疾患,A.主要な症状と徴候,浮腫,3,浮腫が生じやすいのはどれか。,甲状腺機能亢進症,過剰な運動,低栄養,熱中症,,C,,false,,false,notebooklm,2026-04-05T01:24:41.675Z
2015_nrs_15_pm015,nursing,2015,15,11.徴候と疾患,C.基本的な臨床検査値の評価,血液学検査,3,貧血の診断に用いられるのはどれか。,血糖値,尿酸値,C反応性蛋白値,ヘモグロビン濃度,,D,,false,,false,notebooklm,2026-04-05T01:24:41.675Z
2015_nrs_15_pm016,nursing,2015,16,12.薬物の作用とその管理,A.主な薬物の効果と副作用（有害事象）,抗感染症薬,3,C型慢性肝炎に使用するのはどれか。,ドパミン,インスリン,リドカイン,インターフェロン,,D,,false,,false,notebooklm,2026-04-05T01:24:41.676Z
2015_nrs_15_pm017,nursing,2015,17,12.薬物の作用とその管理,B.薬物の管理,薬理効果に影響する要因,3,カルシウム拮抗薬の服用時に避けた方がよい食品はどれか。,納　豆,牛　乳,わかめ,グレープフルーツ,,D,,false,,false,notebooklm,2026-04-05T01:24:41.676Z
2015_nrs_15_pm018,nursing,2015,18,14.日常生活援助技術,D.清潔,洗髪,3,患者の洗髪の介助方法で適切なのはどれか。,脱脂綿で耳栓をする。,43～44℃の湯をかける。,指の腹を使って洗う。,強い振動を加えて洗う。,,C,,false,,false,notebooklm,2026-04-05T01:24:41.676Z
2015_nrs_15_pm019,nursing,2015,19,14.日常生活援助技術,D.清潔,清拭,3,全身清拭時、洗面器に準備する湯の温度で適切なのはどれか。,20～25℃,30～35℃,40～45℃,50～55℃,,D,,false,,false,notebooklm,2026-04-05T01:24:41.676Z
2015_nrs_15_pm020,nursing,2015,20,15.患者の安全・安楽を守る看護技術,C.感染対策対策,標準予防策<スタンダードプリコーション>,3,スタンダードプリコーションの対象はどれか。,汗,爪,唾　液,頭　髪,,C,,false,,false,notebooklm,2026-04-05T01:24:41.676Z
2015_nrs_15_pm021,nursing,2015,21,16.診療に伴う看護技術,A.栄養法,経管・経腸栄養法,3,経鼻経管栄養法の体位で適切なのはどれか。,Fowler＜ファウラー＞位,仰臥位,腹臥位,側臥位,,A,,false,,false,notebooklm,2026-04-05T01:24:41.676Z
2015_nrs_15_pm022,nursing,2015,22,16.診療に伴う看護技術,C.輸液・輸血管理,点滴静脈注射,3,成人用輸液セット1mL当たりの滴下数はどれか。,20滴,40滴,60滴,80滴,,A,,false,,false,notebooklm,2026-04-05T01:24:41.676Z
2015_nrs_15_pm023,nursing,2015,23,5.診療に伴う看護技術,A.呼吸、循環、体温調整,体温調整のための方法,3,ゴム製湯たんぽに入れる湯の温度で適切なのはどれか。,40℃程度,60℃程度,80℃程度,100℃程度,,B,,false,,false,notebooklm,2026-04-05T01:24:41.676Z
2015_nrs_15_pm024,nursing,2015,24,16.診療に伴う看護技術,E.呼吸管理,口腔内・鼻腔内吸引,3,鼻腔内の吸引で正しいのはどれか。,無菌操作で行う。,吸引圧をかけた状態で吸引チューブを挿入する。,鼻翼から一定の距離で固定して吸引する。,吸引チューブを回転させながら吸引する。,,D,,false,,false,notebooklm,2026-04-05T01:24:41.676Z
2015_nrs_15_pm025,nursing,2015,25,7.人間のライフサイクル各期の特徴と生活,B.新生児・乳児期,栄養,3,母乳栄養で不足しやすいのはどれか。,ビタミンA,ビタミンB,ビタミンC,ビタミンE,ビタミンK,E,,false,,false,notebooklm,2026-04-05T01:24:41.676Z
2015_nrs_15_pm026,nursing,2015,26,5.感覚器系,D.平衡感覚,平衡器官の構造,3,耳の感覚器と刺激との組合せで正しいのはどれか。,蝸牛管 -- 頭部の回転,球形嚢 -- 頭部の傾き,半規管 -- 鼓膜の振動,卵形嚢 -- 骨の振動,,B,,false,,false,notebooklm,2026-04-05T01:24:41.676Z
2015_nrs_15_pm027,nursing,2015,27,7.血液,C.血液型,ABO式、Rh式,3,血液型で正しいのはどれか。,日本人の15%はRh（-）である。,A型のヒトの血漿には抗B抗体がある。,B型のヒトの赤血球膜表面にはA抗原がある。,Coombs＜クームス＞試験でABO式の血液型の判定を行う。,,B,,false,,false,notebooklm,2026-04-05T01:24:41.676Z
2015_nrs_15_pm028,nursing,2015,28,11.消化器系,B.消化と吸収,消化管ホルモン,3,胃酸の分泌を抑制するのはどれか。,アセチルコリン,ガストリン,セクレチン,ヒスタミン,,C,,false,,false,notebooklm,2026-04-05T01:24:41.676Z
2015_nrs_15_pm029,nursing,2015,29,13.泌尿器系,A.尿の生成,腎臓の構造,3,腎臓について正しいのはどれか。,腹腔内にある。,左右の腎臓は同じ高さにある。,腎静脈は下大静脈に合流する。,腎動脈は腹腔動脈から分かれる。,,C,,false,,false,notebooklm,2026-04-05T01:24:41.676Z
2015_nrs_15_pm030,nursing,2015,30,3.基本的な病因とその成り立ち,A.細胞の障害,壊死<ネクローシス>とアポトーシス,3,アポトーシスで正しいのはどれか。,群発的に発現する。,壊死のことである。,炎症反応が関与する。,プログラムされた細胞死である。,,D,,false,,false,notebooklm,2026-04-05T01:24:41.676Z
2015_nrs_15_pm031,nursing,2015,31,3.基本的な病因とその成り立ち,C,人と病原体の関わり,3,感染性因子とその構成成分の組合せで正しいのはどれか。,細　菌 -- 核　膜,真　菌 -- 細胞壁,プリオン -- 核　酸,ウイルス -- 細胞膜,,B,,false,,false,notebooklm,2026-04-05T01:24:41.676Z
2015_nrs_15_pm032,nursing,2015,32,1.社会・家族機能と生活基盤の変化,A.生活単位の変化,家族、世帯,3,日本の世帯構造の平成元年（1989年）から25年間の変化で正しいのはどれか。,単独世帯数は増加している。,平均世帯人数は増加している。,ひとり親と未婚の子のみの世帯数は2倍になっている。,65歳以上の者のいる夫婦のみの世帯数は2倍になっている。,,A,,false,,false,notebooklm,2026-04-05T01:24:41.676Z
2015_nrs_15_pm033,nursing,2015,33,8.公衆衛生における生活環境への対策,B.食品および食の安全,食品衛生法,3,食品衛生法に定められていないのはどれか。,残留農薬の規制,食品添加物の規制,食品安全委員会の設置,ポジティブリスト制度の導入,,C,,false,,false,notebooklm,2026-04-05T01:24:41.676Z
2015_nrs_15_pm034,nursing,2015,34,9.保健活動の基盤と制度,E.その他の保健活動の基盤となる法や施策,がん対策基本法,3,がん対策基本法で定められているのはどれか。,受動喫煙のない職場を実現する。,がんによる死亡者の減少を目標とする。,都道府県がん対策推進計画を策定する。,がんと診断されたときからの緩和ケアを推進する。,,C,,false,,false,notebooklm,2026-04-05T01:24:41.676Z
2015_nrs_15_pm035,nursing,2015,35,2.看護の展開,A.対象との関係の形成,援助関係,3,患者と看護師との協働について適切なのはどれか。,患者が目標達成できるよう支援する。,治療に関する情報は看護師が占有する。,看護計画は看護師の視点を中心に立案する。,ケアは看護師の業務予定に基づき実施する。,,A,,false,,false,notebooklm,2026-04-05T01:24:41.676Z
2015_nrs_15_pm036,nursing,2015,36,2.看護の展開,C.看護における連携と協働,多職種間の連携と協働チームでの活動,3,"Aさん（56歳、男性）は、脳梗塞の後遺症のためにリハビリテーションをしてい,,
る。食事中に箸がうまく使えずイライラしている。,,
この状況で看護師が最も連携すべき専門職はどれか。",精神保健福祉士,社会福祉士,理学療法士,作業療法士,,D,,false,,false,notebooklm,2026-04-05T01:24:41.676Z
2015_nrs_15_pm037,nursing,2015,37,4.日常生活援助技術,E.休息と睡眠,休息と睡眠を促す援助,3,"Aさん（80歳、女性）は、肺炎で入院して持続点滴中である。消灯時、訪室すると｢体がだるくて眠れない｣と訴えている。,,
Aさんへの入眠に向けた援助で最も適切なのはどれか。",テレビをつける。,足浴を実施する。,そのまま様子をみる。,睡眠薬を処方してもらう。,,B,,false,,false,notebooklm,2026-04-05T01:24:41.676Z
2015_nrs_15_pm038,nursing,2015,38,3.看護における基本技術,F.感染防止対策,標準予防策＜スタンダードプリコーション＞と感染経路別予防策,3,ベッド上での排便の介助時に使用した手袋を手から取り外すタイミングで適切なのはどれか。,肛門周囲の便を拭き取った後,排便後の患者の寝衣を整えた後,ベッド周囲のカーテンを開けた後,使用した物品を汚物処理室で片づけた後,,A,,false,,false,notebooklm,2026-04-05T01:24:41.676Z
2015_nrs_15_pm039,nursing,2015,39,3.看護における基本技術,H.安楽の確保,安楽な姿勢・体位の保持,3,臥床患者の安楽な体位への援助として適切なのはどれか。,同一体位を5時間程度保持する。,仰臥位では膝の下に枕を入れる。,側臥位では両腕を胸の前で組む。,腹臥位では下腿を挙上する。,,B,,false,,false,notebooklm,2026-04-05T01:24:41.676Z
2015_nrs_15_pm040,nursing,2015,40,4.日常生活援助技術,B.食事と栄養,應下障害のある人への援助,3,嚥下障害のある患者の食事の開始に適しているのはどれか。,白　湯,味噌汁,ゼリー,煮　魚,,C,,false,,false,notebooklm,2026-04-05T01:24:41.676Z
2015_nrs_15_pm041（不備問題採点除外）,nursing,2015,0,基礎看護学,,,3,病棟での医薬品の管理で正しいのはどれか。,生ワクチンは常温で保存する。,溶解した薬剤は冷凍保存する。,劇薬は施錠できる場所に保管する。,アンプルに残った麻薬注射液は廃棄する。,,A,B,C,D,,false,,false,notebooklm,2026-04-05T01:24:41.676Z
2015_nrs_15_pm042,nursing,2015,42,3.看護における基本技術,B.学習支援,学習支援の方法と媒体,3,不安の強い入院患者に対し問題中心の対処を促す方法で適切なのはどれか。,読書をして気分転換を促す。,原因に気付くように支援する。,平常な気持ちを保つように助言する。,家族に不満を聞いてもらうことを勧める。,,B,,false,,false,notebooklm,2026-04-05T01:24:41.676Z
2015_nrs_15_pm043,nursing,2015,43,3.看護における基本技術,B.学習支援,学習支援プロセス,3,セルフケア行動を継続するための支援で適切なのはどれか。,看護師が患者の目標を設定する。,目標は達成が容易でない水準にする。,行動の習慣化が重要であることを伝える。,これまでの経験は忘れて新たな方法で取り組むよう促す。,,C,,false,,false,notebooklm,2026-04-05T01:24:41.676Z
2015_nrs_15_pm044,nursing,2015,44,12.消化・吸収機能障害のある患者への看護,B.検査・処置を受ける患者への看護,内視鏡的逆行性胆管膵管造影＜ERCP＞,3,"Aさん（43歳、男性）は、胆道狭窄のため内視鏡的逆行性胆管膵管造影＜ERCP＞検査を受けた。検査後に心窩部痛が出現したため、禁食、抗菌薬および蛋白分解酵素阻害薬による治療が行われている。,,
翌日実施した血液検査の項目でAさんに生じている合併症を判断できるのはどれか。",アミラーゼ,アルブミン,クレアチニン,クレアチンキナーゼ,,A,,false,,false,notebooklm,2026-04-05T01:24:41.676Z
2015_nrs_15_pm045,nursing,2015,45,14.内部環境（体液量、電解質、酸塩基平衡）調節機能障害のある患者の看護,C.治療を受ける患者への看護,血液透析,3,維持血液透析中の看護で適切なのはどれか。,シャント肢を抑制する。,室温を18℃に設定する。,筋肉のけいれんの出現に注意する。,患者が吐き気を感じたら座位にする。,,C,,false,,false,notebooklm,2026-04-05T01:24:41.676Z
2015_nrs_15_pm046,nursing,2015,46,15.内分泌機能障害のある患者の看護,A.原因と障害の程度のアセスメントと看護,副腎機能障害,3,"Aさん（37歳、女性）は、月経異常で病院を受診し、糖尿病および高血圧症と診断された。また、満月様顔貌や中心性肥満の身体所見がみられたため検査が行われ、ホルモン分泌異常と診断された。,,
原因となるホルモンを分泌している臓器はどれか。",副甲状腺,甲状腺,副　腎,卵　巣,,C,,false,,false,notebooklm,2026-04-05T01:24:41.676Z
2015_nrs_15_pm047,nursing,2015,47,1.社会・家族機能と生活基盤の変化,A.生活単位の変化,人口構造,3,日本の平成25年（2013年）の国民生活基礎調査において高齢者世帯の所得で、1世帯当たり平均所得金額の構成割合が最も高いのはどれか。,稼働所得,財産所得,公的年金・恩給,仕送り・企業年金・個人年金・その他の所得,,C,,false,,false,notebooklm,2026-04-05T01:24:41.676Z
2015_nrs_15_pm048,nursing,2015,48,1.高齢者の理解の基本となる概念,B.加齢への適応,ノーマライゼーション,3,認知症の高齢者に対するノーマライゼーションで正しいのはどれか。,散歩を勧める。,決められた服を着るよう勧める。,重度の場合は精神科病棟に入院を勧める。,食べこぼしのあるときに箸を使用しないよう勧める。,,A,,false,,false,notebooklm,2026-04-05T01:24:41.676Z
2015_nrs_15_pm049,nursing,2015,49,5.高齢者の生活を支える看護,A.高齢者のコミュニケーションの特徴と援助,身体機能・認知機能・個性に応じたコミュニケーションの方法,3,"Aさん（80歳、男性）は、脳梗塞の治療のために入院した。Aさんは多弁であり「めがねをとってください」のことを「めとねをとってください」などと話す様子が観察される。,,
Aさんの症状で正しいのはどれか。",錯　語,感情失禁,喚語困難,運動性失語,,A,,false,,false,notebooklm,2026-04-05T01:24:41.676Z
2015_nrs_15_pm050,nursing,2015,50,5.高齢者の生活を支える看護,D.高齢者の排泄の特徴と援助,便秘、下痢,3,便秘の原因となる加齢に伴う身体的変化で誤っているのはどれか。,大腸粘膜の萎縮,骨盤底筋群の筋力低下,直腸内圧の閾値の低下,大腸の内括約筋の緊張の低下,,C,,false,,false,notebooklm,2026-04-05T01:24:41.676Z
2015_nrs_15_pm051,nursing,2015,51,5.療養の場に応じた地域・在宅看護,A.病期に応じた在宅療養者への看護,終末期にある在宅療養者と家族の看護,3,"Aさん（75歳、女性）は、終末期のがんの夫を自宅で介護している。Aさんと夫は自宅での看取りを希望している。,,
Aさんへのケアで最も適切なのはどれか。",臨死期に起こる身体徴候について説明しておく。,自宅で看取る意思が揺らぐことがないように支援する。,配偶者を亡くした家族の会への参加を生前から勧める。,夫が元気だったころの思い出を話題にしないように勧める。,,A,,false,,false,notebooklm,2026-04-05T01:24:41.676Z
2015_nrs_15_pm052,nursing,2015,52,3.小児各期における健康増進のための子どもと家族への看護,A.栄養と食生活,授乳,3,乳児が1日に必要とする体重 kg当たりの水分量はどれか。,80mL,100mL,150mL,180mL,,C,,false,,false,notebooklm,2026-04-05T01:24:41.676Z
2015_nrs_15_pm053,nursing,2015,53,1.母性看護の対象を取り巻く環境や社会の変遷,A.母子を取り巻く環境,周産期医療のシステム,3,日本の平成24年（2012年）における周産期死亡率（出産千対）について正しいのはどれか。,2,4,6,8,,B,,false,,false,notebooklm,2026-04-05T01:24:41.676Z
2015_nrs_15_pm054,nursing,2015,54,2.母性看護の基盤となる概念,A.リプロダクティブ・ヘルスに関する概念,性の多様性,3,性的対象とその性的指向の分類との組合せで正しいのはどれか。,同　性  -- トランスセクシュアル,異　性 -- ヘテロセクシュアル,両　性 -- ホモセクシュアル,な　し -- バイセクシュアル,,B,,false,,false,notebooklm,2026-04-05T01:24:41.676Z
2015_nrs_15_pm055,nursing,2015,55,3.女性のライフサイクル各期における看護,C.更年期・老年期女性の健康と看護,ホルモンの変化,3,更年期障害の女性にみられる特徴的な症状はどれか。,異常発汗,低血圧,妄　想,便　秘,,A,,false,,false,notebooklm,2026-04-05T01:24:41.676Z
2015_nrs_15_pm056,nursing,2015,56,6.産褥期の看護,A.正常な産褥の経過と産褥期の異常,マタニティブルーズ産後うつ病,3,産後うつ病について正しいのはどれか。,一過性に涙もろくなる。,スクリーニング調査票がある。,日本における発症頻度は約40%である。,産後10日ころまでに発症することが多い。,,B,,false,,false,notebooklm,2026-04-05T01:24:41.676Z
2015_nrs_15_pm057,nursing,2015,57,1.精神保健の基本,C.精神の健康に関する普及啓発,偏見、差別、スティグマ,3,こころのバリアフリー宣言の目的で正しいのはどれか。,身体障害者の人格の尊重,高齢者の社会的な孤立の予防,精神疾患に対する正しい理解の促進,精神科に入院している患者の行動制限の最小化,,C,,false,,false,notebooklm,2026-04-05T01:24:41.676Z
2015_nrs_15_pm058,nursing,2015,58,2.主な精神疾患・障害の特徴と看護,D.気分＜感情＞障害,臨床検査および心理検査と看護薬物療法と看護,3,向精神薬と副作用（有害事象）の組合せで正しいのはどれか。,抗精神病薬 -- 多　毛,抗認知症薬 -- 依存性,抗てんかん薬 -- 急性ジストニア,抗うつ薬 -- セロトニン症候群,,D,,false,,false,notebooklm,2026-04-05T01:24:41.676Z
2015_nrs_15_pm059,nursing,2015,59,4.精神疾患・障害がある者とその家族への看護,H.社会資源の活用とケアマネジメント,就労移行支援,3,"Aさん（40歳、男性）は、5年前に勤めていた会社が倒産し再就職ができず、うつ病になった。その後、治療を受けて回復してきたため、一般企業への再就職を希望している。,,
Aさんが就労を目指して利用できる社会資源はどれか。",就労移行支援,就労継続支援A型,就労継続支援B型,自立訓練＜生活訓練＞,,A,,false,,false,notebooklm,2026-04-05T01:24:41.676Z
2015_nrs_15_pm060,nursing,2015,60,6.精神保健医療福祉の変遷と法や施策,C.精神保健及び精神障害者福祉に関する法律＜精神保健福祉法＞の運用,精神保健指定医,3,精神保健指定医を指定するのはどれか。,保健所長,都道府県知事,厚生労働大臣,精神保健福祉センター長,,C,,false,,false,notebooklm,2026-04-05T01:24:41.676Z
2015_nrs_15_pm061,nursing,2015,61,5.療養の場に応じた地域・在宅看護,A.病期に応じた在宅療養者への看護,終末期にある在宅療養者と家族の看護,3,日本の平成24年（2012年）の高齢者の健康に関する意識調査において最期を迎える場に関する希望で最も多いのはどれか。,自　宅,医療施設,福祉施設,高齢者向けのケア付き住宅,,A,,false,,false,notebooklm,2026-04-05T01:24:41.676Z
2015_nrs_15_pm062,nursing,2015,62,4.地域・在宅看護実践をめぐる制度の概要,B.地域・在宅看護におけるサービス体系の理解,施設系サービス（入所、短期入所）,3,レスパイトケアの主な目的について適切なのはどれか。,高度な治療を集中的に行う。,家族へ介護方法の指導を行う。,居宅サービス料金を補助する。,介護を行う家族のリフレッシュを図る。,,D,,false,,false,notebooklm,2026-04-05T01:24:41.676Z
2015_nrs_15_pm063,nursing,2015,63,4.地域・在宅看護実践をめぐる制度の概要,A.訪問看護制度の理解,訪問看護の対象と提供方法,3,訪問看護サービスの提供の仕組みで正しいのはどれか。,主治医の意見書が必要である。,計画外の緊急訪問の費用は徴収できない。,サービスの導入の決定は訪問看護師が行う。,主治医の特別指示書による訪問看護は医療保険サービスとして提供する。,,D,,false,,false,notebooklm,2026-04-05T01:24:41.676Z
2015_nrs_15_pm064,nursing,2015,64,1.看護におけるマネジメント,B.医療・看護における質の保証と評価、改善の仕組み,医療・看護の質保証と評価,3,看護基準の目的で最も適切なのはどれか。,看護の質の保証,個別的な看護の促進,看護業務の負担の軽減,高度な看護技術の提供,,A,,false,,false,notebooklm,2026-04-05T01:24:41.676Z
2015_nrs_15_pm065,nursing,2015,65,1.看護におけるマネジメント,E.医療安全を維持する仕組みと対策,安全管理体制整備、医療安全文化の醸成,3,新生児標識について正しいのはどれか。,沐浴時には児の標識を外す。,標識は1個装着すればよい。,装着する時期は母児同室を開始する直前である。,母親に児を引き渡すときは母子の標識を照合する。,,D,,false,,false,notebooklm,2026-04-05T01:24:41.676Z
2015_nrs_15_pm066,nursing,2015,66,2.災害と看護,B.災害各期の特徴と看護,災害時の被災者・支援者の身体反応と心理過程,3,"山村部で地震による家屋倒壊と死者が出た災害が発生し、3週が経過した。避難所では、自宅の半壊や全壊の被害にあった高齢者を中心に10世帯が過ごしている。,,
高齢者の心のケアとして最も適切なのはどれか。",認知行動療法を行う。,自分が助かったことを喜ぶよう説明する。,地震発生時の状況について詳しく聞き取る。,長年親しんだものの喪失について話せる場をつくる。,,D,,false,,false,notebooklm,2026-04-05T01:24:41.676Z
2015_nrs_15_pm067,nursing,2015,67,3.国際化と看護,B.グローバルな社会における看護,看護の対象となる人々（在留外国人、在外日本人、帰国日本人、国際協力活動を必要とする人々）の健康課題,3,2国間の国際保健医療協力を行うのはどれか。,国際協力機構＜JICA＞,国際看護師協会＜ICN＞,国連開発計画＜UNDP＞,国連食糧農業機関＜FAO＞,,A,,false,,false,notebooklm,2026-04-05T01:24:41.676Z
2015_nrs_15_pm068,nursing,2015,68,14.体温調節,B.体温の調節,熱放散と熱産生,3,体温に影響しないのはどれか。,運　動,食　事,ふるえ,不感蒸泄,精神性発汗,E,,false,,false,notebooklm,2026-04-05T01:24:41.676Z
2015_nrs_15_pm069,nursing,2015,69,9.生体の防御機構,A.非特異性生体防御機構,食細胞とサイトカイン,3,貪食能を有する細胞はどれか。,好酸球,Bリンパ球,線維芽細胞,血管内皮細胞,マクロファージ,E,,false,,false,notebooklm,2026-04-05T01:24:41.676Z
2015_nrs_15_pm070,nursing,2015,70,10.全身の感染性疾患,A.感染性疾患の病態と診断・治療,ウイルスによる感染症（インフルエンザ、流行性耳下腺炎＜ムンプス＞、麻疹、風疹、エボラ出血熱、コロナウイルス感染症、ヒト免疫不全ウイルス＜HIV＞感染症）,3,流行性角結膜炎の原因はどれか。,淋　菌,緑膿菌,クラミジア,アデノウイルス,ヘルペスウイルス,D,,false,,false,notebooklm,2026-04-05T01:24:41.676Z
2015_nrs_15_pm071,nursing,2015,71,8.内部環境調節機能,B.代謝異常の疾患の病態と診断・治療,ビタミン欠乏症,3,ビタミンの欠乏とその病態との組合せで正しいのはどれか。,ビタミンA -- 壊血病,ビタミンB<sub>1</sub> -- 代謝性アシドーシス,ビタミンC -- 脚　気,ビタミンD -- 悪性貧血,ビタミンE -- 出血傾向,B,,false,,false,notebooklm,2026-04-05T01:24:41.676Z
2015_nrs_15_pm072,nursing,2015,72,4.日常生活援助技術,B.食事と栄養,健康な食生活と食事摂取基準治療食、療養食,3,日本人の食事摂取基準（2015年版）で、身体活動レベルⅠ、70歳以上の男性の1日の推定エネルギー必要量はどれか。,"1,450kcal","1,850kcal","2,000kcal","2,200kcal","2,500kcal",B,,false,,false,notebooklm,2026-04-05T01:24:41.676Z
2015_nrs_15_pm073,nursing,2015,73,3.看護における基本技術,E.フィジカルアセスメント,全身の診察（全身の観察、バイタルサイン）,3,触診法による血圧測定で適切なのはどれか。,血圧計は患者の心臓の高さに置く。,マンシェットの幅は上腕全体を覆うサイズを選ぶ。,150mmHgまで加圧して減圧を開始する。,加圧後に1拍動当たり2～4mmHgずつ減圧する。,減圧開始後に初めて脈が触知されたときの値を拡張期血圧とする。,D,,false,,false,notebooklm,2026-04-05T01:24:41.676Z
2015_nrs_15_pm074,nursing,2015,74,13.栄養代謝機能障害のある患者の看護,C.治療を受ける患者への看護,内視鏡的静脈瘤結禁術＜EVL＞、内視鏡的静脈瘤硬化療法＜EIS＞,3,待機的に行う食道静脈瘤硬化療法について正しいのはどれか。,全身麻酔下で行う。,前日に下剤を内服する。,治療後48時間の安静が必要である。,治療翌日の朝から常食を開始する。,治療後に胸部痛が出現する可能性がある。,E,,false,,false,notebooklm,2026-04-05T01:24:41.676Z
2015_nrs_15_pm075,nursing,2015,75,12.神経機能,C.感覚器系の疾患の病態と診断・治療,視覚障害（白内障、緑内障、網膜剥離、網膜症）,3,老人性白内障の症状で正しいのはどれか。,涙が流れ出る状態が続く。,小さい虫が飛んでいるように見える。,明るい場所ではまぶしくてよく見えない。,遠見視力は良好であるが近見視力は低下する。,暗い部屋に入ると目が慣れるのに時間がかかる。,C,,false,,false,notebooklm,2026-04-05T01:24:41.676Z
2015_nrs_15_pm076,nursing,2015,76,1.子どもと家族を取り巻く環境,B.子どもの権利,小児医療・小児看護における倫理的配慮,3,臓器の移植に関する法律において脳死臓器提供が可能になるのはどれか。,1歳,6歳,15歳,20歳,年齢制限なし,E,,false,,false,notebooklm,2026-04-05T01:24:41.676Z
2015_nrs_15_pm077,nursing,2015,77,3.小児各期における健康増進のための子どもと家族への看護,F.感染症と予防,予防接種,3,乳児の髄膜炎などを抑制するため、平成25年（2013年）に定期接種に導入されたのはどれか。,日本脳炎ワクチン,ロタウイルスワクチン,インフルエンザワクチン,麻しん風しん混合ワクチン,Hib（Haemophilus influenzae type b）ワクチン,E,,false,,false,notebooklm,2026-04-05T01:24:41.676Z
2015_nrs_15_pm078,nursing,2015,78,8.慢性的な疾患・障害がある子どもと家族への看護,B.心身障害のある子どもと家族への看護,心身障害の定義と種類,3,生後1、2か月のDown＜ダウン＞症候群の乳児にみられる特徴はどれか。,活気があり機嫌が良い。,体重増加は良好である。,筋緊張が強く抱っこしにくい。,舌が小さく吸啜が困難である。,哺乳の途中で眠ってしまうことが多い。,E,,false,,false,notebooklm,2026-04-05T01:24:41.676Z
2015_nrs_15_pm079,nursing,2015,79,7.早期新生児期の看護,B.早期新生児期のアセスメント,Apgar＜アプガー＞スコア,3,"在胎40週0日、体重3,011gで出生した男児。出生後1分、呼吸数60/分、心拍数140/分であった。四肢を屈曲させ、刺激に対して啼泣している。体幹はピンク色、四肢にはチアノーゼがみられる。,,
この男児の1分後のApgar＜アプガー＞スコアはどれか。",1点,3点,5点,7点,9点,E,,false,,false,notebooklm,2026-04-05T01:24:41.676Z
2015_nrs_15_pm080,nursing,2015,80,19.運動機能障害のある患者の看護,D.病期や機能障害に応じた看護,関節リウマチ,3,関節リウマチで療養している人への日常生活指導で適切なのはどれか。,床に座って靴下を履く。,2階にある部屋を寝室にする。,水道の蛇口をレバー式にする。,ボタンで着脱する衣服を選択する。,寝具はやわらかいマットレスにする。,C,,false,,false,notebooklm,2026-04-05T01:24:41.676Z
2015_nrs_15_pm081,nursing,2015,81,4.日常生活援助技術,B.食事と栄養,健康な食生活と食事摂取基準治療食、療養食,3,食事摂取基準に耐容上限量が示されているビタミンはどれか。2つ選べ。,ビタミンA,ビタミンB<sub>1</sub>,ビタミンB<sub>2</sub>,ビタミンC,ビタミンD,A,E,,false,,true,notebooklm,2026-04-05T01:24:41.676Z
2015_nrs_15_pm082,nursing,2015,82,15.排泄機能,A.泌尿器系の疾患の病態と診断・治療,排尿障害（過活動膀脱、腹圧性尿失禁、夜尿症）,3,水腎症の原因で正しいのはどれか。2つ選べ。,前立腺癌,陰嚢水腫,ループス腎炎,神経因性膀胱,腎アミロイドーシス,A,D,,false,,true,notebooklm,2026-04-05T01:24:41.676Z
2015_nrs_15_pm083,nursing,2015,83,5.社会福祉の基本,B.社会福祉に関わる機関,目的と機能福祉事務所児童相談所更生相談所,3,児童相談所の業務はどれか。2つ選べ。,児童の一時保護,自立支援給付の決定,不登校に関する相談,身体障害者手帳の交付,放課後児童健全育成事業の実施,A,C,,false,,true,notebooklm,2026-04-05T01:24:41.676Z
2015_nrs_15_pm084,nursing,2015,84,5.診療に伴う看護技術,B.皮膚・創傷管理,洗浄、保護、包帯法,3,"前腕の内側中央部に創部がある患者で、創部のガーゼがずれないよう固定をする必要がある。,,
伸縮性のある巻軸包帯を使う場合に適切なのはどれか。2つ選べ。",創の部位から巻き始める。,包帯を伸ばした状態で巻く。,前腕部の巻き方は螺旋帯とする。,手関節から肘関節まで巻く。,巻き終わりは環行帯とする。,C,E,,false,,true,notebooklm,2026-04-05T01:24:41.676Z
2015_nrs_15_pm085,nursing,2015,85,1.成人の特徴と生活,A.成人期の発達の特徴,身体的・心理的・社会的な特徴,3,壮年期の特徴はどれか。2つ選べ。,骨密度の増加,味覚の感度の向上,総合的判断力の向上,早朝覚醒による睡眠障害,水晶体の弾力性の低下による視機能の低下,C,E,,false,,true,notebooklm,2026-04-05T01:24:41.676Z
2015_nrs_15_pm086,nursing,2015,86,12.消化・吸収機能障害のある患者への看護,C.治療を受ける患者への看護,胃切除術,3,"Aさん（63歳、男性）は、胃癌にて胃亜全摘出術後3か月目に誤嚥性肺炎で緊急入院した。食物の通過や排便は問題なかったが、食事摂取量が少なく、術前より体重が10kg減少した。総義歯が外れやすく歯科を受診予定であった。,,
Aさんの肺炎の原因として考えられるのはどれか。2つ選べ。",消化管内容物の逆流,義歯の不適合,消化吸収障害,吻合部狭窄,腸閉塞,A,B,,false,,true,notebooklm,2026-04-05T01:24:41.676Z
2015_nrs_15_pm087,nursing,2015,87,18.感覚機能障害のある患者の看護,B.検査・処置を受ける患者への看護,眼底検査,3,眼底検査が必要なのはどれか。2つ選べ。,中耳炎,糖尿病,麦粒腫,高血圧症,筋萎縮性側索硬化症＜ALS＞,B,D,,false,,true,notebooklm,2026-04-05T01:24:41.676Z
2015_nrs_15_pm088,nursing,2015,88,3.高齢者の健康,B.老年期における身体機能の変化,循環器系,3,加齢に伴う心血管系の変化で正しいのはどれか。2つ選べ。,心拍数の増加,左室壁の肥厚,収縮期血圧の上昇,圧受容機能の亢進,刺激伝導系の細胞数の増加,B,C,,false,,true,notebooklm,2026-04-05T01:24:41.676Z
2015_nrs_15_pm089,nursing,2015,89,4.地域・在宅看護実践をめぐる制度の概要,B.地域・在宅看護におけるサービス体系の理解,複合型サービス（看護小規模多機能型居宅介護）在宅看護に関連する法令,3,定期巡回・随時対応型訪問介護看護の説明で正しいのはどれか。2つ選べ。,介護予防サービスである。,24時間を通じて行われる。,地域密着型サービスである。,重症心身障害児を対象とする。,施設サービス計画の作成を行う。,B,C,,false,,true,notebooklm,2026-04-05T01:24:41.676Z
2015_nrs_15_pm090,nursing,2015,90,3.地域・在宅看護における安全と健康危機管理,A.在宅療養者の日常生活における安全管理,家屋環境の整備,3,車椅子で日常生活を送る在宅療養者の住宅改修で適切なのはどれか。2つ選べ。,床を畳に変える。,玄関を引き戸にする。,廊下と部屋との段差をなくす。,トイレに和式便器を設置する。,廊下の幅は車椅子の幅と同じにする。,B,C,,false,,true,notebooklm,2026-04-05T01:24:41.676Z
2015_nrs_15_pm091,nursing,2015,91,12.消化・吸収機能障害のある患者への看護,D.病期や機能障害に応じた看護,炎症性腸疾患（潰瘍性大腸炎、Crohn＜クローン＞病）,3,Aさんの状態のアセスメントで適切なのはどれか。,BMIによる肥満度の判定基準では普通体重に該当する。,貧血は心不全の徴候を示している。,浮腫が出現する可能性がある。,脱水に陥る可能性は低い。,,C,,false,,false,notebooklm,2026-04-05T01:24:41.676Z
2015_nrs_15_pm092,nursing,2015,92,12.消化・吸収機能障害のある患者への看護,D.病期や機能障害に応じた看護,炎症性腸疾患（潰瘍性大腸炎、Crohn＜クローン＞病）,3,"入院後、Aさんは点滴静脈内注射による持続輸液とプレドニゾロン40mg/日の内服とが開始された。入院翌朝、Aさんが「たくさん汗をかいたのでさっぱりしたい」と話したため、看護師は清拭を行うと提案した。体温38.0℃、呼吸数18/分、脈拍82/分、血圧112/72mmHgであった。下痢は0時から6時までで3回あり、倦怠感が強い。,,
看護師が入浴ではなく清拭を提案した理由で適切なのはどれか。",プレドニゾロンの内服,点滴静脈内注射の実施,急性増悪,貧　血,,C,,false,,false,notebooklm,2026-04-05T01:24:41.676Z
2015_nrs_15_pm093,nursing,2015,93,6.慢性疾患がある患者と家族の看護,C.セルフケア・自己管理を促進する看護,自己管理支援、セルフケア支援,3,"入院後10日、Aさんの状態は改善し、経腸成分栄養剤300mL/日（1kcal/mL）が開始された。Aさんは「入院前も自分なりには気を付けていたつもりだったけど、また悪くならないようにするには退院後はどうしたらいいのかしら」と話した。,,
このときのAさんへの説明で最も適切なのはどれか。",｢仕事は今までどおりで大丈夫です｣,｢下痢が続いたら炭水化物を減らしてください｣,｢経腸成分栄養剤600mLで1日分の栄養が確保できます｣,｢悪化のきっかけになるようなことがなかったか一緒に考えてみましょう｣,,D,,false,,false,notebooklm,2026-04-05T01:24:41.676Z
2015_nrs_15_pm094,nursing,2015,94,17.脳・神経機能障害のある患者の看護,D.病期や機能障害に応じた看護,頭部外傷,3,"搬送時のAさんの様子を図に示す。,,
Aさんの状態はどれか。",項部硬直,除脳硬直,除皮質硬直,間代性けいれん,強直性けいれん,C,,true,,false,notebooklm,2026-04-05T01:24:41.676Z
2015_nrs_15_pm095（不備問題採点除外）,nursing,2015,0,成人看護学,,,3,"Aさんは、硬膜下血腫および脳挫傷と診断され、硬膜下血腫に対して開頭血腫除去術が行われた。ICUに入室後、マンニトールの投与が開始された。,,
このときの体位で最も適切なのはどれか。",座　位,腹臥位,側臥位,仰臥位,Fowler＜ファウラー＞位,A,B,C,D,E,,false,,false,notebooklm,2026-04-05T01:24:41.676Z
2015_nrs_15_pm096,nursing,2015,96,17.脳・神経機能障害のある患者の看護,A.原因と障害の程度のアセスメントと看護,高次脳機能障害,3,"術後14日。Aさんの意識レベルはジャパン・コーマ・スケール＜JCS＞Ⅰ-2で、左上下肢に軽度の麻痺と左の視空間失認とがある。Aさんは座位を保持し、自力で食事を摂ることが可能となったが、左側の食べ物を残す様子がみられる。車椅子への移乗は看護師の介助が必要であるが、1人でベッドから降りようとする。Aさんは右利きである。,,
このときの適切な看護はどれか。",離床センサーを設置する。,右側を意識するように促す。,食器をAさんの左側に配置する。,残した食事は看護師が介助して口に運ぶ。,視空間失認が改善してから歩行訓練を開始する。,A,,false,,false,notebooklm,2026-04-05T01:24:41.676Z
2015_nrs_15_pm097,nursing,2015,97,5.高齢者の生活を支える看護,D.高齢者の排泄の特徴と援助,尿失禁,3,"Aさんから尿失禁について外来受診時に相談があった。最近は尿意を感じてから洋式トイレに座るまでに時間がかかり、尿が少量漏れることがある。排尿回数は1日7回程度で、残尿感、排尿痛および排尿時不快感はない。咳、くしゃみ及び農作業の動作で尿が漏れることはない。,,
Aさんの尿失禁の種類として考えられるのはどれか。",溢流性尿失禁,機能性尿失禁,切迫性尿失禁,腹圧性尿失禁,,B,,false,,false,notebooklm,2026-04-05T01:24:41.676Z
2015_nrs_15_pm098,nursing,2015,98,5.高齢者の生活を支える看護,D.高齢者の排泄の特徴と援助,身体機能・認知機能に応じた排泄の支援,3,"Aさんから「尿が漏れて困ります。洗濯物が増えるので、干したり取り込んだりするのが大変です。どうしたらよいでしょうか」と相談を受けた。,,
看護師の対応で最も適切なのはどれか。",テープ付き紙おむつを紹介する。,背もたれ付きポータブルトイレを紹介する。,介護保険の訪問介護を受けた方がよいと説明する。,下着の中に入れて使う尿失禁用パッドを紹介する。,,D,,false,,false,notebooklm,2026-04-05T01:24:41.676Z
2015_nrs_15_pm099,nursing,2015,99,6.さまざまな健康状態や受療状況に応じた高齢者の看護,D.慢性期の高齢者への看護,疾患や障害とともに生きる高齢者の看護,3,"Aさんは、買い物の途中で急に強い腰痛が出現して動けなくなり、入院した。入院後1日。腰痛は軽減したが「また痛くなりそうで怖い。家に戻りたいけど心配です｣と話す。,,
看護師の対応で最も適切なのはどれか。",｢痛くなれば、また入院して治療しましょう｣,｢入院が長引くと、もっと動けなくなりますよ｣,｢1人暮らしが心配なら息子さんと同居したらいかがですか｣,｢自宅でも痛みが強くならないような生活の工夫を考えましょう｣,,D,,false,,false,notebooklm,2026-04-05T01:24:41.676Z
2015_nrs_15_pm100,nursing,2015,100,5.呼吸機能,A.呼吸器系の疾患の病態と診断・治療,炎症性疾患（気管支炎、肺炎、間質性肺炎、胸膜炎）,3,入院時にみられる所見はどれか。,樽状胸郭,呼気の延長,粗い断続性副雑音,高調性連続性副雑音,,C,,false,,false,notebooklm,2026-04-05T01:24:41.676Z
2015_nrs_15_pm101,nursing,2015,101,7.高齢者に特有な症候・疾患・障害と看護,E.認知機能が低下した高齢者の看護,認知症看護の基本的視点,3,"入院当日、抗菌薬の点滴静脈内注射が開始された。投与開始直後からAさんが輸液ラインを指し｢虫がいる｣と大きな声を上げている。,,
このときの看護師の対応で最も適切なのはどれか。",虫がいないことを説明する。,点滴静脈内注射を中止する。,Aさんをナースステーションに移動する。,輸液ラインをAさんから見えない状態にする。,,D,,false,,false,notebooklm,2026-04-05T01:24:41.676Z
2015_nrs_15_pm102,nursing,2015,102,7.高齢者に特有な症候・疾患・障害と看護,E.認知機能が低下した高齢者の看護,認知症看護の基本的視点,3,"入院後7日、症状が軽快し明日退院することが決まった。消灯前にAさんが部屋にいないため探すと、小刻みにすり足で歩いているところを発見した。看護師がどうしたのか質問すると｢そこに小さい子どもがいるので見に行きたい｣と、思いつめた表情で話した。,,
このときのAさんへの対応で最も適切なのはどれか。",転倒の危険を説明する。,行きたい場所へ付き添う。,子ども時代の思い出を尋ねる。,子どもはどこかへ行ってしまったと説明する。,,B,,false,,false,notebooklm,2026-04-05T01:24:41.676Z
2015_nrs_15_pm103,nursing,2015,103,7.急性期にある子どもと家族への看護,A.急性症状のある子どもと家族への看護,脱水,3,"入院時のバイタルサインは、体温37.3℃、呼吸数20/分、脈拍120/分、整、血圧110/68mmHgであり、点滴静脈内注射が開始された。,,
入院時のAちゃんの状態で注意すべき所見はどれか。2つ選べ。",冷　汗,浮　腫,悪　寒,意識障害,皮膚の弾力性の低下,D,E,,false,,true,notebooklm,2026-04-05T01:24:41.676Z
2015_nrs_15_pm104,nursing,2015,104,8.慢性的な疾患・障害がある子どもと家族への看護,A.先天性疾患や慢性的な経過をとる疾患をもつ子どもと家族への看護,発達に応じたセルフケア能力の獲得・自立支援,3,"Aちゃんは、インスリンの持続的な注入を開始し、3日後、血糖値が安定した。1型糖尿病と診断が確定しインスリン自己注射を始めることになった。ペン型注入器を用いて、毎食前に超速効型インスリンの皮下注射、21時に持効型溶解インスリンの皮下注射を行うという指示が出ている。,,
Aちゃんと両親に対するインスリン自己注射の指導で適切なのはどれか。2つ選べ。",インスリンを注射する部位は前回と違う部位に行う。,超速効型インスリンは単位数を変更せずに注射する。,食欲がないときは食後に超速効型インスリンを注射する。,血糖値が100mg/dL以下のときは持効型溶解インスリンの注射を中止する。,インスリンの注射をした後は針を刺した場所をよくもむ。,A,C,,false,,true,notebooklm,2026-04-05T01:24:41.676Z
2015_nrs_15_pm105,nursing,2015,105,8.慢性的な疾患・障害がある子どもと家族への看護,A.先天性疾患や慢性的な経過をとる疾患をもつ子どもと家族への看護,学習支援、復学支援,3,"Aちゃん及び両親は、1型糖尿病の療養生活に必要な知識や手技を順調に獲得した。血糖値が良好にコントロールされたため、退院に向けてAちゃんと両親、主治医、担当看護師および学校の関係者との間でこれからの学校生活について話し合った。,,
医療者から学校の関係者に伝える内容で最も適切なのはどれか。",｢長距離走や水泳の授業は見学させてください｣,｢宿泊を伴う校外活動は保護者の同伴が必要です｣,｢教室内にインスリン注射を行う場所を設けてください｣,｢家庭科の調理実習は同級生と違う献立にしてください｣,｢手指の震えや強い空腹感があるときはブドウ糖の補食が必要です｣,E,,false,,false,notebooklm,2026-04-05T01:24:41.676Z
2015_nrs_15_pm106,nursing,2015,106,4.妊娠期の看護,A.正常な妊娠経過と妊娠期の異常,妊娠週数,3,"3月と4月のカレンダーを示す。,,
本日、4月14日のAさんの妊娠週数および日数を最終月経から求めよ。,,
システムの都合上選択肢を表示できません。各自で0～9の数字を組合せて回答してください。,,
,,
解答：妊娠①週②日",x,x,x,x,,,,false,,false,notebooklm,2026-04-05T01:24:41.676Z
2015_nrs_15_pm107,nursing,2015,107,4.妊娠期の看護,A.正常な妊娠経過と妊娠期の異常,妊婦と家族の心理・社会的変化,3,"Aさんは医師から妊娠していると説明を受けた。Aさんは看護師に｢初めての妊娠でうれしい。でも、任されている大きなプロジェクトが続けられなくなるため悲しくて、妊娠しなければよかったと思います｣と話す。,,
この時期のAさんの心理状態で最も適切なのはどれか。",錯乱状態である。,他罰的な感情がある。,マタニティブルーズである。,アンビバレント＜両価的＞な感情がある。,,D,,false,,false,notebooklm,2026-04-05T01:24:41.676Z
2015_nrs_15_pm108,nursing,2015,108,4.妊娠期の看護,A.正常な妊娠経過と妊娠期の異常,母体の生理的変化,3,"Aさんの次回の受診は4週後になった。Aさんは｢数日前から朝起きたときやおなかがすいたときに吐き気がします。次の受診までに私の体にどのような変化が起こるのでしょうか｣と話した。,,
看護師のAさんに対する説明で最も適切なのはどれか。",｢体がかゆくなります｣,｢おりものが多くなります｣,｢仰向けで寝ていると気分が悪くなります｣,｢下肢にけいれんが起こりやすくなります｣,,B,,false,,false,notebooklm,2026-04-05T01:24:41.676Z
2015_nrs_15_pm109,nursing,2015,109,2.主な精神疾患・障害の特徴と看護,D.気分＜感情＞障害,臨床検査および心理検査と看護薬物療法と看護,3,"Aさんは、診察室では多弁であった。また、ささいなことで怒り出し、自分は病気ではないと治療を受けることを拒否した。意識は清明で見当識障害はみられなかった。Aさんは双極性障害と診断され医療保護入院をすることになった。,,
入院時のAさんのアセスメントで正しいのはどれか。",躁状態,緘黙状態,錯乱状態,せん妄状態,,A,,false,,false,notebooklm,2026-04-05T01:24:41.676Z
2015_nrs_15_pm110,nursing,2015,110,3.精神看護の対象の理解と支援のための概念,B.セルフケアへの援助,活動と休息,3,"入院後2週が経過した。Aさんの携帯電話は母親が持ち帰っているため、Aさんは職場のことが気になると言って、毎日、病棟内の公衆電話から頻繁に会社の上司に電話をしている。看護師が面接をしたところ、今後への強い焦りの訴えが聞かれた。,,
Aさんへの対応で最も適切なのはどれか。",休養の必要性をAさんと再確認する。,仕事のことは考えないように伝える。,Aさんの上司にAさんの病状と行動との関連を説明する。,Aさんのテレホンカードをナースステーションで管理する。,,A,,false,,false,notebooklm,2026-04-05T01:24:41.676Z
2015_nrs_15_pm111,nursing,2015,111,4.精神疾患・障害がある者とその家族への看護,E.家族への看護,家族への教育的介入と支援,3,"入院して2か月が経過し、Aさんは服薬による治療で多弁や易怒性などの症状が改善し、落ち着いて過ごせるようになった。Aさんは治療を継続する必要性についても理解している。看護師がAさんと家族への退院指導を行うことになった。,,
退院指導における説明で最も適切なのはどれか。",｢薬の管理は家族が行ってください｣,｢今後も定期的な入院が必要になります｣,｢Aさんの言動の変化に気を付けましょう｣,｢服薬していれば再発することはありません｣,,C,,false,,false,notebooklm,2026-04-05T01:24:41.676Z
2015_nrs_15_pm112,nursing,2015,112,6.精神保健医療福祉の変遷と法や施策,C.精神保健及び精神障害者福祉に関する法律＜精神保健福祉法＞の運用,入院形態,3,入院当日にAさんの両親から情報収集する内容として、優先度が高いのはどれか。,Aさんの大学の出席状況,両親がAさんと同居する可能性,Aさんの子ども時代の両親の育て方,Aさんの入院に対する両親の受け止め方,,D,,false,,false,notebooklm,2026-04-05T01:24:41.676Z
2015_nrs_15_pm113,nursing,2015,113,4.精神疾患・障害がある者とその家族への看護,B.心理・社会的療法,心理教育的アプローチ,3,"Aさんの入院後2週が経過した。Aさんの母親が疲れた表情で｢Aはまだ誰かに殺されるのではないかと怖がっています。Aはなぜこんな病気になったのでしょうか。親としてどのようにAに接したらよいか分かりません｣と担当の看護師に相談してきた。,,
この時点でAさんの両親に勧めるのはどれか。",毎日の面会,家族心理教育,Aさんとの同伴での外出,共同生活援助＜グループホーム＞の見学,,B,,false,,false,notebooklm,2026-04-05T01:24:41.676Z
2015_nrs_15_pm114,nursing,2015,114,4.精神疾患・障害がある者とその家族への看護,F.社会復帰・社会参加への支援,入院患者の退院支援、地域移行・地域定着支援,3,"入院後2か月が経過し、主治医からは退院の話も出始めた。Aさんは入院をきっかけに大学を休学している。Aさんの両親が｢Aは学業の遅れを心配して、退院後すぐに復学したいと言っています。Aはすぐに復学できるのでしょうか｣と相談してきた。,,
看護師の説明として適切なのはどれか。",｢復学の時期を大学に判断してもらいましょう｣,｢復学できる状態になるまで退院を延期しましょう｣,｢ご両親からAさんに焦らないよう説得してください｣,｢まずは家庭での日常生活に慣れることから始めましょう｣,,D,,false,,false,notebooklm,2026-04-05T01:24:41.676Z
2015_nrs_15_pm115,nursing,2015,115,6.症状・疾患・治療に応じた地域・在宅看護,B.主な疾患等に応じた在宅看護,難病,3,Aさんへの訪問看護における身体状態の観察で、疾患に関連して最も重要なのはどれか。,排尿状態,上肢の筋力,嚥下の状態,外傷の有無,下肢のしびれ,A,,false,,false,notebooklm,2026-04-05T01:24:41.676Z
2015_nrs_15_pm116,nursing,2015,116,7.在宅療養生活を支える看護,C.在宅療養者の排泄を支えるケア,排尿・排便のアセスメント,3,"Aさんは1週前から排便がなく、センノシドを毎日就寝前に継続して内服している。訪問看護師が観察すると左腹部に便塊を触れ、腸蠕動音は微弱であった。Aさんは、2日間排便がないときはピコスルファートナトリウム水和物を適宜内服するよう医師に言われているが、以前に内服して下痢になったため内服していないと話す。,,
看護師のAさんへの提案で適切なのはどれか。",｢もう少し様子をみましょう｣,｢下剤は2種類とも飲みましょう｣,｢便意を感じたらトイレに座りましょう｣,｢浣腸をしてもよいか医師に確認しましょう｣,,D,,false,,false,notebooklm,2026-04-05T01:24:41.676Z
2015_nrs_15_pm117,nursing,2015,117,7.在宅療養生活を支える看護,B.在宅療養者の食事・栄養を支えるケア,口腔ケア,3,"ある日、Aさんに軽度の歯肉出血および歯肉の腫脹がみられるようになった。疼痛はない。訪問歯科診療を受け、口腔ケアを徹底するよう促された。リハビリテーション病院に入院していたときは、自助具を利用して口腔ケアの練習をしていた。退院後は妻が口腔ケアを介助していたが、最近は仕事の帰りが遅く、Aさんは妻を待てずに寝てしまうと言う。また、Aさんは育児で疲れている長女には頼めないと話す。,,
看護師のAさんへの提案で最も適切なのはどれか。",日中の口腔ケアを徹底する。,長女に口腔ケアを依頼する。,就寝時刻を遅くするよう提案する。,妻が夜に実施できる時間帯を検討する。,Aさんが自立してできる方法を検討する。,E,,false,,false,notebooklm,2026-04-05T01:24:41.676Z
2015_nrs_15_pm118,nursing,2015,118,2.災害と看護,B.災害各期の特徴と看護,災害時の被災者・支援者の身体反応と心理過程,3,"昼間のAちゃんは体育館の中を走り回っている。また、指しゃぶりをしながら両親の姿を気にしているが、近づいて甘えようとはしない。,,
Aちゃんの反応で正しいのはどれか。",自我同一性の拡散,急性ストレス障害,外傷後ストレス障害＜PTSD＞,注意欠陥多動性障害＜ADHD＞,,B,,false,,false,notebooklm,2026-04-05T01:24:41.676Z
2015_nrs_15_pm119,nursing,2015,119,2.災害と看護,B.災害各期の特徴と看護,災害各期における要支援者を含むすべての被災者への看護,3,"Aちゃんの母親は自分の両親と連絡がとれた。避難所生活5日目、親子3人で過ごすことが多くなってきた。Aちゃんの活気がなくなってきている。,,
地域の病院から派遣された看護師の対応で最も適切なのはどれか。",両親のAちゃんへの関わりを見守る。,Aちゃんと災害時のことを一緒に話す。,Aちゃんが他の子どもと遊べる機会をつくる。,災害時の様子を絵に描くようAちゃんに勧める。,,C,,false,,false,notebooklm,2026-04-05T01:24:41.676Z
2015_nrs_15_pm120,nursing,2015,120,2.災害と看護,B.災害各期の特徴と看護,災害各期における要支援者を含むすべての被災者への看護,3,"避難から3週後、Aちゃん家族は仮設住宅に移動が決定し、両親は忙しくしている。Aちゃんは1人で過ごすことが多く、絵本を持ってぼんやりとしていることが多い。母親からAちゃんの様子がいつもと違うと看護師に相談があった。,,
母親への対応で最も適切なのはどれか。",引っ越しすることを説明するよう促す。,スキンシップの時間を増やすように促す。,すぐに専門医の外来を受診するよう促す。,子どもの反応は母親の関わりが原因だと話す。,,B,,false,,false,notebooklm,2026-04-05T01:24:41.676Z
2016_nrs_16_am001,nursing,2016,1,1. 健康の定義と理解,C.受療状況,有訴者の状況,3,平成25年（2013年）の国民生活基礎調査による有訴者率（人工千対）で正しいのはどれか。,12.4,112.4,312.4,512.4,,C,,false,,false,notebooklm,2026-04-05T01:24:41.676Z
2016_nrs_16_am002,nursing,2016,2,11. 徴候と疾患,B.主要な疾患による健康障害,感染症,3,平成25年（2013年）の感染症発生動向調査による年間の性感染症＜STD＞の報告数で最も多いのはどれか。,性器クラミジア感染症,尖圭コンジローマ,性器ヘルペス,淋菌感染症,,A,,false,,false,notebooklm,2026-04-05T01:24:41.676Z
2016_nrs_16_am003,nursing,2016,3,3.看護で活用する社会保障,A.医療保険精度の基本,国民医療費,3,平成25年（2013年）の国民医療費はどれか。,約400億円,"約4,000億円",約4兆円,約40兆円,,D,,false,,false,notebooklm,2026-04-05T01:24:41.676Z
2016_nrs_16_am004,nursing,2016,4,3.看護で活用する社会保障,B.介護保険制度の基本,被保険者,3,介護保険法で第1号被保険者と規定されているのはどれか。,45歳以上,55歳以上,65歳以上,75歳以上,,C,,false,,false,notebooklm,2026-04-05T01:24:41.676Z
2016_nrs_16_am005,nursing,2016,5,5.看護に関わる基本的法律,A.保健師助産師看護師法,保健師・助産師・看護師の義務（守秘義務・業務従事者届出の義務、臨床研修等を受ける努力義務）,3,看護師の業務従事者届の届出の間隔として規定されているのはどれか。,1年,2年,5年,10年,,B,,false,,false,notebooklm,2026-04-05T01:24:41.676Z
2016_nrs_16_am006,nursing,2016,6,7.人間のライフサイクル各期の特徴と生活,B.新生児・乳児期,身体の発育,3,標準的な発育をしている乳児の体重が出生時の体重の約2倍になる時期はどれか。,生後3か月,生後6か月,生後9か月,生後12か月,,A,,false,,false,notebooklm,2026-04-05T01:24:41.676Z
2016_nrs_16_am007,nursing,2016,7,7.人間のライフサイクル各期の特徴と生活,E.思春期,第二次性徴,3,第二次性徴による身体の変化で正しいのはどれか。,精　通,体重減少,内臓脂肪の増加,第1大臼歯の萌出,,A,,false,,false,notebooklm,2026-04-05T01:24:41.676Z
2016_nrs_16_am008,nursing,2016,8,7.人間のライフサイクル各期の特徴と生活,G.老年期,身体的機能の変化,3,老年期の身体的な特徴で正しいのはどれか。,尿量の増加,味覚の感度の向上,体温調節能の低下,外来抗原に対する抗体産生の亢進,,C,,false,,false,notebooklm,2026-04-05T01:24:41.676Z
2016_nrs_16_am009,nursing,2016,9,9.主な看護活動の場と看護の機能,A.看護活動の場と機能・役割,病院、診療所,3,医療法で「地域の医療従事者の資質の向上を図るための研修を行わせる能力を有すること」と定められているのはどれか。,助産所,診療所,特定機能病院,地域医療支援病院,,D,,false,,false,notebooklm,2026-04-05T01:24:41.676Z
2016_nrs_16_am010,nursing,2016,10,15.患者の安全・安楽を守る看護技術,B.医療安全対策,コミュニケーションエラーの防止,3,ヒューマンエラーによる医療事故を防止するための対策で最も適切なのはどれか。,性格検査の実施,事故発生時の罰則の規定,注意力強化のための訓練の実施,操作を誤りにくい医療機器の導入,,D,,false,,false,notebooklm,2026-04-05T01:24:41.676Z
2016_nrs_16_am011,nursing,2016,11,10.人体の構造と機能,A.人体の基本的な構造と正常な機能,循環器系,3,大動脈に血液を送り出す部位はどれか。,左心室,右心室,左心房,右心房,,A,,false,,false,notebooklm,2026-04-05T01:24:41.676Z
2016_nrs_16_am012,nursing,2016,12,11.徴候と疾患,A.主要な症状と徴候,吐血、喀血,3,喀血が起こる出血部位で正しいのはどれか。,頭蓋内,気　道,食　道,胆　道,,B,,false,,false,notebooklm,2026-04-05T01:24:41.676Z
2016_nrs_16_am013,nursing,2016,13,11.徴候と疾患,A.主要な症状と徴候,胸痛,3,胸痛を訴えるのはどれか。,髄膜炎,腎結石,急性心筋梗塞,Méni&#xE8;re＜メニエール＞病,,C,,false,,false,notebooklm,2026-04-05T01:24:41.676Z
2016_nrs_16_am014,nursing,2016,14,11.徴候と疾患,A.主要な症状と徴候,運動麻痺,3,小脳失調でみられるのはどれか。,下肢の麻痺が認められる。,姿勢保持が困難になる。,血圧が不安定になる。,体がこわばる。,,B,,false,,false,notebooklm,2026-04-05T01:24:41.676Z
2016_nrs_16_am015,nursing,2016,15,17.精神機能,A.精神・心身の疾患の病態と診断・治療,せん妄,3,せん妄の誘発因子はどれか。,身体拘束,心血管障害,低栄養状態,電解質バランス異常,,A,,false,,false,notebooklm,2026-04-05T01:24:41.676Z
2016_nrs_16_am016,nursing,2016,16,12.薬物の作用とその管理,A.主な薬物の効果と副作用（有害事象）,中枢神経作用薬,3,目的とする効果が安定して発現するまでに最も時間がかかる薬はどれか。,睡眠薬,鎮痛薬,抗うつ薬,抗血栓薬,,C,,false,,false,notebooklm,2026-04-05T01:24:41.676Z
2016_nrs_16_am017,nursing,2016,17,12.薬物の作用とその管理,B.薬物の管理,保存・管理方法,3,"医薬品表示を別に示す。,,
劇薬の表示で正しいのはどれか。",①,②,③,④,,D,,false,,false,notebooklm,2026-04-05T01:24:41.676Z
2016_nrs_16_am018,nursing,2016,18,14.日常生活援助技術,A.食事,食事の環境整備、食事介助,3,自力での摂取が困難な臥床患者の食事介助で適切なのはどれか。,水分摂取の介助を控える。,仰臥位の姿勢を保持するよう介助する。,食事内容が見える位置に食器を配置する。,患者の下顎が上がるよう上方からスプーンで介助する。,,C,,false,,false,notebooklm,2026-04-05T01:24:41.676Z
2016_nrs_16_am019,nursing,2016,19,14.日常生活援助技術,D.清潔,手浴、足浴,3,足浴の効果で最も期待されるのはどれか。,食欲増進,睡眠の促進,筋緊張の亢進,皮膚温の低下,,B,,false,,false,notebooklm,2026-04-05T01:24:41.676Z
2016_nrs_16_am020,nursing,2016,20,2. 健康に影響する要因,B.生活環境,住環境,3,療養施設、社会福祉施設等が集合して設置されている地域の昼間の騒音について、環境基本法に基づく環境基準で定められているのはどれか。,20dB以下,50dB以下,80dB以下,110dB以下,,B,,false,,false,notebooklm,2026-04-05T01:24:41.676Z
2016_nrs_16_am021,nursing,2016,21,15.患者の安全・安楽を守る看護技術,C.感染対策対策,滅菌と消毒,3,オートクレープによる滅菌法はどれか。,乾熱滅菌,プラズマ滅菌,高圧蒸気滅菌,酸化エチレンガス滅菌,,C,,false,,false,notebooklm,2026-04-05T01:24:41.676Z
2016_nrs_16_am022,nursing,2016,22,16.診療に伴う看護技術,C.輸液・輸血管理,刺入部位の観察,3,点滴静脈内注射中の刺入部位の腫脹を確認したときに、最初に実施するのはどれか。,体位を変える。,注入を中止する。,刺入部位を拳上する。,周囲のマッサージを行う,,B,,false,,false,notebooklm,2026-04-05T01:24:41.676Z
2016_nrs_16_am023,nursing,2016,23,16.診療に伴う看護技術,E.呼吸管理,気管内吸引,3,成人患者の気管内の一時的吸引における吸引圧で正しいのはどれか。,－100～－150mmHg,－200～－250mmHg,－300～－350mmHg,－400～－450mmHg,,A,,false,,false,notebooklm,2026-04-05T01:24:41.676Z
2016_nrs_16_am024,nursing,2016,24,5.診療に伴う看護技術,B.皮膚・創傷管理,洗浄、保護、包帯法,3,包帯法の原則として適切なのはどれか。,患部を強く圧迫する。,屈伸可能な関節は固定する。,中枢から末梢に向けて巻く。,使用部位によって包帯を使い分ける。,,D,,false,,false,notebooklm,2026-04-05T01:24:41.676Z
2016_nrs_16_am025,nursing,2016,25,10.人体の構造と機能,A.人体の基本的な構造と正常な機能,妊娠・分娩・産褥の経過,3,経腟分娩の正常な経過で最初に起こるのはどれか。,発　露,排　臨,胎盤の娩出,児頭の娩出,子宮口の全開大,E,,false,,false,notebooklm,2026-04-05T01:24:41.676Z
2016_nrs_16_am026,nursing,2016,26,1.細胞と組織,D.組織,上皮組織,3,単層円柱上皮はどれか。,表　皮,腹　膜,膀　胱,胃,,D,,false,,false,notebooklm,2026-04-05T01:24:41.676Z
2016_nrs_16_am027,nursing,2016,27,5.感覚器系,D.平衡感覚,平衡器官の構造,3,角加速度を感知するのはどれか。,耳　管,前　庭,耳小骨,半規管,,D,,false,,false,notebooklm,2026-04-05T01:24:41.676Z
2016_nrs_16_am028,nursing,2016,28,10.呼吸器系,C.縦隔,縦隔に含まれる器官,3,縦隔に含まれるのはどれか。,肺,胸　腺,副　腎,甲状腺,,B,,false,,false,notebooklm,2026-04-05T01:24:41.676Z
2016_nrs_16_am029,nursing,2016,29,11.消化器系,B.消化と吸収,膵臓の構造と機能,3,膵液について正しいのはどれか。,弱アルカリ性である。,糖質分解酵素を含まない。,セクレチンによって分泌量が減少する。,Langerhans＜ランゲルハンス＞島のβ細砲から分泌される。,,A,,false,,false,notebooklm,2026-04-05T01:24:41.676Z
2016_nrs_16_am030,nursing,2016,30,15.内分泌系,C.内分泌器官の構造とホルモンの機能,下垂体,3,ホルモンと分泌部位の組合せで正しいのはどれか。,サイロキシン -- 副甲状腺,テストステロン -- 前立腺,バソプレシン -- 副腎皮質,プロラクチン -- 下垂体前葉,,D,,false,,false,notebooklm,2026-04-05T01:24:41.676Z
2016_nrs_16_am031,nursing,2016,31,8.内部環境調節機能,B.代謝異常の疾患の病態と診断・治療,メタボリックシンドローム、肥満症,3,"腹部CTを別に示す。,,
矢印で示す部位について正しいのはどれか。",肥満細胞で構成される。,厚さはBMIの算出に用いられる。,厚い場合は洋梨型の体型の肥満が特徴的である。,厚い場合はメタボリックシンドロームと診断される。,,C,,false,,false,notebooklm,2026-04-05T01:24:41.676Z
2016_nrs_16_am032,nursing,2016,32,4.疾病にたいする医療,C.治療方法,放射線治療,3,放射線療法について正しいのはどれか。,Gyは吸収線量を表す。,主に非電離放射線を用いる。,電子線は生体の深部まで到達する。,多門照射によって正常組織への線量が増加する。,,A,,false,,false,notebooklm,2026-04-05T01:24:41.676Z
2016_nrs_16_am033,nursing,2016,33,12.神経機能,A.中枢神経系の疾患の病態と診断・治療,認知症（Alzheimer＜アルツハイマー＞病、血管性認知症、Lewy＜レビー＞小体型認知症、前頭側頭型認知症）,3,Alzheimer＜アルツハイマー＞病で正しいのはどれか。,基礎疾患として高血圧症が多い。,初期には記銘力障害はみられない。,アミロイドβタンパクが蓄積する。,MRI所見では前頭葉の萎縮が特徴的である。,,C,,false,,false,notebooklm,2026-04-05T01:24:41.676Z
2016_nrs_16_am034,nursing,2016,34,3.看護における基本技術,E.フィジカルアセスメント,全身の診察（全身の観察、バイタルサイン）,3,"ペースメーカー装着患者における右心室ペーシング波形の心電図を別に示す。心電図の記録速度は通常の25mm/秒であり、矢印で示した小さなノッチがペースメーカーからの電気刺激が入るタイミングを示している。,,
心電図波形によって計測した心拍数で正しいのはどれか。",30/分以上、50/分未満,50/分以上、70/分未満,70/分以上、90/分未満,90/分以上、99/分以下,,C,,false,,false,notebooklm,2026-04-05T01:24:41.676Z
2016_nrs_16_am035,nursing,2016,35,4.社会保険制度の基本,E.その他の関係法規,労働者災害補償保険法,3,労働者災害補償保険法に規定されているのはどれか。,失業時の教育訓練給付金,災害発生時の超過勤務手当,有害業務従事者の健康診断,業務上の事故による介護補償給付,,D,,false,,false,notebooklm,2026-04-05T01:24:41.676Z
2016_nrs_16_am036,nursing,2016,36,6.健康と公衆衛生,A.公衆衛生の理念,一次予防、二次予防、三次予防,3,高齢者における肺炎の三次予防はどれか。,口腔内の衛生管理,肺炎球菌ワクチンの接種,呼吸リハビリテーション,健康診断での胸部エックス線撮影,,C,,false,,false,notebooklm,2026-04-05T01:24:41.676Z
2016_nrs_16_am037,nursing,2016,37,2.看護の展開,A.対象との関係の形成,信頼関係,3,患者と看護師の関係において、ラポールを意味するのはどれか。,侵されたくない個人の空間,人間対人間の関係の確立,意図的な身体への接触,自己開示,,B,,false,,false,notebooklm,2026-04-05T01:24:41.676Z
2016_nrs_16_am038,nursing,2016,38,3.看護における基本技術,C.看護過程,情報収集,3,看護における情報について正しいのはどれか。,尺度で測定された患者の心理状態は主観的情報である。,入院費用に関する患者の不安は客観的情報である。,観察した食事摂取量は客観的情報である。,既往歴は主観的情報である。,,C,,false,,false,notebooklm,2026-04-05T01:24:41.677Z
2016_nrs_16_am039,nursing,2016,39,3.看護における基本技術,E.フィジカルアセスメント,系統別のフィジカルアセスメント,3,"Barré＜バレー＞徴候の査定の開始時と判定時の写真を別に示す。,,
左上肢のBarré＜バレー＞徴候陽性を示すのはどれか。",①,②,③,④,,D,,false,,false,notebooklm,2026-04-05T01:24:41.677Z
2016_nrs_16_am040,nursing,2016,40,3.看護における基本技術,I.終末期のケア,終末期の家族のケア死亡後のケア,3,入院中の妻を亡くした直後の夫へのグリーフケアで最も適切なのはどれか。,妻の話を夫とすることは避ける。,夫の悲嘆が軽減してからケアを開始する。,夫が希望する場合は死後の処置を一緒に行う。,妻を亡くした夫のためのサポートグループへの参加を促す。,,C,,false,,false,notebooklm,2026-04-05T01:24:41.677Z
2016_nrs_16_am041,nursing,2016,41,4.日常生活援助技術,B.食事と栄養,治療食、療養食,3,ヨード制限食が提供されるのはどれか。,甲状腺シンチグラフィ,慢性腎不全の治療,肝臓の庇護,貧血の治療,,A,,false,,false,notebooklm,2026-04-05T01:24:41.677Z
2016_nrs_16_am042,nursing,2016,42,5.診療に伴う看護技術,A.呼吸、循環、体温調整,血圧・血流を保持する姿勢,3,体位が身体に与える影響について正しいのはどれか。,座位から仰臥位になると楽に呼吸ができる。,立位と比較して座位の方が収縮期血圧は低い。,仰臥位から急に立位になると脈拍が速くなる。,立位からTrendelenburg＜トレンデレンブルグ＞位になると収縮期血圧が下降する。,,C,,false,,false,notebooklm,2026-04-05T01:24:41.677Z
2016_nrs_16_am043,nursing,2016,43,4.日常生活援助技術,F.清潔と衣生活,清潔行動・衣生活の自立困難な人への援助,3,洗髪を行うときに、患者のエネルギー消質が最も少ない体位はどれか。,仰臥位,端座位,起座位,Fowler＜ファウラー＞位,,A,,false,,false,notebooklm,2026-04-05T01:24:41.677Z
2016_nrs_16_am044,nursing,2016,44,5.診療に伴う看護技術,E.救命救急処置,止血法,3,前腕部からの動脈性の外出血に対する用手間接圧迫法で血流を遮断するのはどれか。,鎖骨下動脈,腋窩動脈,上腕動脈,橈骨動脈,,C,,false,,false,notebooklm,2026-04-05T01:24:41.677Z
2016_nrs_16_am045,nursing,2016,45,1.看護におけるマネジメント,E.医療安全を維持する仕組みと対策,医療事故・インシデントレポートの分析と活用,3,看護師が医療事故を起こした場合の法的責任について正しいのはどれか。,罰金以上の刑に処せられた者は行政処分の対象となる。,事故の程度にかかわらず業務停止の処分を受ける。,民事責任として業務上過失致死傷罪に問われる。,刑法に基づき所属施設が使用者責任を問われる。,,A,,false,,false,notebooklm,2026-04-05T01:24:41.677Z
2016_nrs_16_am046,nursing,2016,46,2.成人における健康の保持・増進や疾病の予防,B.職業に関連する健康課題,職業性疾患、作業関連疾患,3,疾患と原因となる生活習慣の組合せで適切なのはどれか。,低血圧症 -- 飲　酒,心筋梗塞 -- 長時間労働,悪性中皮腫 -- 喫　煙,1型糖尿病 -- 過　食,,B,,false,,false,notebooklm,2026-04-05T01:24:41.677Z
2016_nrs_16_am047,nursing,2016,47,16.診療に伴う看護技術,F.救命救急処置,自動体外式除細動器<AED>,3,自動体外式除細動器＜AED＞による電気的除細動の適応となるのはどれか。,心静止,心房細動,心室細動,房室ブロック,,C,,false,,false,notebooklm,2026-04-05T01:24:41.677Z
2016_nrs_16_am048,nursing,2016,48,5.周術期にある患者と家族の看護,B.術中の看護,手術体位による影響と援助,3,術中の仰臥位の保持によって発生することがある腕神経叢麻痺の原因はどれか。,上腕の持続的圧迫,前腕の回外の持続,肘関節の持続的圧迫,上肢の90度以上の外転,,D,,false,,false,notebooklm,2026-04-05T01:24:41.677Z
2016_nrs_16_am049,nursing,2016,49,8.がん患者と家族への看護,B.がん患者の集学的治療と看護,薬物療法と看護,3,点滴静脈内注射によって抗癌薬を投与している患者の看護で適切なのはどれか。,悪心は薬で緩和する。,留置針は原則として手背に挿入する。,血管痛がある場合は直ちに留置針を差し替える。,2回目以降の投与では過敏症の症状の確認は必要ない。,,A,,false,,false,notebooklm,2026-04-05T01:24:41.677Z
2016_nrs_16_am050,nursing,2016,50,9.終末期にある患者および緩和ケアを必要とする患者と家族への看護,A.緩和ケアを必要とする患者と家族への看護,慢性心不全患者 慢性呼吸不全患者,3,"Aさん（60歳、男性）は、慢性心不全の終末期で、積極的な治療を行わないことを希望している。現在、入院中で、リザーバーマスク10L/分で酸素を吸入し、水分制限がある。時々息切れがみられるが、Aさんは面会に来た長女との会話を楽しみにしている。バイタルサインは呼吸数28/分、脈拍110/分、血圧76/50mmHg、経皮的動脈血酸素飽和度＜SpO2＞88%であった。,,
このときの対応で最も適切なのはどれか。",面会は制限しない。,水分制限を厳しくする。,Aさんに仰臥位を維持してもらう。,面会中は酸素マスクを鼻腔カニューラに変更する。,,A,,false,,false,notebooklm,2026-04-05T01:24:41.677Z
2016_nrs_16_am051,nursing,2016,51,7.栄養の摂取・消化・吸収・代謝機能,D.肝臓・胆・膵臓の疾患の病態と診断・治療,炎症性疾患（肝炎、胆 管炎、胆囊炎、膵炎）,3,"Aさん（42歳、女性）は、3日前から微熱と強い全身倦怠感を自覚したため病院を受診したところ、肝機能障害が認められ、急性肝炎の診断で入院した。1か月前に生の牡蠣を摂取している。Aさんはこれまで肝臓に異常を指摘されたことはなく、家族で肝臓疾患を罹患した者はいない。,,
Aさんが罹患した肝炎について正しいのはどれか。",細菌感染である。,劇症化する危険性がある。,慢性肝炎に移行しやすい。,インターフェロン療法を行う。,,B,,false,,false,notebooklm,2026-04-05T01:24:41.677Z
2016_nrs_16_am052,nursing,2016,52,15.内分泌機能障害のある患者の看護,B.検査・処置を受ける患者への看護,ホルモン負荷試験,3,ホルモン負荷試験について正しいのはどれか。,ホルモン分泌異常を生じている部位の推定に用いる。,分泌異常が疑われるホルモンを投与する。,前日の夕食から禁食にする。,入院が必要である。,,A,,false,,false,notebooklm,2026-04-05T01:24:41.677Z
2016_nrs_16_am053,nursing,2016,53,21.性・生殖・乳腺機能障害のある患者の看護,B.検査・処置を受ける患者への看護,マンモグラフィー,3,乳癌の自己検診法の説明で適切なのはどれか。,月経前に行う。,年に1回実施する。,指先を立てて乳房に触る。,乳房の皮膚のくぼみの有無を観察する。,,D,,false,,false,notebooklm,2026-04-05T01:24:41.677Z
2016_nrs_16_am054,nursing,2016,54,4.老年看護の基本,A.老年看護に用いられる概念・モデル・理論,国際生活機能分類＜ICF＞,3,高齢者の看護において目標志向型思考を重視する理由で最も適切なのはどれか。,疾患の治癒促進,老化現象の進行の抑制,病態の関連図の作成の効率化,生活全体を豊かにするケアの実践,,D,,false,,false,notebooklm,2026-04-05T01:24:41.677Z
2016_nrs_16_am055,nursing,2016,55,5.高齢者の生活を支える看護,F.高齢者の活動と休息のバランスの特徴と援助,身体機能・認知機能に応じた活動と休息の支援,3,高齢者の活動と休息のリズムの調整について最も適切なのはどれか。,午前中に日光を浴びる機会をつくる。,昼食後に入浴する。,昼寝をしない。,就寝前に水分を多く摂る。,,A,,false,,false,notebooklm,2026-04-05T01:24:41.677Z
2016_nrs_16_am056,nursing,2016,56,5.高齢者の生活を支える看護,C.高齢者の食事・食生活の特徴と援助,摂食・嗅下障害,3,加齢による咀嚼・嚥下障害の特徴で正しいのはどれか。,咳嗽反射が低下する。,口腔内の残渣物が減る。,唾液の粘稠度が低下する。,食道入口部の開大が円滑になる。,,A,,false,,false,notebooklm,2026-04-05T01:24:41.677Z
2016_nrs_16_am057,nursing,2016,57,5.高齢者の生活を支える看護,A.高齢者のコミュニケーションの特徴と援助,身体機能・認知機能・個性に応じたコミュニケーションの方法,3,"Aさん（85歳、女性）は、両側の感音難聴で｢音は聞こえるけれど、話の内容が聞き取れないので困っています｣と話した。,,
Aさんに対する看護師の対応で適切なのはどれか。",大きな声で話す。,話の内容をより詳しく説明する。,Aさんが文字盤を使えるようにする。,看護師の口の動きが見えるように話す。,,D,,false,,false,notebooklm,2026-04-05T01:24:41.677Z
2016_nrs_16_am058,nursing,2016,58,12.神経機能,A.中枢神経系の疾患の病態と診断・治療,認知症（Alzheimer＜アルツハイマー＞病、血管性認知症、Lewy＜レビー＞小体型認知症、前頭側頭型認知症）,3,Lewy＜レビー＞小体型認知症の初期にみられる症状はどれか。,幻　視,失　語,脱抑制,人格変化,,A,,false,,false,notebooklm,2026-04-05T01:24:41.677Z
2016_nrs_16_am059,nursing,2016,59,11.人々の健康を支える職種やサービス提供体制に関する法や施策,C.サービスの提供体制,医療提供施設（病院、診療所、助産所、介護医療院、介護老人保健施設等）の機能,3,介護保険法で｢入所する要介護者に対し、施設サービス計画に基づいて、入浴、排せつ、食事等の介護その他の日常生活上の世話、機能訓練、健康管理及び療養上の世話を行うことを目的とする施設｣と規定されているのはどれか。,介護老人保健施設,介護老人福祉施設,介護療養型医療施設,介護療養型老人保健施設,,B,,false,,false,notebooklm,2026-04-05T01:24:41.677Z
2016_nrs_16_am060,nursing,2016,60,5.社会福祉の基本,F.児童に関する制度,児童福祉法,3,出産や育児に関する社会資源と法律の組合せで正しいのはどれか。,入院助産 -- 児童福祉法,出産扶助 -- 母体保護法,出産手当金 -- 母子保健法,養育医療 -- 児童手当法,,A,,false,,false,notebooklm,2026-04-05T01:24:41.677Z
2016_nrs_16_am061,nursing,2016,61,3.女性のライフサイクル各期における看護,B.思春期・成熟期女性の健康課題,月経異常、月経随伴症状,3,"Aさん（16歳、女子）。身長160cm、体重40kg。1年で体重が12kg減少した。Aさんは6か月前から月経がみられないため婦人科クリニックを受診し、体重減少性無月経と診断された。,,
今後、Aさんの無月経が長期間続いた場合、増加することが予想されるのはどれか。",血糖値,骨吸収,体脂肪率,エストロゲン,,B,,false,,false,notebooklm,2026-04-05T01:24:41.677Z
2016_nrs_16_am062,nursing,2016,62,5.社会福祉の基本,H.その他の制度,配偶者からの暴力の防止及び被害者の保護等に関する法律＜DV防止法＞,3,配偶者からの暴力の防止及び被害者の保護等に関する法律＜DV防止法＞で正しいのはどれか。,婚姻の届出をしていない場合は保護の対象とはならない。,暴力を受けている者を発見した者は保健所へ通報する。,暴力には心身に有害な影響を及ぼす言葉が含まれる。,母子健康センターは被害者の保護をする。,,C,,false,,false,notebooklm,2026-04-05T01:24:41.677Z
2016_nrs_16_am063,nursing,2016,63,4.妊娠期の看護,A.正常な妊娠経過と妊娠期の異常,感染症,3,妊婦の感染症と児への影響の組合せで正しいのはどれか。,風　疹 -- 白内障,性器ヘルペス -- 聴力障害,トキソプラズマ症 -- 先天性心疾患,性器クラミジア感染症 -- 小頭症,,A,,false,,false,notebooklm,2026-04-05T01:24:41.677Z
2016_nrs_16_am064,nursing,2016,64,2.看護の展開,A.対象との関係の形成,信頼関係,3,"Aさん（68歳、女性）は、胃癌のため入院した。入院初日に「夫も癌になって、亡くなる前に痛みで苦しんでいました。私も痛みが怖いんです｣と言った。看護師は、Aさんが夫のように苦しむことへの恐怖や不安があることが分かり、Aさんとともに対処法について考えた。,,
この時点での患者-看護師関係の段階はどれか。",方向付け,同一化,開拓利用,問題解決,,A,,false,,false,notebooklm,2026-04-05T01:24:41.677Z
2016_nrs_16_am065,nursing,2016,65,8.地域ケアシステムにおける多職種連携,E.医療機関との連携,職種の役割と機能双方向で行う連携の目的ケアマネジメント・看護の役割,3,訪問看護の利用者に関する訪問看護と病院の外来看護の連携で適切なのはどれか。,訪問看護報告書は外来看護師に提出する。,利用者の個人情報の相互共有に利用者の承諾書は不要である。,利用者が使用している医療材料の情報を外来看護師と共有する。,訪問看護師から外来看護師に利用者の外来診察の予約を依頼する。,,C,,false,,false,notebooklm,2026-04-05T01:24:41.677Z
2016_nrs_16_am066,nursing,2016,66,7.在宅療養生活を支える看護,C.在宅療養者の排泄を支えるケア,排尿・排便のアセスメント,3,"Aさん（42歳、女性）は、交通事故による脊髄損傷で入院し、リハビリテーションを受けた。Aさんの排泄の状況は、間欠的導尿による排尿と、坐薬による3日に1回の排便である。同居する夫と実母が導尿の指導を受け、退院することになった。初回の訪問看護は退院後3日目とし、その後は訪問看護を週2回受けることになった。,,
入院していた医療機関から提供された患者情報のうち、初回訪問のケア計画を立案するのに最も優先度の高い情報はどれか。",食事の摂取量,1日の導尿回数,最終排便の日時,リハビリテーションの内容,,C,,false,,false,notebooklm,2026-04-05T01:24:41.677Z
2016_nrs_16_am067,nursing,2016,67,4.病気や診療・入院が子どもと家族に与える影響と看護,D.子どもの病気や診療・入院がきょうだい・家族に及ぼす影響と看護,きょうだい・家族のストレスへの支援,3,"A君（6歳、男児）は、父母と姉との4人で暮らしている。3歳児健康診査で運動機能の発達の遅延を指摘され、5歳のときにDuchenne＜デュシェンヌ＞型筋ジストロフィーの確定診断を受けた。現在は、床からの立ち上がり動作に介助が必要である。見守りが必要ではあるが、室内の歩行は自立している。在宅支援サービスは利用していない。A君の外来受診時に母親から｢最近、Aの世話をしていると、8歳の姉が私にしがみついて離れないので困ります｣と看護師に相談があった。,,
このときの看護師の対応で最も優先されるのはどれか。",姉の小学校の養護教諭に家庭訪問を依頼する。,姉にA君の歩行の見守りをさせるよう勧める。,短期入所を利用して父母と姉とで旅行するよう勧める。,居宅介護を利用して母が姉と関わる時間を確保することを提案する。,,D,,false,,false,notebooklm,2026-04-05T01:24:41.677Z
2016_nrs_16_am068,nursing,2016,68,7.在宅療養生活を支える看護,D.在宅療養者の清潔を支えるケア,清潔保持のためのケア,3,在宅で訪問看護師が行う要介護者の入浴に関する援助で適切なのはどれか。,入浴前後に水分摂取を促す。,浴室の換気は入浴直前に行う。,浴槽に入っている間に更衣の準備をする。,入浴前の身体状態の観察を家族に依頼する。,,A,,false,,false,notebooklm,2026-04-05T01:24:41.677Z
2016_nrs_16_am069,nursing,2016,69,5.療養の場に応じた地域・在宅看護,B.療養の場の移行に伴う看護,入退院支援,3,"Aさん（65歳、女性）は、夫と実父との3人暮らしである。脊柱管狭窄症の術後、地域包括ケア病棟に入院中である。退院後は自宅に戻り室内で車椅子を利用する予定である。Aさんの障害高齢者の日常生活自立度判定基準はB-1である。,,
看護師による家族への指導で最も適切なのはどれか。",家族の生活習慣を中心に屋内環境を整備する。,夜間の車椅子によるトイレへの移動は制限する。,退院後の生活の課題に応じて福祉用具を選定する。,ベッドから車椅子への移動介助にリフトの導入を勧める。,,C,,false,,false,notebooklm,2026-04-05T01:24:41.677Z
2016_nrs_16_am070,nursing,2016,70,11.人々の健康を支える職種やサービス提供体制に関する法や施策,A.看護職に関する法,保健師助産師看護師法,3,特定行為に係る看護師の研修制度に関して正しいのはどれか。,特定行為は診療の補助行為である。,研修は都道府県知事が指定する研修機関で実施する。,研修を受けるには10年以上の実務経験が必要である。,看護師等の人材確保の促進に関する法律に定められている。,,A,,false,,false,notebooklm,2026-04-05T01:24:41.677Z
2016_nrs_16_am071,nursing,2016,71,1.看護におけるマネジメント,A.看護におけるマネジメントの目的と方法,看護マネジメントの目的とプロセス,3,"ある組織では、リーダーの支援の下でグループ討議を経て方針を決定している。,,
このリーダーシップスタイルはどれか。",委任的リーダーシップ,参加的リーダーシップ,教示的リーダーシップ,カリスマ的リーダーシップ,,B,,false,,false,notebooklm,2026-04-05T01:24:41.677Z
2016_nrs_16_am072,nursing,2016,72,3.国際化と看護,B.グローバルな社会における看護,看護の対象となる人々（在留外国人、在外日本人、帰国日本人、国際協力活動を必要とする人々）の健康課題,3,"Aさん（32歳、女性）は小児専門の病院に勤務していたが、国際保健医療協カプログラムで中央アフリカ地域の州事務所に母子保健担当の看護師として派遣された。この地域は長く紛争が続き、母子の健康状態が不良と聞いた。,,
Aさんが現地で最初に行う業務はどれか。",経口補水液の配布,乳幼児の栄養状態の把握,女性の識字率向上の支援,病院における母子看護業務の把握,,B,,false,,false,notebooklm,2026-04-05T01:24:41.677Z
2016_nrs_16_am073,nursing,2016,73,5.感覚器系,A.体性感覚,刺激と感覚受容,3,最も順応しにくいのはどれか。,視　覚,嗅　覚,味　覚,触　覚,痛　覚,E,,false,,false,notebooklm,2026-04-05T01:24:41.677Z
2016_nrs_16_am074,nursing,2016,74,6.循環機能,C.血圧異常の病態と診断・治療,起立性低血圧,3,起立性低血圧について正しいのはどれか。,脱水との関連はない。,高齢者には起こりにくい。,塩分の過剰摂取によって起こる。,脳血流の一時的な増加によって生じる。,自律神経障害を起こす疾患で生じやすい。,E,,false,,false,notebooklm,2026-04-05T01:24:41.677Z
2016_nrs_16_am075,nursing,2016,75,1.社会・家族機能と生活基盤の変化,B.家族機能の変化,婚姻、離婚,3,平成26年（2014年）の人口動態統計における妻の平均初婚年齢はどれか。,23.4歳,25.4歳,27.4歳,29.4歳,31.4歳,D,,false,,false,notebooklm,2026-04-05T01:24:41.677Z
2016_nrs_16_am076,nursing,2016,76,7.公衆衛生における感染症と対策,B.主要な感染症と動向,人獣共通感染症,3,人獣共通感染症で蚊が媒介するのはどれか。,Q　熱,黄　熟,狂犬病,オウム病,重症熱性血小板減少症候群＜SFTS＞,B,,false,,false,notebooklm,2026-04-05T01:24:41.677Z
2016_nrs_16_am077,nursing,2016,77,11.人々の健康を支える職種やサービス提供体制に関する法や施策,B.医療や社会福祉の関連職に関する法,臨床検査技師等に関する法律,3,医療職や介護職の業務で法律に規定されているのはどれか。,介護福祉士は訪問看護ができる。,薬剤師は薬を処方することができる。,臨床検査技師は肘静脈から採血ができる。,看護師は病院の管理者となることができる。,診療放射線技師はエックス線写真に基づく診断ができる。,C,,false,,false,notebooklm,2026-04-05T01:24:41.677Z
2016_nrs_16_am078,nursing,2016,78,7.人間のライフサイクル各期の特徴と生活,E.思春期,親からの自立,3,思春期に、親や家族との関係が依存的な関係から対等な関係に変化し、精神的に自立することを示すのはどれか。,自我同一性の獲得,心理的離乳,愛着形成,探索行動,母子分離,B,,false,,false,notebooklm,2026-04-05T01:24:41.677Z
2016_nrs_16_am079,nursing,2016,79,5.検査や処置を受ける子どもと家族への看護,A.小児特有の診療（検査、処置）に伴う技術と看護,採尿,3,排泄が自立していない男児の一般尿を採尿バッグを用いて採取する方法で正しいのはどれか。,採尿バッグに空気が入らないようにする。,採尿口の下縁を陰茎の根元の位置に貼付する。,採尿バッグを貼付している間は座位とする。,採取できるまで1時間ごとに貼り替える。,採取後は貼付部位をアルコール綿で清拭する。,B,,false,,false,notebooklm,2026-04-05T01:24:41.677Z
2016_nrs_16_am080,nursing,2016,80,19.運動機能障害のある患者の看護,C.治療を受ける患者への看護,ギプス固定牽引法,3,"Aちゃん（6歳、女児）は、左上腕骨顆上骨折と診断され、牽引治療のために入院した。医師からAちゃんと家族に対し、牽引と安静臥床の必要性を説明した後、弾性包帯を用いて左上肢の介達牽引を開始した。,,
Aちゃんに対する看護で適切なのはどれか。",食事を全介助する。,左手指の熱感を観察する。,抑制ジャケットを装着する。,1日1回は弾性包帯を巻き直す。,痛みに応じて牽引の重錘の重さを変更する。,D,,false,,false,notebooklm,2026-04-05T01:24:41.677Z
2016_nrs_16_am081,nursing,2016,81,6.精神保健医療福祉の変遷と法や施策,A.患者の権利擁護＜アドボカシー＞,入院患者の基本的な処遇,3,"精神科病院の閉鎖病棟に入院中の患者宛てに厚みのある封筒が届いた。差出人は記載されていなかった。,,
当日の看護師の対応で適切なのはどれか。",患者に渡さず破棄する。,患者による開封に立ち会う。,開封せず患者の家族に転送する。,看護師が開封して内容を確認してから患者に渡す。,退院まで開封せずにナースステーションで保管する。,B,,false,,false,notebooklm,2026-04-05T01:24:41.677Z
2016_nrs_16_am082,nursing,2016,82,7.栄養の摂取・消化・吸収・代謝機能,C.下部消化管の疾患の病態と診断・治療,炎症性疾患（潰瘍性大腸炎、Crohn＜クローン＞病、虫垂炎、痔瘻）,3,潰瘍性大腸炎の特徴で正しいのはどれか。2つ選べ。,遺伝性である。,直腸に好発する。,縦走潰瘍が特徹である。,大腸癌の危険因子である。,大量の水様性下痢が特徴である。,B,D,,false,,true,notebooklm,2026-04-05T01:24:41.677Z
2016_nrs_16_am083,nursing,2016,83,5.社会福祉の基本,B.社会福祉に関わる機関,目的と機能福祉事務所児童相談所更生相談所,3,児童相談所について正しいのはどれか。2つ選べ。,国が設置する。,児童福祉司が配置されている。,母親を一時保護する機能を持つ。,知的障害に関する相談を受ける。,児童の保健について正しい衛生知識の普及を図る。,B,D,,false,,true,notebooklm,2026-04-05T01:24:41.677Z
2016_nrs_16_am084,nursing,2016,84,4.老年看護の基本,A.老年看護に用いられる概念・モデル・理論,国際生活機能分類＜ICF＞,3,国際生活機能分類＜ICF＞の構成要素はどれか。2つ選べ。,参　加,休　息,社会的不利,生活関連動作,心身機能・構造,A,E,,false,,true,notebooklm,2026-04-05T01:24:41.677Z
2016_nrs_16_am085,nursing,2016,85,12.神経機能,C.感覚器系の疾患の病態と診断・治療,視覚障害（白内障、緑内障、網膜剥離、網膜症）,3,"Aさん（48歳、男性）は、右眼の視野に見えにくい部位があることに気付き眼科を受診した。暗い部屋で見えにくいことはない。頭痛や悪心はない。,,
Aさんの疾患を診断するのに必要な検査はどれか。2つ選べ。",脳波検査,色覚検査,眼圧測定,眼底検査,眼球運動検査,C,D,,false,,true,notebooklm,2026-04-05T01:24:41.677Z
2016_nrs_16_am086,nursing,2016,86,7.公衆衛生における感染症と対策,B.主要な感染症と動向,再興感染症,3,麻疹に関して正しいのはどれか。2つ選べ。,合併症として脳炎がある。,感染力は発疹期が最も強い。,効果的な抗ウイルス薬がある。,2回のワクチン定期接種が行われている。,エンテロウイルスの感染によって発症する。,A,D,,false,,true,notebooklm,2026-04-05T01:24:41.677Z
2016_nrs_16_am087,nursing,2016,87,16.生殖器系,A.女性の生殖器系の構造と機能,性周期,3,"Aさん（30歳、女性）。月経周期は28日型で規則的である。5日間月経があり、現在、月経終了後14 日が経過した。,,
この時期のAさんの状態で推定されるのはどれか。2つ選べ。",排卵後である。,乳房緊満感がある。,子宮内膜は増殖期である。,基礎体温は低温相である。,子宮頸管の粘液量が増加する。,A,B,,false,,true,notebooklm,2026-04-05T01:24:41.677Z
2016_nrs_16_am088,nursing,2016,88,4.精神疾患・障害がある者とその家族への看護,B.心理・社会的療法,集団精神療法、集団力動,3,入院集団精神療法において。看護師が担うリーダーの役割で正しいのはどれか。2つ選べ。,患者間の発言量を均等にする。,沈黙も意味があると受け止める。,メンバーの座る位置を固定する。,患者の非言語的サインに注目する。,話題が変わった場合はすぐに戻す。,B,D,,false,,true,notebooklm,2026-04-05T01:24:41.677Z
2016_nrs_16_am089,nursing,2016,89,9.保健活動の基盤と制度,C.精神保健,自殺対策基本法,3,精神保健医療福祉に関する法律について正しいのはどれか。2つ選べ。,自殺対策基本法に基づき自殺総合対策大綱が策定されている。,障害者基本法の対象は身体障害と精神障害の2障害と規定されている。,発達障害者支援法における発達障害の定義には統合失調症が含まれる。,精神通院医療の公費負担は精神保健福祉法による自立支援医療で規定されている。,犯罪被害者等基本法は犯罪被害者等の権利利益の保護を図ることを目標としている。,A,E,,false,,true,notebooklm,2026-04-05T01:24:41.677Z
2016_nrs_16_am090,nursing,2016,90,2.災害と看護,A.災害時の医療を支えるしくみ,災害時の医療体制,3,災害拠点病院について正しいのはどれか。2つ選べ。,広域災害医療に対応する。,災害発生時に指定される。,医療救護班の派遣機能を持つ。,免震構造であることが指定要件である。,救急救命士の配置が義務付けられている。,A,C,,false,,true,notebooklm,2026-04-05T01:24:41.677Z
2016_nrs_16_am091,nursing,2016,91,7.栄養の摂取・消化・吸収・代謝機能,D.肝臓・胆・膵臓の疾患の病態と診断・治療,腫瘍（肝癌、胆嚢癌、胆管癌、膵癌）,3,Aさんのアセスメントで正しいのはどれか。2つ選べ。,脱水がある。,閉塞性黄疸である。,膵炎を発症している。,急性腎不全を発症している。,鉄欠乏性貧血の可能性がある。,B,E,,false,,true,notebooklm,2026-04-05T01:24:41.677Z
2016_nrs_16_am092,nursing,2016,92,12.消化・吸収機能障害のある患者への看護,B.検査・処置を受ける患者への看護,内視鏡的逆行性胆管膵管造影＜ERCP＞,3,"腹部造影CTにて膵頭部癌が疑われ、内視鏡的逆行性胆管膵管造影＜ERCP＞が行われ、膵液細胞診と膵管擦過細胞診とが行われた。また、内視鏡的経鼻胆道ドレナージ＜ENBD＞が行われ、ドレナージチューブが留置された。処置後18時間、チューブからの排液は良好で、腹痛はなく、Aさんはチューブが固定されている鼻翼の違和感を訴えている。バイタルサインは、体温37.1℃、脈拍76/分、血圧128/80mmHgであった。血液検査データは、総ビリルビン11.2mg/dL、直接ビリルビン8.2mg/dL、アミラーゼ96IU/L、白血球9,800/μＬ、CRP3.5mg/dLであった。,,
このときのAさんへの看護で正しいのはどれか。",禁食が続くことを伝える。,ベッド上安静が必要であることを伝える。,鼻翼にドレナージチューブが接触していないか確認する。,ドレナージチューブを持続吸引器に接続する準備をする。,,C,,false,,false,notebooklm,2026-04-05T01:24:41.677Z
2016_nrs_16_am093,nursing,2016,93,13.栄養代謝機能障害のある患者の看護,C.治療を受ける患者への看護,膵頭十二指腸切除術,3,"細胞診の結果、クラスⅤで膵頭部癌と診断された。上部消化管内視鏡検査で十二指腸に出血を伴う膵癌の浸潤を認め、胃切除を伴う膵頭十二指腸切除術が行われた。術後、中心静脈栄養法＜IVH＞を行ったがインスリンの投与は必要ないと判断された。経過は良好であり、食事が開始された。,,
このときのAさんに対する説明で適切なのはどれか。",便秘が起こりやすい。,脂質の制限は不要である。,カロリー制限が必要となる。,ダンピング症状が起こりやすい。,,D,,false,,false,notebooklm,2026-04-05T01:24:41.677Z
2016_nrs_16_am094,nursing,2016,94,19.運動機能障害のある患者の看護,C.治療を受ける患者への看護,ギプス固定牽引法,3,"入院後3日、左足趾のしびれと足背の疼痛を訴えた。,,
看護師の観察で適切なのはどれか。2つ選べ。",膝窩動脈を触知する。,足背の皮膚色を観察する。,足趾の屈伸運動が可能か確認する。,Volkmann＜フォルクマン＞拘縮の有無を確認する。,ギプスを数cmカットして浮腫の有無を確認する。,B,C,,false,,true,notebooklm,2026-04-05T01:24:41.677Z
2016_nrs_16_am095,nursing,2016,95,19.運動機能障害のある患者の看護,D.病期や機能障害に応じた看護,椎間板ヘルニア四肢切断後,3,"入院後6日、左前腕部の接着部から末梢側が壊死し、前腕切断術が行われた。術後4日、Aさんは幻肢痛を訴えた。,,
看護師の対応で適切なのはどれか。",切断端に弾力包帯を巻く。,切断端のマッサージを行う。,肘関節を屈曲したままにする。,鎮痛薬では幻肢痛を軽減できないことを説明する。,,A,,false,,false,notebooklm,2026-04-05T01:24:41.677Z
2016_nrs_16_am096,nursing,2016,96,7.リハビリテーションの特徴と看護,C.障害に対する受容と適応への看護,補助具・自助具の活用,3,"下肢は長下肢ギプスから膝蓋腱支持ギプスに変更され、左上肢は義肢が装着されて自宅へ退院することになった。,,
Aさんに対する退院指導で適切なのはどれか。",外出を控えるように指導する。,左前腕部に意識を集中しないように説明する。,義肢を装着して動作訓練を計画的に進めるよう指導する。,受傷前と同じ日常生活動作＜ADL＞ができることを目標に指導する。,,C,,false,,false,notebooklm,2026-04-05T01:24:41.677Z
2016_nrs_16_am097,nursing,2016,97,3.看護における基本技術,F.感染防止対策,標準予防策＜スタンダードプリコーション＞と感染経路別予防策,3,感染症の拡大を予防する方法で適切なのはどれか。,使い捨ての食器に変える。,汚物の付着した衣類は焼却処分する。,排泄介助を行う看護師はガウンを装着する。,Aさんの手指を速乾性擦式の手指消毒薬で消毒する。,Aさんが触れた歩行器を80%エタノールで清拭する。,C,,false,,false,notebooklm,2026-04-05T01:24:41.677Z
2016_nrs_16_am098,nursing,2016,98,11.徴候と疾患,A.主要な症状と徴候,脱水,3,"Aさんは下痢と嘔吐の症状が続き、発症当日の夜から、集中力の低下と頻脈とがみられた。口渇はない。翌朝は症状が軽減したものの、午後になり見当識障害も現れた。,,
Aさんに起きている状態として最も考えられるのはどれか。",脱　水,硬膜下血腫,認知症の中核症状,隔離による拘禁症状,,A,,false,,false,notebooklm,2026-04-05T01:24:41.677Z
2016_nrs_16_am099,nursing,2016,99,5.診療に伴う看護技術,B.皮膚・創傷管理,褥瘡の予防と治癒の促進,3,"発症から2日目の午後、Aさんの仙骨部に直径2cm程度のステージⅠの褥瘡が出現した。嘔吐は消失したが下痢が続き、2～5時間ごとにトイレを使用している。,,
この時点の褥瘡に対する看護で最も優先されるのはどれか。",壊死組織の除去,エアマットレスの使用,撥水性の高いクリームの塗布,亜鉛入りの栄養補助食品の摂取,,C,,false,,false,notebooklm,2026-04-05T01:24:41.677Z
2016_nrs_16_am100,nursing,2016,100,3.小児各期における健康増進のための子どもと家族への看護,F.感染症と予防,予防接種,3,看護師の説明で適切なのはどれか。,「尿量を計測してください」,「手術まで外来の受診はありません」,「予防接種の時期は主治医と相談してください」,「オムツを交換するたびに尿道口を消毒してください」,,C,,false,,false,notebooklm,2026-04-05T01:24:41.677Z
2016_nrs_16_am101,nursing,2016,101,20.排尿機能障害のある患者の看護,C.治療を受ける患者への看護,（カテーテル管理）,3,"A君は1歳3か月になり、尿道形成術を行うために入院した。手術当日、点滴静脈内注射による持続点滴と尿道カテーテルが挿人された状態で帰室した。創部の陰茎全体はガーゼとフィルムドレッシング材で保護されていた。手術翌日、ガーゼに茶褐色の血液が付着していた。創部が排便で汚染されており、ガーゼを外すと創部に軽度腫脹がみられているが膿の付着はない。尿道カテーテルの周囲から尿が漏れていた。A君は｢ママ｣と言い不機嫌に泣いている。体温37.0℃、呼吸数28/分、脈拍120/分、血圧100/58mmHgであった。,,
この時点のA君の状態として最も可能性が高いのはどれか。",創部痛はない。,出血が続いている。,創部の感染を起こしている。,尿道カテーテルが閉塞している。,,D,,false,,false,notebooklm,2026-04-05T01:24:41.677Z
2016_nrs_16_am102,nursing,2016,102,7.急性期にある子どもと家族への看護,C.周手術期における子どもと家族への看護,退院に向けての援助,3,"A君は、手術を受けて1週が経過した。全身状態が安定したため、尿道カテーテルが抜去された。医師から母親に「3日間、経過を観察し、問題がなければ退院できます。退院1か月後に外来を受診してください」と説明があった。退院から外来受診までの日常生活の留意点に関して看護師が母親へ指導することになった。,,
指導で適切なのはどれか。",「水分は控えましょう」,「入浴は避けましょう」,「1日1回導尿をしましょう」,「腹ばいの姿勢は避けましょう」,,D,,false,,false,notebooklm,2026-04-05T01:24:41.677Z
2016_nrs_16_am103,nursing,2016,103,8.慢性的な疾患・障害がある子どもと家族への看護,B.心身障害のある子どもと家族への看護,重症心身障害児と家族発達障害児と家族,3,"定期受診のため外来を受診した。バイタルサインは、体温37.5℃、呼吸数32/分、心拍数120/分、血圧108/48mmHgであった。両上肢と手関節は屈曲、両下肢は交差伸展し、背を反らしており、全身が緊張している。母親は看護師に｢Aは、便は出ない日がありますが大体毎日出ています。時々夜遅くまで眠らない日がありますが日中は機嫌良くしています」と話した。,,
母親に指導すべき内容で優先度が高いのはどれか。",感染予防,筋緊張の緩和,排便コントロール,呼吸機能の悪化予防,睡眠パターンのコントロール,B,,false,,false,notebooklm,2026-04-05T01:24:41.677Z
2016_nrs_16_am104,nursing,2016,104,8.慢性的な疾患・障害がある子どもと家族への看護,B.心身障害のある子どもと家族への看護,重症心身障害児と家族発達障害児と家族,3,"A君の食事について看護師が母親に尋ねると「食べこぼしが多く、食べながらうとうとしてしまい時間がかかるし、十分な量も食べられていません」と話した。,,
A君の食事に関する母親への指導で最も適切なのはどれか。",「経腸栄養剤の開始について医師と相談しましょう」,「ホームヘルパーの依頼を検討しましょう」,「食事時間を20分以内にしましょう」,「ペースト食にしてみましょう」,,D,,false,,false,notebooklm,2026-04-05T01:24:41.677Z
2016_nrs_16_am105,nursing,2016,105,8.慢性的な疾患・障害がある子どもと家族への看護,C.医療的ケアを必要とする子どもと家族への看護,入院生活から在宅への移行に向けた支援多職種との連携と社会資源の活用,3,"現在、A君の母親は妊娠16週で順調に経過している。母親は｢出産のときにAを預かってくれるところを探そうと思っています｣と看護師に話した。父親は会社員で、毎日20時ころ帰宅する。A君の祖父母は遠方に住んでおり支援をすることができない。,,
母親に情報提供する社会資源で最も適切なのはどれか。",乳児院,病児保育,情緒障害児短期入所施設,レスパイトを目的とする入院,ファミリーサポートセンター,D,,false,,false,notebooklm,2026-04-05T01:24:41.677Z
2016_nrs_16_am106,nursing,2016,106,7.早期新生児期の看護,B.早期新生児期のアセスメント,バイタルサイン,3,児の状態で正常から逸脱しているのはどれか。,体　温,呼吸数,心拍数,排尿回数,排便回数,B,,false,,false,notebooklm,2026-04-05T01:24:41.677Z
2016_nrs_16_am107,nursing,2016,107,7.早期新生児期の看護,C.早期新生児とその家族への看護,清潔,3,"生後2日、医師の診察で問題がないことが確認され、母児同室を開始した。身体測定を行うため、児を新生児室に移送した。児は四肢を屈曲させた姿勢で、体重計に乗せたとき両手を広げ、そのまま上肢を伸ばし抱きかかえるような動きをした。腹部には境界の不明瞭な紅斑が散在し、腋窩と鼠径部にはクリーム状のものが付着していた。,,
児の看護で適切なのはどれか。",手足を伸ばして寝かせる。,異常な反射があったと医師に報告する。,腹部の紅斑が散在している部位を消毒する。,腋窩と鼠径部のクリーム状の付着物は洗い落とさない。,,D,,false,,false,notebooklm,2026-04-05T01:24:41.677Z
2016_nrs_16_am108,nursing,2016,108,7.早期新生児期の看護,D.早期新生児の健康問題への看護,高ビリルビン血症,3,"生後3日、児の体重は3,000gになった。バイタルサインに異常はみられない。手掌と足底に黄疸がみられ、傾眠傾向にあった。血清ビリルビン値18.5mg/dL。母児同室を続けるため、コットに設置可能な光線療法器を用いて治療を行うことになった。,,
児の光線療法に関する母親への説明で適切なのはどれか。",「体温は低下します」,「便の回数は減ります」,「おむつは外して行います」,「直接授乳は続けましょう」,,D,,false,,false,notebooklm,2026-04-05T01:24:41.677Z
2016_nrs_16_am109,nursing,2016,109,5.安全な治療環境の提供,A.安全管理＜セーフティマネジメント＞,自傷行為、自殺企図、自殺予防,3,"入院後1週が経過した。Aさんはベッドに横になりじっと窓を見つめていることが多くなった。看護師が何をしているのか話しかけると、Aさんは｢死にたいと思っている｣と答えた。,,
このときの看護師の対応で適切なのはどれか。",話題を変える。,気分転換を促す。,すぐに良くなると励ます。,自殺しないことをAさんに約束してもらう。,,D,,false,,false,notebooklm,2026-04-05T01:24:41.677Z
2016_nrs_16_am110,nursing,2016,110,2.主な精神疾患・障害の特徴と看護,D.気分＜感情＞障害,臨床検査および心理検査と看護薬物療法と看護,3,"入院後4週が経過した。昨日は、午前中ホールに1回出てきたが、すぐに病室に戻ってしまった。今朝、看護師がホールに出てきたAさんに｢おはようございます｣と声を掛けたところ、｢おはよう｣と答えただけで病室に戻ってしまった。夕方には他の患者とも会話をしたり、一緒にテレビを見たりするようになった。看護師が気分について尋ねると｢まだ死にたい気持ちが残っている｣と話した。,,
このときのAさんの状態のアセスメントとして正しいのはどれか。2つ選べ。",過活動である。,気分には日内変動がある。,自分に注目して欲しいと思っている。,行動の回復と感情の回復に差が生じている。,看護師に声を掛けられたことに怒りを感じている。,B,D,,false,,true,notebooklm,2026-04-05T01:24:41.677Z
2016_nrs_16_am111,nursing,2016,111,4.精神疾患・障害がある者とその家族への看護,F.社会復帰・社会参加への支援,入院患者の退院支援、地域移行・地域定着支援,3,"入院後3か月が経過した。Aさんは気分が安定し、食事も全量摂取できるようになり、日中は作業療法に週4日参加している。「もう死にたい気持ちはなくなりました。でも、まだ短時間しか新聞を読めないので、仕事に戻るのが不安です」と話している。,,
Aさんの退院に向けた支援として適切なのはどれか。2つ選べ。",転職を勧める。,上司との面会を設定する。,再発のサインを一緒に見つける。,自信が持てるようになるまで待つ。,作業療法に集中力を高めるプログラムを入れる。,C,E,,false,,true,notebooklm,2026-04-05T01:24:41.677Z
2016_nrs_16_am112,nursing,2016,112,2.主な精神疾患・障害の特徴と看護,F.生理的障害および身体的要因に関連した行動症候群,臨床検査および心理検査と看護薬物療法と看護,3,入院から1週間の期間に観察すべき項目はどれか。2つ選べ。,浮腫の程度,過食の有無,活動量の低下,嚥下障害の有無,振戦せん妄の有無,A,B,,false,,true,notebooklm,2026-04-05T01:24:41.677Z
2016_nrs_16_am113,nursing,2016,113,2.主な精神疾患・障害の特徴と看護,F.生理的障害および身体的要因に関連した行動症候群,臨床検査および心理検査と看護薬物療法と看護,3,"入院後2週が経過した。Aさんは食事の時間に食べ物を細かく刻み、1時間以上時間をかけるが、摂取量はスプーン1杯ほどである。ベッド上でストレッチを2時間行っている。Aさんと話し合ったところ｢私はこの病棟で一番太っているから少しでも痩せなきゃ」と話した。,,
看護師の関わりとして適切なのはどれか。",体重測定の回数を増やす。,鏡でAさんの全身を映して見せる。,痩せたいという気持ちについて話し合う。,Aさんは看護師よりも痩せていると伝える。,,C,,false,,false,notebooklm,2026-04-05T01:24:41.677Z
2016_nrs_16_am114,nursing,2016,114,4.精神疾患・障害がある者とその家族への看護,E.家族への看護,家族への教育的介入と支援,3,"入院後3か月が経過した。Aさんは体重が43kgまで増加し、主治医と相談して、退院の準備をすることになった。退院の話題が出ると、Aさんと母親は口論することが多くなった。父親は出張が多く、面会に来たのは一度のみであった。,,
退院に向けてAさんと家族に勧めることとして最も適切なのはどれか。",栄養指導,作業療法,家族療法,単身生活の開始,,C,,false,,false,notebooklm,2026-04-05T01:24:41.677Z
2016_nrs_16_am115,nursing,2016,115,13.看護における基本技術,C.フィジカルアセスメント,意識レベルの評価,3,救命救急センター到着時に観察する項目で最も優先するのはどれか。,体　温,心電図波形,意識レベル,尿失禁の有無,,C,,false,,false,notebooklm,2026-04-05T01:24:41.677Z
2016_nrs_16_am116,nursing,2016,116,12.神経機能,A.中枢神経系の疾患の病態と診断・治療,頭蓋内圧充進症,3,"頭部CTの結果、高血圧性脳出血と診断され、集中治療室に入室した。入室時にはジャパン・コーマ・スケール＜JCS＞Ⅱ-30。体温37.0℃、呼吸数16/分、脈拍82/分、血圧154/110mmHg。入室から8時間後、体温37.2℃、呼吸数18/分、脈拍50/分、血圧208/106mmHg、経皮的動脈血酸素飽和度＜SpO2＞97%になり、呼びかけと痛み刺激に開眼しなくなった。,,
このときのAさんの状態はどれか。",低酸素脳症,脳圧亢進症状,髄膜刺激症状,正常圧水頭症,,B,,false,,false,notebooklm,2026-04-05T01:24:41.677Z
2016_nrs_16_am117,nursing,2016,117,3.看護における基本技術,A.コミュニケーション,コミュニケーションに障害のある人々への対応,3,"入院から4週が経過し、病状が安定して意識が回復した。Aさんは後遺症として運動性失語が残り、言葉がうまく発せられないため涙ぐむことがあった。妻は面会後「夫が話す言葉が分からず、どう接すればよいか分からない」と言って戸惑っていた。,,
妻に対する対応で最も適切なのはどれか。",「いつもどおり話をしてあげてください」,「看護師も同席してAさんとお話ししましょう」,「リハビリテーションで話せるようになりますよ」,「分かりやすい言葉で話しかけてあげてください」,,B,,false,,false,notebooklm,2026-04-05T01:24:41.677Z
2016_nrs_16_am118,nursing,2016,118,7.高齢者に特有な症候・疾患・障害と看護,E.認知機能が低下した高齢者の看護,認知症高齢者と家族の支援,3,"Aさんは｢家事は私の仕事だ。息子にも他人にも任せられない｣と言い、夕方になると、歩いて5分程度のスーパーマーケットへ買い物に行くことが長年の習慣となっている。最近、夜になっても帰宅せず、長男が探しに行くとスーパーマーケットから離れた公園のベンチに座っていることが数回あった。長男は訪問看護師に｢母は私が後をついてきたと思い込んで怒るんです。このままでは心配です｣と相談した。,,
看護師が長男へ助言する内容で最も適切なのはどれか。",｢先に公園で待っていてはどうですか｣,｢ホームヘルパーの利用をお勧めします｣,｢Aさんに買い物はやめるよう話しませんか｣,｢荷物を持つという理由で同行してはどうですか｣,,D,,false,,false,notebooklm,2026-04-05T01:24:41.677Z
2016_nrs_16_am119,nursing,2016,119,3.地域・在宅看護における安全と健康危機管理,A.在宅療養者の日常生活における安全管理,熱傷・凍傷の防止,3,"ある冬の訪問時、長男が「母がここ数日寒さを訴え、居間にある電気こたつの温度を最も高くして、肩までもぐり込んでそのまま朝まで眠ってしまう」と話した。,,
長男の話を受けて、看護師が最初に観察する項目で最も優先度が高いのはどれか。",筋力低下の有無,感染徴候の有無,認知機能のレベル,全身の皮膚の状態,,D,,false,,false,notebooklm,2026-04-05T01:24:41.677Z
2016_nrs_16_am120,nursing,2016,120,7.在宅療養生活を支える看護,E.在宅療養者の移動を支えるケア,移動能力のアセスメント,3,訪問看護計画に取り入れる内容で最も優先度が高いのはどれか。,言語訓練,食事指導,内服薬の管理,排便コントロール,階段を昇降する練習,E,,false,,false,notebooklm,2026-04-05T01:24:41.677Z
2016_nrs_16_pm001,nursing,2016,1,1. 健康の定義と理解,B.健康に関する指標,出生と死亡の動向,3,平成26年（2014年）の死亡数はどれか。,約47万人,約87万人,約127万人,約167万人,,C,,false,,false,notebooklm,2026-04-05T01:24:41.677Z
2016_nrs_16_pm002,nursing,2016,2,2. 健康に影響する要因,A.生活行動・習慣,食事と栄養,3,平成25年（2013年）の国民健康・栄養調査による40歳代男性の肥満者の割合に最も近いのはどれか。,15%,35%,55%,75%,,B,,false,,false,notebooklm,2026-04-05T01:24:41.677Z
2016_nrs_16_pm003,nursing,2016,3,2. 健康に影響する要因,B.生活環境,水質、大気、土壌,3,光化学オキシダントの原因物質はどれか。,ヒ　素,フロン,窒素酸化物,ホルムアルデヒド,,C,,false,,false,notebooklm,2026-04-05T01:24:41.677Z
2016_nrs_16_pm004,nursing,2016,4,3.看護で活用する社会保障,A.医療保険精度の基本,高齢者医療制度,3,後期高齢者医療制度が定められているのはどれか。,医療法,健康保険法,高齢者社会対策基本法,高齢者の医療の確保に関する法律,,D,,false,,false,notebooklm,2026-04-05T01:24:41.677Z
2016_nrs_16_pm005,nursing,2016,5,4.看護における倫理,C.看護師等の役割,倫理的配慮,3,国際看護師協会＜ICN＞による看護師の倫理綱領における看護師の基本的責任はどれか。,疾病の回復,医師の補助,苦痛の緩和,薬剤の投与,,C,,false,,false,notebooklm,2026-04-05T01:24:41.677Z
2016_nrs_16_pm006,nursing,2016,6,7.人間のライフサイクル各期の特徴と生活,A.胎児期,形態的発達と異常,3,肺サーファクタントの分泌によって胎児の肺機能が成熟する時期はどれか。,在胎10週ころ,在胎18週ころ,在胎26週ころ,在胎34週ころ,,D,,false,,false,notebooklm,2026-04-05T01:24:41.677Z
2016_nrs_16_pm007,nursing,2016,7,15.患者の安全・安楽を守る看護技術,B.医療安全対策,患者誤認の防止,3,入院患者の与薬時に誤認を防止するために確認するのは患者の名前とどれか。,診察券,お薬手帳,健康保険証,ネームバンド,,D,,false,,false,notebooklm,2026-04-05T01:24:41.677Z
2016_nrs_16_pm008,nursing,2016,8,7.人間のライフサイクル各期の特徴と生活,F.成人期,基礎代謝の変化,3,基礎代謝量が最も多い時期はどれか。,青年期,壮年期,向老期,老年期,,A,,false,,false,notebooklm,2026-04-05T01:24:41.677Z
2016_nrs_16_pm009,nursing,2016,9,9.主な看護活動の場と看護の機能,A.看護活動の場と機能・役割,介護保険施設,3,介護老人保健施設の設置目的が定められているのはどれか。,介護保険法,健康保険法,地域保健法,老人福祉法,,A,,false,,false,notebooklm,2026-04-05T01:24:41.677Z
2016_nrs_16_pm010,nursing,2016,10,15.患者の安全・安楽を守る看護技術,C.感染対策対策,感染経路別予防策,3,病床数300床以上の医療機関で活動する感染制御チームで適切なのはどれか。,医師で構成される。,各病棟に配置される。,アウトブレイク時に結成される。,感染症に関するサーベイランスを行う。,,D,,false,,false,notebooklm,2026-04-05T01:24:41.677Z
2016_nrs_16_pm011,nursing,2016,11,10.人体の構造と機能,A.人体の基本的な構造と正常な機能,神経系,3,神経伝達物質はどれか。,アルブミン,フィブリン,アセチルコリン,エリスロポエチン,,C,,false,,false,notebooklm,2026-04-05T01:24:41.677Z
2016_nrs_16_pm012,nursing,2016,12,6.人間の特性,B.対象の特性,疾病・障害・死の受容,3,"キューブラー・ロス,E.による死にゆく人の心理過程で第2段階はどれか。",死ぬことへの諦め,延命のための取り引き,死を認めようとしない否認,死ななければならないことへの怒り,,D,,false,,false,notebooklm,2026-04-05T01:24:41.677Z
2016_nrs_16_pm013,nursing,2016,13,11.徴候と疾患,A.主要な症状と徴候,下血,3,下血がみられる疾患はどれか。,肝嚢胞,大腸癌,卵巣癌,腎盂腎炎,,B,,false,,false,notebooklm,2026-04-05T01:24:41.677Z
2016_nrs_16_pm014,nursing,2016,14,11.徴候と疾患,A.主要な症状と徴候,乏尿、無尿、頻尿、多尿,3,無尿の定義となる1日の尿量はどれか。,0mL,100mL未満,400mL未満,700mL未満,,B,,false,,false,notebooklm,2026-04-05T01:24:41.677Z
2016_nrs_16_pm015,nursing,2016,15,15.患者の安全・安楽を守る看護技術,C.感染対策対策,感染経路別予防策,3,飛沫感染するのはどれか。,疥　癬,コレラ,A型肝炎,インフルエンザ,,D,,false,,false,notebooklm,2026-04-05T01:24:41.677Z
2016_nrs_16_pm016,nursing,2016,16,11.徴候と疾患,B.主要な疾患による健康障害,小児の疾患,3,水痘の症状はどれか。,耳下腺の腫脹,両頬部のびまん性紅斑,水疱へと進行する紅斑,解熱前後の斑状丘疹性発疹,,C,,false,,false,notebooklm,2026-04-05T01:24:41.677Z
2016_nrs_16_pm017,nursing,2016,17,10.人体の構造と機能,A.人体の基本的な構造と正常な機能,血液、体液,3,血漿と等張のブドウ糖溶液の濃度はどれか。,5%,10%,20%,50%,,A,,false,,false,notebooklm,2026-04-05T01:24:41.677Z
2016_nrs_16_pm018,nursing,2016,18,13.看護における基本技術,C.フィジカルアセスメント,意識レベルの評価,3,ジャパン・コーマ・スケール＜JCS＞で「刺激しても覚醒せず痛み刺激に対して払いのけるような動作をする」と定義されるのはどれか。,Ⅰ-3,Ⅱ-20,Ⅲ-100,Ⅲ-300,,C,,false,,false,notebooklm,2026-04-05T01:24:41.677Z
2016_nrs_16_pm019,nursing,2016,19,14.日常生活援助技術,B.排泄,浣腸,3,グリセリン浣腸を実施する際、腸管穿孔の危険性が最も高い体位はどれか。,立　位,仰臥位,腹臥位,左側臥位,,A,,false,,false,notebooklm,2026-04-05T01:24:41.677Z
2016_nrs_16_pm020,nursing,2016,20,14.日常生活援助技術,"""""""C","活動と休息""""""",3,"体位を図に示す。,,
Sims＜シムス＞位はどれか。",1,2,3,4,,A,,true,,false,notebooklm,2026-04-05T01:24:41.677Z
2016_nrs_16_pm021,nursing,2016,21,7.人間のライフサイクル各期の特徴と生活,B.新生児・乳児期,身体の発育,3,Kaup＜カウプ＞指数の計算式はどれか。,体重（g）/身長（cm）<sup>2</sup>×10,体重（g）/身長（cm）<sup>3</sup>×10<sup>　4</sup>,体重（kg）/身長（m）<sup>2</sup>,実測体重（kg）－標準体重（kg）/標準体重（kg）×100,,A,,false,,false,notebooklm,2026-04-05T01:24:41.678Z
2016_nrs_16_pm022,nursing,2016,22,15.患者の安全・安楽を守る看護技術,C.感染対策対策,針刺し・切創の防止,3,針刺し事故によって感染するのはどれか。,RSウイルス,B型肝炎ウイルス,ヘルペスウイルス,サイトメガロウイルス,,B,,false,,false,notebooklm,2026-04-05T01:24:41.678Z
2016_nrs_16_pm023,nursing,2016,23,5.診療に伴う看護技術,A.呼吸、循環、体温調整,体温調整のための方法,3,氷枕の作り方で適切なのはどれか。,氷を隙間なく入れる。,濡れたタオルで覆う。,内部の空気は残しておく。,水漏れがないことを確認する。,,D,,false,,false,notebooklm,2026-04-05T01:24:41.678Z
2016_nrs_16_pm024,nursing,2016,24,16.診療に伴う看護技術,F.救命救急処置,胸骨圧迫,3,一次救命処置時の成人への胸骨圧迫の深さで適切なのはどれか。,2～3cm,5～6cm,8～9cm,11～12cm,,B,,false,,false,notebooklm,2026-04-05T01:24:41.678Z
2016_nrs_16_pm025,nursing,2016,25,16.診療に伴う看護技術,F.救命救急処置,トリアージ,3,災害時に最も優先して治療を行うのはどれか。,脱　臼,気道熱傷,足関節捻挫,過換気症候群,,B,,false,,false,notebooklm,2026-04-05T01:24:41.678Z
2016_nrs_16_pm026,nursing,2016,26,6.循環器系,A.心臓の構造と機能,刺激伝導系,3,刺激伝導系でないのはどれか。,腱　索,洞房結節,房室結節,Purkinje＜プルキンエ＞線維,,A,,false,,false,notebooklm,2026-04-05T01:24:41.678Z
2016_nrs_16_pm027,nursing,2016,27,13.泌尿器系,B.体液量の調節,レニン−アンジオテンシン-アルドステロン系,3,アルドステロンで正しいのはどれか。,近位尿細管に作用する。,副腎髄質から分泌される。,ナトリウムの再吸収を促進する。,アンジオテンシンⅠによって分泌が促進される。,,C,,false,,false,notebooklm,2026-04-05T01:24:41.678Z
2016_nrs_16_pm028,nursing,2016,28,5.呼吸機能,A.呼吸器系の疾患の病態と診断・治療,慢性閉塞性肺疾患<COPD>,3,慢性閉塞性肺疾患について正しいのはどれか。,残気量は減少する。,%肺活量の低下が著明である。,肺コンプライアンスは上昇する。,可逆性の気流閉塞が特徴である。,,C,,false,,false,notebooklm,2026-04-05T01:24:41.678Z
2016_nrs_16_pm029,nursing,2016,29,14.運動機能,A.運動器系の疾患の病態と診断・治療,腰痛症（椎間板ヘルニア、腰部脊柱管狭窄症）,3,腰椎椎間板ヘルニアで正しいのはどれか。,高齢の女性に多発する。,診断にはMRIが有用である。,好発部位は第1・2腰椎間である。,急性期では手術による治療を行う。,,B,,false,,false,notebooklm,2026-04-05T01:24:41.678Z
2016_nrs_16_pm030,nursing,2016,30,5.社会福祉の基本,H.その他の制度,配偶者からの暴力の防止及び被害者の保護等に関する法律＜DV防止法＞,3,配偶者暴力相談支援センターの機能はどれか。,一時保護,就労の仲介,外傷の治療,生活資金の給付,,A,,false,,false,notebooklm,2026-04-05T01:24:41.678Z
2016_nrs_16_pm031（不備問題採点除外）,nursing,2016,0,健康支援と社会保障制度,,,3,施行日が最も新しい法律はどれか。,高齢社会対策基本法,高齢者の医療の確保に関する法律,高齢者虐待の防止、高齢者の養護者に対する支援等に関する法律,地域における医療及び介護の総合的な確保を促進するための関係法律の整備等に関する法律,,A,B,C,D,,false,,false,notebooklm,2026-04-05T01:24:41.678Z
2016_nrs_16_pm032,nursing,2016,32,11.人々の健康を支える職種やサービス提供体制に関する法や施策,A.看護職に関する法,保健師助産師看護師法,3,保健師助産師看護師法に定められているのはどれか。,免許取得後の臨床研修が義務付けられている。,心身の障害は免許付与の相対的欠格事由である。,看護師籍の登録事項に変更があった場合は2か月以内に申請する。,都道府県知事は都道府県ナースセンターを指定することができる。,,B,,false,,false,notebooklm,2026-04-05T01:24:41.678Z
2016_nrs_16_pm033（不備問題複数回答）,nursing,2016,0,健康支援と社会保障制度,,,3,患者の情報の取扱いについて正しいのはどれか。,看護師の守秘義務は医療法で規定されている。,統計的に処理された情報から患者個人を特定できる。,利用目的が明確であっても患者の情報の活用は制限される。,転院先の病院と患者の情報を共有する場合は患者の同意が必要である。,,C,D,,false,,false,notebooklm,2026-04-05T01:24:41.678Z
2016_nrs_16_pm034,nursing,2016,34,14.日常生活援助技術,"""""""C","活動と休息""""""",3,車椅子による移送で適切なのはどれか。,エレベーターの中で方向転換する。,急な下り坂では前向きに車椅子を進める。,ティッピングレバーを踏み、段差を乗り越える。,移乗する前にフットレスト＜足のせ台＞を下げる。,,C,,false,,false,notebooklm,2026-04-05T01:24:41.678Z
2016_nrs_16_pm035,nursing,2016,35,15.患者の安全・安楽を守る看護技術,A.療養環境,病室環境,3,病室環境に適した照度はどれか。,100～200ルクス,300～400ルクス,500～600ルクス,700～800ルクス,,A,,false,,false,notebooklm,2026-04-05T01:24:41.678Z
2016_nrs_16_pm036,nursing,2016,36,5.診療に伴う看護技術,F. 生体機能のモニタリング,検体検査（血液、尿、便、喀痰、胸水、腹水、骨髄液）,3,検査の目的と採尿方法の組合せで正しいのはどれか。,細菌の特定 -- 中間尿,腎機能の評価 -- 杯分尿,肝機能の評価 -- 24時間尿,尿道の病変の推定 -- 早朝尿,,A,,false,,false,notebooklm,2026-04-05T01:24:41.678Z
2016_nrs_16_pm037,nursing,2016,37,10.生活者の健康増進,B.職場の健康管理,労働安全衛生法,3,職業病や労働災害の防止、より健康的な労働環境の確保および労働者の健康の向上を目的としている法律はどれか。,労働組合法,労働基準法,労働安全衛生法,労働関係調整法,,C,,false,,false,notebooklm,2026-04-05T01:24:41.678Z
2016_nrs_16_pm038,nursing,2016,38,5.周術期にある患者と家族の看護,B.術中の看護,麻酔による影響と援助,3,"合併症のない全身状態が良好な患者に対して、全身麻酔のための気管挿管を行い用手換気をしたところ、左胸郭の拳上が不良であった。,,
原因として考えられるのはどれか。",無気肺,食道挿管,片肺挿管,換気量不足,,C,,false,,false,notebooklm,2026-04-05T01:24:41.678Z
2016_nrs_16_pm039,nursing,2016,39,17.脳・神経機能障害のある患者の看護,A.原因と障害の程度のアセスメントと看護,運動・感覚機能障害,3,脳出血の後遺症で左片麻痺と嚥下障害のある患者の家族に、食事介助の指導を行うときの説明で適切なのはどれか。,「食材にこんにゃくを入れると良いですよ」,「体を起こしたら、左の脇の下をクッションで支えましょう」,「口の左側に食べ物を入れるようにしましょう」,「飲み込むときに咳が出なければ誤嚥の心配はありません」,,B,,false,,false,notebooklm,2026-04-05T01:24:41.678Z
2016_nrs_16_pm040,nursing,2016,40,7.リハビリテーションの特徴と看護,C.障害に対する受容と適応への看護,補助具・自助具の活用,3,"自助具を図に示す。,,
関節リウマチによって肩関節に痛みがある患者の関節保護のための自助具として最も適切なのはどれか。",1,2,3,4,,B,,true,,false,notebooklm,2026-04-05T01:24:41.678Z
2016_nrs_16_pm041,nursing,2016,41,8.がん患者と家族への看護,B.がん患者の集学的治療と看護,放射線療法と看護,3,"Aさん（59歳、女性）は、半年前に下咽頭癌で放射線治療を受けた。口腔内が乾燥し、水を飲まないと話すことも不自由なことがある。,,
Aさんに起こりやすいのはどれか。",う　歯,顎骨壊死,嗅覚障害,甲状腺機能亢進症,,A,,false,,false,notebooklm,2026-04-05T01:24:41.678Z
2016_nrs_16_pm042,nursing,2016,42,15.内分泌機能障害のある患者の看護,D.病期や機能障害に応じた看護,1型糖尿病,3,1型糖尿病と診断された人への説明で適切なのはどれか。,自己血糖測定の試験紙の費用は医療保険の対象外である。,食事が摂取できないときはインスリン注射を中止する。,低血糖症状には振戦などの自律神経症状がある。,運動は朝食前が効果的である。,,C,,false,,false,notebooklm,2026-04-05T01:24:41.678Z
2016_nrs_16_pm043,nursing,2016,43,16.身体防御機能の障害のある患者の看護,D.病期や機能障害に応じた看護,アレルギー性疾患,3,アレルギー性鼻炎について正しいのはどれか。,食後に症状が増悪する。,Ⅳ型アレルギーである。,スクラッチテストで原因を検索する。,アレルゲンの除去は症状の抑制に有効である。,,D,,false,,false,notebooklm,2026-04-05T01:24:41.678Z
2016_nrs_16_pm044,nursing,2016,44,3.看護における基本技術,H.安楽の確保,ボディメカニクスの原理と看護実践への活用,3,他動運動による関節可動域＜ROM＞訓練を行うときの注意点で適切なのはどれか。,有酸素運動を取り入れる。,等尺性運動を取り入れる。,近位の関節を支持して行う。,痛みがある場合は速く動かす。,,C,,false,,false,notebooklm,2026-04-05T01:24:41.678Z
2016_nrs_16_pm045,nursing,2016,45,1.地域・在宅看護の対象,B.在宅療養者のいる家族の理解と健康課題,家族の機能,3,"Aさん（80歳、女性）は、要介護2となったため長男家族（長男50歳、長男の妻45歳、18歳と16歳の孫）と同居することとなった。在宅介護はこの家族にとって初めての経験である。,,
Aさんの家族が新たな生活に適応していくための対処方法で最も適切なのはどれか。",活用できる在宅サービスをできる限り多く利用する。,家族が持つニーズよりもAさんのニーズを優先する。,介護の負担が特定の家族に集中しないように家族で話し合う。,10代の子どもを持つ家族の発達課題への取り組みを一時保留にする。,,C,,false,,false,notebooklm,2026-04-05T01:24:41.678Z
2016_nrs_16_pm046,nursing,2016,46,3.高齢者の健康,D.老年期における心理・社会的変化と健康への影響,就労、屈用,3,平成24年（2012年）の就業構造基本調査における65歳以上75歳未満の高齢者の就業について正しいのはどれか。,女性では就業している者の割合は40%以上である。,就業していない者よりも就業している者の割合が多い。,就業していない者のうち40%以上が就業を希望している。,就業している者のうち非正規職員・従業員の割合は成人期より多い。,,D,,false,,false,notebooklm,2026-04-05T01:24:41.678Z
2016_nrs_16_pm047,nursing,2016,47,5.高齢者の生活を支える看護,D.高齢者の排泄の特徴と援助,便秘、下痢,3,"高齢者施設に入所中のAさん（78歳、女性）は、長期間寝たきり状態で、便秘傾向のため下剤を内服している。下腹部痛と便意を訴えるが3日以上排便がなく、浣腸を行うと短く硬い便塊の後に、多量の軟便が排泄されることが数回続いている。既往歴に、消化管の疾患や痔はない。,,
Aさんの今後の排便に対する看護として最も適切なのはどれか。",直腸の便塊の有無を確認する。,止痢薬の処方を医師に依頼する。,1日の水分摂取量を800mL程度とする。,食物繊維の少ない食事への変更を提案する。,,A,,false,,false,notebooklm,2026-04-05T01:24:41.678Z
2016_nrs_16_pm048,nursing,2016,48,7.高齢者に特有な症候・疾患・障害と看護,"""""""※各小項目の共通の中項目...""""""",気分障害,3,老年期のうつ病に特徴的な症状はどれか。,幻　覚,感情鈍麻,心気症状,着衣失行,,C,,false,,false,notebooklm,2026-04-05T01:24:41.678Z
2016_nrs_16_pm049,nursing,2016,49,6.さまざまな健康状態や受療状況に応じた高齢者の看護,I.手術療法を受ける高齢者の看護,高齢者に起こりやすい周手術期の反応と合併症,3,高齢者に術後の呼吸器合併症が発症しやすい理由で正しいのはどれか。,残気量の減少,肺活量の低下,嚥下反射の閾値の低下,気道の線毛運動の亢進,,B,,false,,false,notebooklm,2026-04-05T01:24:41.678Z
2016_nrs_16_pm050,nursing,2016,50,3.小児各期における健康増進のための子どもと家族への看護,A.栄養と食生活,食生活の乱れ,3,学童期の肥満について正しいのはどれか。,肥満傾向児は肥満度30%以上と定義される。,肥満傾向児は高学年より低学年が多い。,肥満傾向児は男子より女子が多い。,成人期の肥満に移行しやすい。,,D,,false,,false,notebooklm,2026-04-05T01:24:41.678Z
2016_nrs_16_pm051,nursing,2016,51,8.慢性的な疾患・障害がある子どもと家族への看護,A.先天性疾患や慢性的な経過をとる疾患をもつ子どもと家族への看護,子どもの疾患に対する家族の受容と援助,3,外性器異常が疑われた新生児の親への対応として適切なのはどれか。,出生直後に性別を伝える。,内性器には異常がないことを伝える。,出生直後に母児の早期接触を行わない。,出生届は性別保留で提出できることを説明する。,,D,,false,,false,notebooklm,2026-04-05T01:24:41.678Z
2016_nrs_16_pm052,nursing,2016,52,4.妊娠期の看護,A.正常な妊娠経過と妊娠期の異常,受精、着床,3,受胎のメカニズムで正しいのはどれか。,排卵は黄体形成ホルモン＜LH＞の分泌が減少して起こる。,卵子の受精能力は排卵後72時間持続する。,受精は卵管膨大部で起こることが多い。,受精後2日で受精卵は着床を完了する。,,C,,false,,false,notebooklm,2026-04-05T01:24:41.678Z
2016_nrs_16_pm053,nursing,2016,53,3.女性のライフサイクル各期における看護,A.思春期・成熟期女性の健康維持への看護,性行動、性反応,3,成熟期女性の受胎調節について適切なのはどれか。,経口避妊薬は女性が主導で使用できる。,コンドーム法の避妊効果は99%以上である。,基礎体温法は月経が不順な女性に有用である。,子宮内避妊器具＜IUD＞は経産婦より未産婦に挿入しやすい。,,A,,false,,false,notebooklm,2026-04-05T01:24:41.678Z
2016_nrs_16_pm054（不備問題採点除外）,nursing,2016,0,精神看護学,,,3,災害後の成人にみられる防衛機制はどれか。,不安で眠れなくなる。,激しい怒りを表現する。,言動が子どものように幼くなる。,自分だけが無事で申し訳ないと思う。,,A,B,C,D,,false,,false,notebooklm,2026-04-05T01:24:41.678Z
2016_nrs_16_pm055,nursing,2016,55,2.主な精神疾患・障害の特徴と看護,A.症状性を含む器質性精神障害,臨床検査および心理検査と看護薬物療法と看護,3,"Aさん（65歳、男性）は、胃癌を疑われ検査入院した。入院時、認知機能に問題はなかった。不眠を訴え、入院翌日からベンゾジアゼピン系の睡眠薬の内服が開始された。その日の夜、Aさんは突然ナースステーションに来て、意味不明な内容を叫んでいた。翌朝、Aさんは穏やかに話し意思疎通も取れたが「昨夜のことは覚えていない」と言う。,,
Aさんの昨夜の行動のアセスメントで最も適切なのはどれか。",観念奔逸,感情失禁,妄想気分,夜間せん妄,,D,,false,,false,notebooklm,2026-04-05T01:24:41.678Z
2016_nrs_16_pm056,nursing,2016,56,6.精神保健医療福祉の変遷と法や施策,C.精神保健及び精神障害者福祉に関する法律＜精神保健福祉法＞の運用,入院形態,3,2人以上の精神保健指定医による診察結果の一致が要件となる入院形態はどれか。,応急入院,措置入院,医療保護入院,緊急措置入院,,B,,false,,false,notebooklm,2026-04-05T01:24:41.678Z
2016_nrs_16_pm057,nursing,2016,57,6.症状・疾患・治療に応じた地域・在宅看護,B.主な疾患等に応じた在宅看護,呼吸器疾患,3,"Aさん（65歳、男性）は、肺気腫で在宅酸素療法を受けている。ある日、Aさんの妻（70歳）から「同居している孫がインフルエンザにかかりました。今朝から夫も体が熱く、ぐったりしています」と訪問看護ステーションに電話で連絡があったため緊急訪問した。,,
訪問看護師が確認する項目で優先度が高いのはどれか。",喀痰の性状,胸痛の有無,関節痛の有無,経皮的動脈血酸素飽和度＜SpO<sub>2</sub>＞,,D,,false,,false,notebooklm,2026-04-05T01:24:41.678Z
2016_nrs_16_pm058,nursing,2016,58,9.地域包括ケアシステムにおける在宅看護,A.地域包括ケアシステムの概要,目的と考え方,3,地域包括ケアシステムについて正しいのはどれか。,都道府県を単位として構築することが想定されている。,75歳以上の人口が急増する地域に重点が置かれている。,本人・家族の在宅生活の選択と心構えが前提条件とされている。,地域特性にかかわらず同じサービスが受けられることを目指している。,,C,,false,,false,notebooklm,2026-04-05T01:24:41.678Z
2016_nrs_16_pm059,nursing,2016,59,5.社会福祉の基本,E.障害者（児）に関する制度,障害者の日常生活及び社会生活を総合的に支援するための法律＜障害者総合支援法＞,3,障害者の日常生活及び社会生活を総合的に支援するための法律＜障害者総合支援法＞に基づいて、障害者が利用できるサービスはどれか。,育成医療,居宅療養管理指導,共同生活援助＜グループホーム＞,介護予防通所リハビリテーション,,C,,false,,false,notebooklm,2026-04-05T01:24:41.678Z
2016_nrs_16_pm060,nursing,2016,60,7.在宅療養生活を支える看護,D.在宅療養者の清潔を支えるケア,清潔保持のためのケア,3,"Aさん（55歳、女性）は、夫と2人で暮らしている。進行性の多発性硬化症で在宅療養をしている。脊髄系の症状が主で、両下肢の麻痺、膀胱直腸障害および尿閉がある。最近は座位の保持が難しく、疲れやすくなってきている。排尿はセルフカテーテルを使用してAさんが自己導尿を行い、排便は訪問看護師が浣腸を行っている。夫は仕事のため日中は不在である。,,
Aさんの身体状態に合わせた療養生活で適切なのはどれか。",入浴はシャワー浴とする。,介助型の車椅子を利用する。,ベッドの高さは最低の位置で固定する。,セルフカテーテルはトイレに保管する。,,A,,false,,false,notebooklm,2026-04-05T01:24:41.678Z
2016_nrs_16_pm061,nursing,2016,61,1.看護におけるマネジメント,B.医療・看護における質の保証と評価、改善の仕組み,医療・看護の標準化（標準看護計画、クリニカルパス）,3,医療の標準化を目的に活用されているのはどれか。,コーピング,クリニカルパス,エンパワメント,コンサルテーション,,B,,false,,false,notebooklm,2026-04-05T01:24:41.678Z
2016_nrs_16_pm062,nursing,2016,62,6.循環機能,B.血管系の疾患の病態と診断・治療,挫滅<圧挫>症候群<crush syndrome>,3,"Aさん（27歳、男性）は、地震によって倒壊した建物に下腿を挟まれていたが、2日後に救出された。既往歴に特記すべきことはない。,,
注意すべき状態はどれか。",尿崩症,高カリウム血症,低ミオグロビン血症,代謝性アルカローシス,,B,,false,,false,notebooklm,2026-04-05T01:24:41.678Z
2016_nrs_16_pm063,nursing,2016,63,16.診療に伴う看護技術,F.救命救急処置,トリアージ,3,災害医療におけるトリアージについて正しいのはどれか。,傷病者を病名によって分類する。,危険区域と安全区域を分けることである。,医療資源の効率的な配分のために行われる。,救命が困難な患者に対する治療を優先する。,,C,,false,,false,notebooklm,2026-04-05T01:24:41.679Z
2016_nrs_16_pm064,nursing,2016,64,3.国際化と看護,A.グローバル化に伴う世界の健康目標と課題,世界共通の健康目標,3,国際保健に関する機関について正しいのはどれか。,国際協力機構＜JICA＞は国境なき医師団の派遣を行う。,国連開発計画＜UNDP>は労働者の健康保護の勧告を行う。,世界保健機関＜WHO＞は国際疾病分類＜ICD＞を定めている。,赤十字国際委員会＜ICRC＞は国際連合＜UN＞の機関の1つである。,,C,,false,,false,notebooklm,2026-04-05T01:24:41.679Z
2016_nrs_16_pm065,nursing,2016,65,16.生殖器系,A.女性の生殖器系の構造と機能,卵管、子宮、膣,3,女性の骨盤腔内器官について腹側から背側への配列で正しいのはどれか。,尿　道 -- 肛門管 -- 腟,腟 -- 尿　道 -- 肛門管,肛門管 -- 腟 -- 尿　道,尿　道 -- 腟 -- 肛門管,腟 -- 肛門管 -- 尿　道,D,,false,,false,notebooklm,2026-04-05T01:24:41.679Z
2016_nrs_16_pm066,nursing,2016,66,4.社会保険制度の基本,D.年金制度,制度の体系,3,公的年金制度について正しいのはどれか。,学生は申請によって納付が免除される。,生活保護を受けると支給が停止される。,保険料が主要財源である。,任意加入である。,積立方式である。,C,,false,,false,notebooklm,2026-04-05T01:24:41.679Z
2016_nrs_16_pm067,nursing,2016,67,8.公衆衛生における生活環境への対策,B.食品および食の安全,食品衛生法,3,健康に影響を及ぼす生活環境とそれを規定している法律の組合せで正しいのはどれか。,上水道 -- 水質汚濁防止法,飲食店 -- 食品衛生法,家庭ごみ -- 悪臭防止法,学校環境 -- 教育基本法,住宅用の建築材料 -- 環境基本法,B,,false,,false,notebooklm,2026-04-05T01:24:41.679Z
2016_nrs_16_pm068,nursing,2016,68,2.成人における健康の保持・増進や疾病の予防,B.職業に関連する健康課題,職業性疾患、作業関連疾患,3,チェーンソーの使用によって生じるのはどれか。,じん肺,視力低下,心筋梗塞,肘関節の拘縮,Raynaud＜レイノー＞現象,E,,false,,false,notebooklm,2026-04-05T01:24:41.679Z
2016_nrs_16_pm069,nursing,2016,69,12.消化・吸収機能障害のある患者への看護,C.治療を受ける患者への看護,中心静脈栄養法,3,"Aさん（61歳、男性）は、水分が飲み込めないため入院した。高度の狭窄を伴う進行食道癌と診断され、中心静脈栄養が開始された。入院後1週、Aさんは口渇と全身倦怠感を訴えた。意識は清明であり、バイタルサインは脈拍108/分、血圧98/70mmHgであった。尿量は1,600mL/日で、血液検査データは、アルブミン3.5g/dL、AST＜GOT＞45IU/L、ALT＜GPT＞40IU/L、クレアチニン1.1mg/dL、血糖190mg/dL、Hb11.0g/dLであった。,,
Aさんの口渇と全身倦怠感の要因として最も考えられるのはどれか。",貧　血,低栄養,高血糖,腎機能障害,肝機能障害,C,,false,,false,notebooklm,2026-04-05T01:24:41.679Z
2016_nrs_16_pm070,nursing,2016,70,1.高齢者の理解の基本となる概念,A.老年期の発達と変化,加齢と老化,3,病的な老化を示すのはどれか。,肝臓の萎縮,動脈の粥状硬化,毛様体筋の機能低下,心筋の弾性線維の減少,膀胱の平滑筋の線維化,B,,false,,false,notebooklm,2026-04-05T01:24:41.679Z
2016_nrs_16_pm071,nursing,2016,71,12.消化・吸収機能障害のある患者への看護,D.病期や機能障害に応じた看護,人工肛門造設後,3,"生後1か月の男児。Hirschsprung＜ヒルシュスプルング＞病と診断され、生後6日、回腸部にストーマ造設術を行った。術後の経過は良好であり、退院に向けてストーマケアに関する指導を行うことになった。,,
母親に対する指導として適切なのはどれか。",「面板をはがした部位はタオルで拭いてください」,「ストーマ装具の交換は授乳直後に行ってください」,「ストーマから水様の便が出る時は受診してください」,「ストーマ装具の交換は滅菌手袋を装着して行ってください」,「ストーマ装具は便を捨てる部分が体の外側に向くように貼ってください」,E,,false,,false,notebooklm,2026-04-05T01:24:41.679Z
2016_nrs_16_pm072（不備問題複数回答）,nursing,2016,0,看護の統合と実践,,,3,放射線療法に関わる看護師の健康管理に必要なのはどれか。,線量計を装着する。,ヨウ素剤を服用する。,ゴーグルを着用する。,N95マスクを着用する。,鉛を含んだエプロンを着用する。,A,C,E,,false,,false,notebooklm,2026-04-05T01:24:41.679Z
2016_nrs_16_pm073,nursing,2016,73,2.生体リズムと内部環境の恒常性,B.内部環境の恒常性維持機構,細胞外液,3,ホメオスタシスに関与するのはどれか。2つ選べ。,味　蕾,筋紡錘,痛覚受容器,浸透圧受容器,中枢化学受容体,D,E,,false,,true,notebooklm,2026-04-05T01:24:41.679Z
2016_nrs_16_pm074,nursing,2016,74,5.感覚器系,B.視覚,眼球と眼球付属器の構造,3,眼球内での光の通路に関与するのはどれか。2つ選べ。,強　膜,脈絡膜,毛様体,硝子体,水晶体,D,E,,false,,true,notebooklm,2026-04-05T01:24:41.679Z
2016_nrs_16_pm075,nursing,2016,75,11.消化器系,B.消化と吸収,排便反射,3,排便時の努責で正しいのはどれか。2つ選べ。,直腸平滑筋は弛緩する。,呼息位で呼吸が止まる。,外肛門括約筋は収縮する。,内肛門括約筋は弛緩する。,腹腔内圧は安静時より低下する。,B,D,,false,,true,notebooklm,2026-04-05T01:24:41.679Z
2016_nrs_16_pm076,nursing,2016,76,"""""""3.基本的な病因とその成り立ち""""""",B.生体の障害,炎症、損傷,3,急性炎症と比較して慢性炎症に特徴的な所見はどれか。2つ選べ。,好中球浸潤,CRPの上昇,リンパ球浸潤,形質細胞の浸潤,血管透過性の亢進,C,D,,false,,true,notebooklm,2026-04-05T01:24:41.679Z
2016_nrs_16_pm077,nursing,2016,77,12.薬物の作用とその管理,A.主な薬物の効果と副作用（有害事象）,狭心症治療薬,3,狭心症の治療に用いる薬はどれか。2つ選べ。,アンジオテンシンⅡ受容体拮抗薬,スルホニル尿素薬,ジギタリス製剤,抗血小板薬,硝酸薬,D,E,,false,,true,notebooklm,2026-04-05T01:24:41.679Z
2016_nrs_16_pm078,nursing,2016,78,9.造血機能,A.血液・造血器の疾患の病態と診断・治療,"""""""出血性疾患（血栓性血小板減少性紫斑病＜TTP＞、免疫性血小板減少性紫斑病＜ITP＞、播種性血管内凝固＜DIC＞）""""""",3,出血傾向を把握するために重要なのはどれか。2つ選べ。,血糖値,血清鉄,血小板数,アルカリフォスファターゼ値,活性化部分トロンボプラスチン時間＜APTT＞,C,E,,false,,true,notebooklm,2026-04-05T01:24:41.679Z
2016_nrs_16_pm079,nursing,2016,79,7.栄養の摂取・消化・吸収・代謝機能,B .上部消化管の疾患の病態と診断・治療,炎症性疾患(逆流性食道炎、急性胃炎、慢性胃炎、ヘリコバクターピロリ感染症),3,胃食道逆流症について正しいのはどれか。2つ選べ。,食道の扁平上皮化生を起こす。,上部食道括約筋の弛緩によって生じる。,食道炎の程度と症状の強さが一致する。,プロトンポンプ阻害薬が第一選択の治療法である。,Barrett＜バレット＞上皮は腺癌の発生リスクが高い。,D,E,,false,,true,notebooklm,2026-04-05T01:24:41.679Z
2016_nrs_16_pm080,nursing,2016,80,1.看護の基本となる概念,C.健康と生活,生活習慣とセルフケア,3,患者の自立支援で適切なのはどれか。2つ選べ。,不足している知識を補う。,発病前の生活習慣を尊重する。,支援目標を看護師があらかじめ定める。,できないことに焦点を当てて行動を修正する。,支援者である看護師が上位の関係が望ましい。,A,B,,false,,true,notebooklm,2026-04-05T01:24:41.679Z
2016_nrs_16_pm081,nursing,2016,81,4.日常生活援助技術,C.排泄,尿失示・便失示のある人への援助,3,腹圧性尿失禁のケアとして適切なのはどれか。2つ選べ。,下腹部を保温する。,骨盤底筋群訓練を促す。,定期的な水分摂取を促す。,恥骨上部の圧迫を指導する。,尿意を感じたら早めにトイレへ行くことを促す。,B,E,,false,,true,notebooklm,2026-04-05T01:24:41.679Z
2016_nrs_16_pm082,nursing,2016,82,2.高齢者の生活,A.高齢者の機能と評価,手段的日常生活動作＜IADL＞,3,手段的日常生活動作＜IADL＞はどれか。2つ選べ。,食　事,洗　濯,入　浴,更　衣,買い物,B,E,,false,,true,notebooklm,2026-04-05T01:24:41.679Z
2016_nrs_16_pm083,nursing,2016,83,"""""""3.基本的な病因とその成り立ち""""""",A.細胞の障害,創傷と治癒,3,開放性損傷はどれか。2つ選べ。,切　創,打撲傷,擦過創,皮下出血,内臓損傷,A,C,,false,,true,notebooklm,2026-04-05T01:24:41.679Z
2016_nrs_16_pm084,nursing,2016,84,1.子どもと家族を取り巻く環境,B.子どもの権利,小児医療における子どもの権利の変遷 小児医療・小児看護における倫理的配慮,3,児童憲章について正しいのはどれか。2つ選べ。,児童がよい環境の中で育てられることを定めている。,児童の権利に関する条約を受けて制定された。,児童が人として尊ばれることを定めている。,保護者の責務を定めている。,違反すると罰則規定がある。,A,C,,false,,true,notebooklm,2026-04-05T01:24:41.679Z
2016_nrs_16_pm085,nursing,2016,85,7.急性期にある子どもと家族への看護,A.急性症状のある子どもと家族への看護,急性的な経過をたどる疾患の特徴と治療,3,急性中耳炎で内服薬による治療を受けた5歳の男児および保護者に対して、治癒後に行う生活指導で適切なのはどれか。2つ選べ。,片側ずつ鼻をかむ。,耳垢は毎日除去する。,入浴時は耳栓を使用する。,大声を出させないようにする。,発熱時は耳漏の有無を確認する。,A,E,,false,,true,notebooklm,2026-04-05T01:24:41.679Z
2016_nrs_16_pm086,nursing,2016,86,3.女性のライフサイクル各期における看護,C.更年期・老年期女性の健康と看護,ホルモンの変化,3,"Aさん（50歳、女性）は、急に体が熱くなったり汗をかいたりし、夜は眠れなくなり疲れやすさを感じるようになった。月経はこの1年間で2回あった。,,
Aさんのホルモンで上昇しているのはどれか。2つ選べ。",エストロゲン,プロラクチン,プロゲステロン,黄体形成ホルモン＜LH＞,卵胞刺激ホルモン＜FSH＞,D,E,,false,,true,notebooklm,2026-04-05T01:24:41.679Z
2016_nrs_16_pm087,nursing,2016,87,5.安全な治療環境の提供,A.安全管理＜セーフティマネジメント＞,攻撃的行動、暴力、暴力予防プログラム,3,医療現場における暴力について正しいのはどれか。2つ選べ。,精神科に特有のものである。,病室環境は誘因にならない。,目撃者は被害者に含まれない。,暴力予防プログラムに合わせて対処する。,発生を防止するためには組織的な体制の整備が重要である。,D,E,,false,,true,notebooklm,2026-04-05T01:24:41.679Z
2016_nrs_16_pm088,nursing,2016,88,7.精神保健医療福祉における多職種連携,A.多職種連携と看護の役割,連携する他職種（医師、歯科医師、保健師、助産師、精神保健福祉士、作業療法士、介護支援専門員、精神保健福祉相談員、゜アサポーター、薬剤師、公認心理師）の役割,3,精神医療におけるピアサポーターの活動について正しいのはどれか。2つ選べ。,訪問活動は禁止されている。,活動には専門家の同行が条件となる。,ピアサポーター自身の回復が促進される。,精神保健医療福祉サービスの利用を終了していることが条件となる。,自分の精神障害の経験を活かして同様の体験をしている人を支援する。,C,E,,false,,true,notebooklm,2026-04-05T01:24:41.679Z
2016_nrs_16_pm089,nursing,2016,89,3.看護における基本技術,F.感染防止対策,手洗い、消毒、滅菌法、無菌操作,3,"6%A消毒液を用いて、医療器材の消毒用の0.02%A消毒液を1,500mL作るために必要な6%A消毒液の量を求めよ。,,
ただし、小数点以下第2位を四捨五入すること。,,
システムの都合上選択肢を表示できません。各自で0～9の数字を組合せて回答してください。,,
解答：①.②mL",x,x,x,x,,,,false,,false,notebooklm,2026-04-05T01:24:41.679Z
2016_nrs_16_pm090,nursing,2016,90,5.診療に伴う看護技術,D.輸液・輸血管理,輸液・輸血の管理方法,3,"体重9.6kgの患児に、小児用輸液セットを用いて体重1kg当たり1日100mLの輸液を行う。,,
このときの1分間の滴下数を求めよ。,,
ただし、小数点以下の数値が得られた場合には、小数点以下第1位を四捨五入すること。,,
システムの都合上選択肢を表示できません。各自で0～9の数字を組合せて回答してください。,,
解答：①②滴/分",x,x,x,x,,,,false,,false,notebooklm,2026-04-05T01:24:41.679Z
2016_nrs_16_pm091,nursing,2016,91,2.高齢者の生活,A.高齢者の機能と評価,障害高齢者の日常生活自立度＜寝たきり度＞判定基準,3,Aさんの障害高齢者の日常生活自立度（寝たきり度）判定基準のランクはどれか。,ランクA,ランクB,ランクC,ランクJ,,A,,false,,false,notebooklm,2026-04-05T01:24:41.679Z
2016_nrs_16_pm092,nursing,2016,92,15.排泄機能,A.泌尿器系の疾患の病態と診断・治療,排尿障害（過活動膀脱、腹圧性尿失禁、夜尿症）,3,"Aさんは「最近、尿が出始めるまでに時間がかかるので、排尿時は自分で下腹部を押しています。尿がすっきり出ません」と言う。泌尿器科を受診したところ、Parkinson＜パーキンソン＞病による自律神経障害と診断された。,,
Aさんの現在の状況から最も考えられるのはどれか。",残尿がある。,膀胱が萎縮している。,蓄尿障害が生じている。,骨盤底筋群の筋力が低下している。,,A,,false,,false,notebooklm,2026-04-05T01:24:41.679Z
2016_nrs_16_pm093（不備問題複数回答）,nursing,2016,0,老年看護学,,,3,"有料老人ホームの看護師はAさんに病気の進行を予防するために運動を勧めたが、Aさんは「この病気は進行性だからいつかは動けなくなる。今、転ぶと骨折して動けなくなるかもしれない。だから運動するのは嫌だ」と言う。AさんはParkinson＜パーキンソン＞病に関する情報を入手しており、病状の理解ができている。薬物は自己管理できている。かかりつけ医に自分から病状の説明を求めることもある。,,
Aさんの転倒の不安を軽減するために看護師とAさんが一緒に実施することで、最も適切なのはどれか。",車椅子で外出する。,転倒予防教室への参加を検討する。,廃用症候群に関する情報を収集する。,運動の効果と転倒のリスクとを比較する。,,B,D,,false,,false,notebooklm,2026-04-05T01:24:41.679Z
2016_nrs_16_pm094,nursing,2016,94,6.さまざまな健康状態や受療状況に応じた高齢者の看護,B.急性期の高齢者への看護,急性期における高齢者の看護,3,"入院当日、Aさんは看護師に「ここはどこですか」と同じ質問を繰り返している。,,
このときの看護で最も適切なのはどれか。",体幹を抑制する。,家族に夜間の付き添いを依頼する。,ナースステーションにベッドを移動する。,骨折で入院していることを繰り返し伝える。,,D,,false,,false,notebooklm,2026-04-05T01:24:41.679Z
2016_nrs_16_pm095,nursing,2016,95,6.さまざまな健康状態や受療状況に応じた高齢者の看護,].リハビリテーションを受ける高齢者の看護,身体機能・認知機能に応じたリハビリテーションにおける看護,3,"入院後8日、理学療法室での訓練が始まった。Aさんはこわばった表情で訓練を受けていた。Aさんは、以前は通所リハビリテーションを利用していたが、人が多い場で落ち着かなくなることがあり、入院前には小規模多機能型居宅介護事業所を利用していたことが家族からの情報で分かった。翌日、理学療法士が「理学療法室に行きましょう」と病室に迎えに来たところ、Aさんは「行きたくない」と嫌がった。,,
このときのAさんに対する看護で最も適切なのはどれか。",看護師が理学療法室まで付き添う。,病棟でのリハビリテーションを提案する。,Aさんに再転倒を予防する必要性を説明する。,小規模多機能型居宅介護事業所の利用を勧める。,,B,,false,,false,notebooklm,2026-04-05T01:24:41.679Z
2016_nrs_16_pm096,nursing,2016,96,9.多様な場で生活する高齢者を支える看護,D.生活の場を変える高齢者への支援,退院支援、退所支援,3,"入院後3週、Aさんはコルセットを装着し、杖を使ってゆっくり歩けるようになった。翌週には自宅へ退院することがきまった。,,
Aさんの退院に向けて、Aさんと長男夫婦への指導内容で適切なのはどれか。",自宅ではコルセットを外してよい。,家の中での日常生活行動を積極的に行う。,"5,000歩程度のウォーキングを毎日行う。",ビタミンB<sub>1</sub>の多い食品を積極的に摂取する。,,B,,false,,false,notebooklm,2026-04-05T01:24:41.679Z
2016_nrs_16_pm097,nursing,2016,97,8.慢性的な疾患・障害がある子どもと家族への看護,A.先天性疾患や慢性的な経過をとる疾患をもつ子どもと家族への看護,疾患による子どもと家族の生活の変化,3,看護師が収集すべきAちゃんの情報で優先度が高いのはどれか。,食　欲,家族歴,手術歴,海外渡航歴,初経の発来の有無,A,,false,,false,notebooklm,2026-04-05T01:24:41.679Z
2016_nrs_16_pm098,nursing,2016,98,8.慢性的な疾患・障害がある子どもと家族への看護,A.先天性疾患や慢性的な経過をとる疾患をもつ子どもと家族への看護,疾患による子どもと家族の生活の変化,3,"Aちゃんは排尿回数が減少し、全身に浮腫が認められた。血圧は110/68mmHgであった。尿検査を行い、尿蛋白4+であった。血液検査は、アルブミン1.3g/dL、総コレステロール350mg/dL、クレアチニン0.4mg/dL、Na130mEq/L、K4.5mEq/Lであった。特発性ネフローゼ症候群と診断され入院した。,,
Aちゃんが摂取を制限する必要があるのはどれか。",ナトリウム,カリウム,蛋白質,水　分,リ　ン,A,,false,,false,notebooklm,2026-04-05T01:24:41.679Z
2016_nrs_16_pm099,nursing,2016,99,8.慢性的な疾患・障害がある子どもと家族への看護,A.先天性疾患や慢性的な経過をとる疾患をもつ子どもと家族への看護,発達に応じたセルフケア能力の獲得・自立支援,3,"Aちゃんは、ステロイド治療の開始後10日で尿蛋白が陰性となり、浮腫等の症状が改善した。入院後3週、ステロイド薬の副作用（有害事象）として、満月様顔貌が出現している。他に明らかな副作用（有害事象）は出現していない。ステロイド薬の内服を続けながら退院することになった。,,
Aちゃんの退院後の生活について指導する内容で適切なのはどれか。",日光を避ける。,体重の測定は毎日行う。,1か月は学校を欠席する。,入浴ではなくシャワー浴とする。,満月様顔貌が気になる場合もステロイド薬の内服を続ける。,E,,false,,false,notebooklm,2026-04-05T01:24:41.679Z
2016_nrs_16_pm100,nursing,2016,100,4.妊娠期の看護,A.正常な妊娠経過と妊娠期の異常,妊娠悪阻,3,Aさんへの食事指導で最も適切なのはどれか。,水分は温かい飲料にする。,栄養のバランスのよい食物を摂取する。,1回量を少なくして食べる回数を増やす。,カロリーの高い食物を積極的に摂取する。,,C,,false,,false,notebooklm,2026-04-05T01:24:41.679Z
2016_nrs_16_pm101,nursing,2016,101,4.妊娠期の看護,B.妊婦の健康生活とアセスメント,妊娠による不快症状（マイナートラブル）,3,"このときの妊婦健康診査で「妊娠することは考えていなかったので、これから自分の体にどういうことが起こるのか分かりません」とAさんから相談があった。看護師は、次の妊婦健康診査までに生じやすい変化について説明することにした。,,
Aさんに生じやすいのはどれか。",痔,便　秘,腰　痛,静脈瘤,,B,,false,,false,notebooklm,2026-04-05T01:24:41.679Z
2016_nrs_16_pm102,nursing,2016,102,4.妊娠期の看護,C.妊婦と家族への看護,健康維持・増進、セルフケアに関する教育,3,"Aさんは、妊娠23週に結婚し、パートナーの家に転居した。翌週の妊婦健康診査で、Aさんは「最近は、結婚や引っ越しで忙しかったです。これから新しい環境に慣れていきたいと思っています」と話した。妊娠経過は順調である。,,
このときに看護師がAさんに対して説明する内容で優先度が高いのはどれか。",保育所の選択,乳房の手入れ,側臥位での睡眠,妊婦健康診査の受診頻度,,D,,false,,false,notebooklm,2026-04-05T01:24:41.679Z
2016_nrs_16_pm103,nursing,2016,103,5.分娩期の看護,A.正常な分娩の経過と分娩期の異常,分娩期の定義 分娩の3要素,3,Aさんの分娩時のアセスメントで適切なのはどれか。,正期産である。,適時破水である。,遷延分娩である。,分娩時出血量は異常である。,,A,,false,,false,notebooklm,2026-04-05T01:24:41.679Z
2016_nrs_16_pm104,nursing,2016,104,6.産褥期の看護,B.褥婦の健康と生活のアセスメント,排泄,3,"Aさんは、翌日1時に帰室した。5時、尿意はなかったが、トイレでの排泄を促し排尿がみられた。排尿後の観察で、子宮底の位置は臍下1横指で硬く触れ、悪露は赤色で量は中等量であった。会陰縫合部に異常はないが、痛みがあるため円座を使用している。,,
Aさんへの対応で適切なのはどれか。",「下腹部を温めましょう」,「水分摂取を控えましょう」,「腹筋を強化する体操をしましょう」,「尿意がなくても3～4時間ごとにトイレに行きましょう」,,D,,false,,false,notebooklm,2026-04-05T01:24:41.679Z
2016_nrs_16_pm105,nursing,2016,105,6.産褥期の看護,D.産褥期の健康問題に対する看護,乳房トラブル,3,"産褥3日。Aさんは母乳育児を希望している。Aさんの乳房の形は左右ともⅡa型で、乳房は緊満している。両乳頭に損傷はない。左腋窩に副乳があり「腫れて痛い」と話す。本日の児の体重は3,100gであった。,,
Aさんに対する看護師の援助で適切なのはどれか。",左腋窩に冷罨法を行う。,乳房マッサージを行う。,3時間ごとの授乳を勧める。,左乳房での授乳を中止する。,,A,,false,,false,notebooklm,2026-04-05T01:24:41.679Z
2016_nrs_16_pm106,nursing,2016,106,4.精神疾患・障害がある者とその家族への看護,B.心理・社会的療法,心理教育的アプローチ,3,Aさんへの対応で最も適切なのはどれか。,「薬は飲まないといけません」,「薬には副作用があるものですよ」,「便秘は副作用ではありませんよ」,「便秘の対処方法を一緒に考えましょう」,,D,,false,,false,notebooklm,2026-04-05T01:24:41.679Z
2016_nrs_16_pm107,nursing,2016,107,4.精神疾患・障害がある者とその家族への看護,E.家族への看護,家族への教育的介入と支援,3,"診察では幻聴の悪化が認められたため、薬物治療の見直しが行われた。その後、定期的に両親同伴で外来通院を続けた。3か月後、幻聴は改善傾向を示し、規則正しい生活ができるようになった。外来の診察で、悪化した原因を改めて振り返ったところ、Aさんは「半年前から家族に分からないように薬をトイレに捨てていた」と話した。診察後、Aさんからそれを聞いた両親が、医師や看護師の目の前でAさんを大きな声で叱ると、Aさんの表情は険しくなった。,,
Aさんの両親に勧めるものとして適切なのはどれか。",心理教育,内観教育,自律訓練法,精神分析療法,,A,,false,,false,notebooklm,2026-04-05T01:24:41.679Z
2016_nrs_16_pm108（不備問題複数回答）,nursing,2016,0,精神看護学,,,3,"さらに3か月後、家事の手伝いができるようになり、家庭内で落ち着いた日常生活を送れるようになった。Aさんは「自分のことは自分でできるようになって、将来はまた働きたい」と話すようになり、社会復帰に向けて社会資源の利用を検討することになった。,,
この時点でAさんに紹介する社会資源で適切なのはどれか。",就労移行支援,地域活動支援センター,居宅介護＜ホームヘルプ＞,短期入所＜ショートステイ＞,共同生活援助＜グループホーム＞,A,B,,false,,false,notebooklm,2026-04-05T01:24:41.679Z
2016_nrs_16_pm109,nursing,2016,109,6.症状・疾患・治療に応じた地域・在宅看護,C.主な治療等に応じた在宅看護,人工的水分・栄養補給法＜AHN＞,3,訪問看護師が行う母親への経管栄養法の指導で適切なのはどれか。,注入する前に排便させる。,注入中は側臥位を保つようにする。,カテーテルは毎日場所を変えて固定する。,家族と同じ食事を流動食にして注入する。,,C,,false,,false,notebooklm,2026-04-05T01:24:41.679Z
2016_nrs_16_pm110,nursing,2016,110,6.症状・疾患・治療に応じた地域・在宅看護,C.主な治療等に応じた在宅看護,感染予防対策,3,"訪問看護師は、Aちゃんの誤嚥性肺炎を予防するケアの方法を母親に指導することにした。,,
母親が行うAちゃんへのケアとして適切なのはどれか。",腹式呼吸を促す。,咳嗽の訓練を行う。,胸郭可動域の訓練を行う。,含嗽液を用いてうがいをさせる。,,C,,false,,false,notebooklm,2026-04-05T01:24:41.679Z
2016_nrs_16_pm111,nursing,2016,111,8.慢性的な疾患・障害がある子どもと家族への看護,C.医療的ケアを必要とする子どもと家族への看護,学校・保育所での支援,3,"母親は「Aは来年の4月には小学校に入学する年齢だけど、入学に向けてどうすればよいのか分からない」と訪問看護師に相談した。,,
訪問看護師が行う援助として適切なのはどれか。",自宅に教員を派遣できる小学校に連絡する。,Aちゃんが入学できる特別支援学校を紹介する。,父親に仕事を調整してAちゃんの送迎をするよう勧める。,教育委員会に小学校入学に関する相談をするよう勧める。,,D,,false,,false,notebooklm,2026-04-05T01:24:41.679Z
2016_nrs_16_pm112,nursing,2016,112,1.看護におけるマネジメント,E.医療安全を維持する仕組みと対策,医療事故・インシデントレポートの分析と活用,3,"朝9時、日勤の看護師が訪室したとき、シリンジポンプの閉塞と輸液ポンプの気泡混入の、2つのアラームが作動した。ノルアドレナリンの入ったシリンジは残量があり、乳酸加リンゲル液のボトルが空になっていた。各ポンプ及び各輸液ラインの状況を図に示す。,,
看護師がアラームを停止した後に行うこととして最も優先度が高いのはどれか。",乳酸加リンゲル液を準備する。,ノルアドレナリンを準備する。,輸液ポンプ内のラインの気泡を除く。,輸液ラインの閉塞や屈曲がないか確認する。,,D,,true,,false,notebooklm,2026-04-05T01:24:41.679Z
2016_nrs_16_pm113,nursing,2016,113,1.看護におけるマネジメント,E.医療安全を維持する仕組みと対策,医療事故・インシデントレポートの分析と活用,3,"その直後、看護師はノルアドレナリンの投与量を医師の指示書で確認した。指示書には、午前6時に2mL/時間から1mL/時間へ投与量の減量の指示が記載されていたが、午前9時の投与量は2mL/時間のままであったことに気が付いた。,,
このときのAさんに対し看護師がアセスメントする項目で優先度が高いのはどれか。",血　圧,尿　量,血糖値,呼吸数,,A,,false,,false,notebooklm,2026-04-05T01:24:41.679Z
2016_nrs_16_pm114,nursing,2016,114,1.看護におけるマネジメント,E.医療安全を維持する仕組みと対策,医療事故・インシデントレポートの分析と活用,3,"Aさんには有害事象はみられなかったが、医師の指示量の2倍のノルアドレナリンが3時間投与されていた。これは、医師がノルアドレナリンの原料を指示書に記載し、夜勤の担当看護師にそれを伝えたが、担当看護師が実際に減量することを忘れたことが原因だった。病棟では、リスクマネジメントとしてこの出来事の再発防止策を考えることとなった。,,
再発防止策で適切なのはどれか。",薬剤に関する研修会を企画する。,医療機器の操作方法を再教育する。,インシデントを起こした看護師は反省文を書くこととする。,医師の指示内容の変更時は、複数の看護師で情報共有をする。,,D,,false,,false,notebooklm,2026-04-05T01:24:41.679Z
2016_nrs_16_pm115,nursing,2016,115,11.徴候と疾患,A.主要な症状と徴候,高体温、低体温,3,このときのAさんの状態のアセスメントで適切なのはどれか。2つ選べ。,貧血である。,筋肉が傷害されている。,致死性不整脈が出現しやすい。,心原性ショックを起こしている。,利尿薬の使用が必要な状態である。,B,C,,false,,true,notebooklm,2026-04-05T01:24:41.679Z
2016_nrs_16_pm116,nursing,2016,116,14.内部環境（体液量、電解質、酸塩基平衡）調節機能障害のある患者の看護,C.治療を受ける患者への看護,食事療法,3,"Aさんは腎不全が悪化し、持続的血液透析を1週間実施した。入院後20日が経過し、Aさんは尿量100mL/時間以上、クレアチニン1.4mg/dLとなった。気管チューブと膀胱留置カテーテルは抜去され、状態は落ち着いている。ADLは拡大し、3日後に退院することとなった。,,
Aさんへの退院指導で適切なのはどれか。",水分を制限する。,蛋白質を制限する。,積極的に運動する。,生野菜を積極的に摂取する。,,B,,false,,false,notebooklm,2026-04-05T01:24:41.679Z
2016_nrs_16_pm117,nursing,2016,117,11.徴候と疾患,A.主要な症状と徴候,胸痛,3,このときの検査所見として適切なのはどれか。,心電図のST上昇,左肺呼吸音の減弱,クレアチンキナーゼ＜CK＞の下降,胸部エックス線写真での心陰影の縮小,,A,,false,,false,notebooklm,2026-04-05T01:24:41.679Z
2016_nrs_16_pm118,nursing,2016,118,11.循環機能障害のある患者の看護,C.治療を受ける患者への看護,心臓リハビリテーション,3,"緊急心臓カテーテル検査で左冠動脈起始部に90%の閉塞を認め、緊急冠動脈バイパス術が行われた。術後5日、集中治療室から一般病棟に転棟した。Aさんは「手術も無事終わって命が助かった。リハビリテーションが大切と聞いたので、頑張って廊下を歩きますよ」と看護師に話した。術後のADL拡大は順調に進み、Aさんは病棟内での200mの歩行が許可されている。胸部症状の出現や心電図の変化は認めない。,,
Aさんへの心臓リハビリテーションについて適切なのはどれか。",息苦しさが出現したら中止する。,気分の良いときに階段昇降を勧める。,衣服の着脱は家族に介助してもらう。,レジスタンストレーニングを中心に行う。,,A,,false,,false,notebooklm,2026-04-05T01:24:41.679Z
2016_nrs_16_pm119,nursing,2016,119,11.免疫機能,A.自己免疫疾患の病態と診断・治療,全身性エリテマトーデス＜SLE＞関節リウマチ,3,入院時のアセスメントで正しいのはどれか。,貧　血,出血傾向,易感染状態,腎機能低下,,D,,false,,false,notebooklm,2026-04-05T01:24:41.679Z
2016_nrs_16_pm120,nursing,2016,120,16.身体防御機能の障害のある患者の看護,C.治療を受ける患者への看護,免疫抑制薬（ステロイド療法を含む）,3,"Aさんはプレドニゾロン60mg/日のステロイド治療が開始となった。,,
Aさんへの説明で適切なのはどれか。",「食事の制限はありません」,「倦怠感が強いときは薬の中止を検討します。,「薬の影響で気分が大きく変動するかもしれません」,「職場復帰に備えて天気の良い日は散歩しましょう」,「治療で病状が改善すると抗核抗体が陰性になります」,C,,false,,false,notebooklm,2026-04-05T01:24:41.679Z
2017_nrs_17_am001,nursing,2017,1,1. 健康の定義と理解,B.健康に関する指標,平均寿命、平均寿命、健康寿命,3,平均寿命で正しいのはどれか。,0歳の平均余命である。,20歳の平均余命である。,60歳の平均余命である。,死亡者の平均年齢である。,,A,,false,,false,notebooklm,2026-04-05T01:24:41.679Z
2017_nrs_17_am002（不備問題採点除外）,nursing,2017,0,必修問題,,,3,平成27年（2015年）の病院報告による一般病床の平均在院日数はどれか。,6.5日,16.5日,26.5日,36.5日,,B,,false,,false,notebooklm,2026-04-05T01:24:41.679Z
2017_nrs_17_am003,nursing,2017,3,2. 健康に影響する要因,B.生活環境,住環境,3,シックハウス症候群に関係する物質はどれか。,アスベスト,ダイオキシン類,放射性セシウム,ホルムアルデヒド,,D,,false,,false,notebooklm,2026-04-05T01:24:41.680Z
2017_nrs_17_am004,nursing,2017,4,9. 主な看護活動の場と看護の機能,A.看護活動の場と機能・役割,地域包括支援センター,3,介護保険法に基づき設置されるのはどれか。,老人福祉センター,精神保健福祉センター,地域包括支援センター,都道府県福祉人材センター,,C,,false,,false,notebooklm,2026-04-05T01:24:41.680Z
2017_nrs_17_am005,nursing,2017,5,6. 人間の特性,B.対象の特性,QOL,3,QOLを評価する項目で最も重要なのはどれか。,高度医療の受療,本人の満足感,乳児死亡率,生存期間,,B,,false,,false,notebooklm,2026-04-05T01:24:41.680Z
2017_nrs_17_am006,nursing,2017,6,7. 人間のライフサイクル各期の特徴と生活,B.新生児・乳児期,運動能力の発達,3,原始反射はどれか。,手掌把握反射,視性立ち直り反射,パラシュート反射,Landau〈ランドー〉反射,,A,,false,,false,notebooklm,2026-04-05T01:24:41.680Z
2017_nrs_17_am007,nursing,2017,7,7. 人間のライフサイクル各期の特徴と生活,E.思春期,アイデンティティの確率,3,思春期にみられる感情の特徴はどれか。,情緒的に安定し穏やかになる。,思い通りにならないと泣き叫ぶ。,親に対して強い愛情表現を示す。,依存と独立のアンビバレント〈両価的〉な感情をもつ。,,D,,false,,false,notebooklm,2026-04-05T01:24:41.680Z
2017_nrs_17_am008,nursing,2017,8,7. 人間のライフサイクル各期の特徴と生活,G.老年期,身体的機能の変化,3,老年期の身体的な特徴はどれか。,総水分量が増加する。,胸腺の重量が増加する。,嗅覚の閾値が低下する。,高音域における聴力が低下する。,,D,,false,,false,notebooklm,2026-04-05T01:24:41.680Z
2017_nrs_17_am009（不備問題採点除外）,nursing,2017,0,必修問題,,,3,"一般病床の看護職員の配置基準は、入院患者【　】人に対して看護師及び准看護師1人と法令で定められている。,,
【　】に入るのはどれか。",2,3,4,6,,B,,false,,false,notebooklm,2026-04-05T01:24:41.680Z
2017_nrs_17_am010,nursing,2017,10,10. 人体の構造と機能,A.人体の基本的な構造と正常な機能,神経系,3,嚥下に関わる脳神経はどれか。,嗅神経,外転神経,滑車神経,迷走神経,,D,,false,,false,notebooklm,2026-04-05T01:24:41.680Z
2017_nrs_17_am011（不備問題採点除外）,nursing,2017,0,必修問題,,,3,肝臓の機能で正しいのはどれか。,胆汁の貯蔵,脂肪の吸収,ホルモンの代謝,血漿蛋白質の分解,,C,,false,,false,notebooklm,2026-04-05T01:24:41.680Z
2017_nrs_17_am012,nursing,2017,12,10. 人体の構造と機能,A.人体の基本的な構造と正常な機能,内部環境の恒常性,3,頻回の嘔吐で生じやすいのはどれか。,血尿,低体温,体重増加,アルカローシス,,D,,false,,false,notebooklm,2026-04-05T01:24:41.680Z
2017_nrs_17_am013,nursing,2017,13,11. 徴候と疾患,A.主要な症状と徴候,感覚過敏・鈍麻,3,関節や神経叢の周辺に限局して起こる感覚障害の原因はどれか。,脊髄障害,物理的圧迫,脳血管障害,糖尿病の合併症,,B,,false,,false,notebooklm,2026-04-05T01:24:41.680Z
2017_nrs_17_am014,nursing,2017,14,11. 徴候と疾患,B.主要な疾患による健康障害,がん,3,良性腫瘍と比較して悪性腫瘍でみられる特徴はどれか。,被膜がある。,遠隔転移する。,周囲組織に浸潤しない。,増殖速度が緩やかである。,,B,,false,,false,notebooklm,2026-04-05T01:24:41.680Z
2017_nrs_17_am015,nursing,2017,15,11. 徴候と疾患,C.基本的な臨床検査値の評価,血液生化学検査,3,肝障害の指標となる血液生化学検査の項目はどれか。,CRP,尿素窒素,アミラーゼ,ALT〈GPT〉,,D,,false,,false,notebooklm,2026-04-05T01:24:41.680Z
2017_nrs_17_am016,nursing,2017,16,14. 日常生活援助技術,B.排泄,浣腸,3,排便を促す目的のために浣腸液として使用されるのはどれか。,バリウム,ヒマシ油,グリセリン,エタノール,,C,,false,,false,notebooklm,2026-04-05T01:24:41.680Z
2017_nrs_17_am017,nursing,2017,17,12. 薬物の作用とその管理,B.薬物の管理,保存・管理方法,3,他の医薬品と区別して貯蔵し、鍵をかけた堅固な設備内に保管することが法律で定められているのはどれか。,ヘパリン,インスリン,リドカイン,フェンタニル,,D,,false,,false,notebooklm,2026-04-05T01:24:41.680Z
2017_nrs_17_am018,nursing,2017,18,13. 看護における基本技術,A.コミュニケーション,面接技法,3,面接時の質問方法でopen-ended question〈開かれた質問〉はどれか。,「頭痛はありますか」,「昨晩は眠れましたか」,「朝食は何を食べましたか」,「退院後はどのように過ごしたいですか」,,D,,false,,false,notebooklm,2026-04-05T01:24:41.680Z
2017_nrs_17_am019,nursing,2017,19,13. 看護における基本技術,C.フィジカルアセスメント,呼吸状態の観察,3,異常な呼吸音のうち高調性連続性副雑音はどれか。,笛のような音〈笛音〉,いびきのような音〈類鼾音〉,耳元で髪をねじるような音〈捻髪音〉,ストローで水に空気を吹き込むような音〈水泡音〉,,A,,false,,false,notebooklm,2026-04-05T01:24:41.680Z
2017_nrs_17_am020,nursing,2017,20,14. 日常生活援助技術,"""C","活動と休息""",3,"患者をベッドから車椅子へ移乗介助するときの車椅子の配置を図に示す。,,
左片麻痺のある患者の介助で最も適切なのはどれか。",&#160;,&#160;,&#160;,&#160;,,C,,true,,false,notebooklm,2026-04-05T01:24:41.680Z
2017_nrs_17_am021,nursing,2017,21,16. 診療に伴う看護技術,A.栄養法,経管・経腸栄養法,3,経腸栄養剤の副作用（有害事象）はどれか。,咳嗽,脱毛,下痢,血尿,,C,,false,,false,notebooklm,2026-04-05T01:24:41.680Z
2017_nrs_17_am022,nursing,2017,22,16. 診療に伴う看護技術,C.輸液・輸血管理,点滴静脈注射,3,静脈内注射を行う際に、必ず希釈して用いる注射液はどれか。,5％ブドウ糖,15％塩化カリウム,0.9％塩化ナトリウム,7％炭酸水素ナトリウム,,B,,false,,false,notebooklm,2026-04-05T01:24:41.680Z
2017_nrs_17_am023,nursing,2017,23,16. 診療に伴う看護技術,E.呼吸管理,酸素ボンベ,3,充填された酸素ボンベの保管方法で正しいのはどれか。,横に倒して保管する。,保管場所は火気厳禁とする。,バルブを開放して保管する。,日当たりの良い場所で保管する。,,B,,false,,false,notebooklm,2026-04-05T01:24:41.680Z
2017_nrs_17_am024,nursing,2017,24,16. 診療に伴う看護技術,G.皮膚・創傷の管理,褥瘡の予防・処置,3,褥瘡発生の予測に用いるのはどれか。,ブリストルスケール,Borg〈ボルグ〉スケール,Braden〈ブレーデン〉スケール,グラスゴー・コーマ・スケール,,C,,false,,false,notebooklm,2026-04-05T01:24:41.680Z
2017_nrs_17_am025,nursing,2017,25,2. 健康に影響する要因,A.生活行動・習慣,活動と運動、レクリエーション,3,平成26年（2014年）の国民健康・栄養調査において、運動習慣のある女性の割合が最も高い年齢階級はどれか。,30～39歳,40～49歳,50～59歳,60～69歳,70歳以上,E,,false,,false,notebooklm,2026-04-05T01:24:41.680Z
2017_nrs_17_am026,nursing,2017,26,7.血液,A.血液の成分と機能,赤血球の働き,3,健常な成人の血液中にみられる細胞のうち、核が無いのはどれか。,単球,好中球,赤血球,リンパ球,,C,,false,,false,notebooklm,2026-04-05T01:24:41.680Z
2017_nrs_17_am027,nursing,2017,27,10.呼吸器系,D.呼吸,換気,3,自発呼吸時の胸腔内圧を示す曲線はどれか。,&#160;,&#160;,&#160;,&#160;,,D,,false,,false,notebooklm,2026-04-05T01:24:41.680Z
2017_nrs_17_am028,nursing,2017,28,6.循環機能,B.血管系の疾患の病態と診断・治療,大動脈瘤、大動脈解離,3,急性大動脈解離について正しいのはどれか。,大動脈壁の外膜が解離する。,診断には造影剤を用いないCT検査を行う。,Stanford〈スタンフォード〉分類B型では緊急手術を要する。,若年者ではMarfan〈マルファン〉症候群の患者にみられることが多い。,,D,,false,,false,notebooklm,2026-04-05T01:24:41.680Z
2017_nrs_17_am029,nursing,2017,29,3.社会保障制度の基本,B.社会保障制度,社会保障給付費,3,平成24年度（2012年度）における社会保障給付費の内訳で多い順に並んでいるのはどれか。,年金＞医療＞福祉その他,年金＞福祉その他＞医療,医療＞年金＞福祉その他,医療＞福祉その他＞年金,,A,,false,,false,notebooklm,2026-04-05T01:24:41.680Z
2017_nrs_17_am030,nursing,2017,30,6.健康と公衆衛生,B.公衆衛生の実施機関,市区町村保健センター,3,法律とその内容の組合せで正しいのはどれか。,児童福祉法 -- 受胎調節の実地指導,地域保健法 -- 市町村保健センターの設置,健康増進法 -- 医療安全支援センターの設置,学校保健安全法 -- 特定給食施設における栄養管理,,B,,false,,false,notebooklm,2026-04-05T01:24:41.680Z
2017_nrs_17_am031,nursing,2017,31,4.日常生活援助技術,C.排泄,トイレ・ポータブルトイレでの排泄の援助床上での排泄の援助,3,"排泄行動が自立している入院中の男性高齢者が、夜間の排尿について「夜は何度もトイレに行きたくなります。そのたびにトイレまで歩くのは疲れます」と訴えている。,,
この患者の看護で適切なのはどれか。",おむつの使用,夜間の尿器の使用,就寝前の水分摂取の制限,膀胱留置カテーテルの挿入,,B,,false,,false,notebooklm,2026-04-05T01:24:41.680Z
2017_nrs_17_am032,nursing,2017,32,1.看護の基本となる概念,D.看護における倫理,患者の権利と擁護,3,良質の医療を受ける権利を宣言しているのはどれか。,リスボン宣言,ヘルシンキ宣言,ジュネーブ宣言,ニュルンベルク綱領,,A,,false,,false,notebooklm,2026-04-05T01:24:41.680Z
2017_nrs_17_am033,nursing,2017,33,2.看護の展開,B.基盤となる思考過程,問題解決過程,3,看護における問題解決過程で誤っているのはどれか。,多面的な情報を分析する。,看護問題の優先順位は変化する。,家族を含めた看護計画を立てる。,看護問題は疾患によって確定される。,,D,,false,,false,notebooklm,2026-04-05T01:24:41.680Z
2017_nrs_17_am034,nursing,2017,34,3.看護における基本技術,E.フィジカルアセスメント,系統別のフィジカルアセスメント,3,"検査に用いる器具を別に示す。,,
Weber〈ウェーバー〉試験に用いるのはどれか。",&#160;,&#160;,&#160;,&#160;,,A,,false,,false,notebooklm,2026-04-05T01:24:41.680Z
2017_nrs_17_am035,nursing,2017,35,2.看護の展開,A.対象との関係の形成,信頼関係,3,患者と看護師が面談をする際、両者の信頼関係を構築するための看護師の行動で最も適切なのはどれか。,患者の正面に座る。,メモを取ることに集中する。,患者と視線の高さを合わせる。,事前に用意した文章を読み上げる。,,C,,false,,false,notebooklm,2026-04-05T01:24:41.680Z
2017_nrs_17_am036,nursing,2017,36,4.日常生活援助技術,B.食事と栄養,経管・経腸栄養法,3,成人に経鼻経管栄養法を行う際の胃管を挿入する方法で適切なのはどれか。,体位は仰臥位とする。,管が咽頭に達したら頸部を後屈する。,咳嗽が生じた場合は直ちに抜去する。,嚥下運動よりも速い速度で挿入する。,,C,,false,,false,notebooklm,2026-04-05T01:24:41.680Z
2017_nrs_17_am037,nursing,2017,37,3.看護における基本技術,H.安楽の確保,ボディメカニクスの原理と看護実践への活用,3,ボディメカニクスを活用して、看護師が患者を仰臥位から側臥位に体位変換する方法で正しいのはどれか。,患者の支持基底面を狭くする。,患者の重心を看護師から離す。,患者の膝を伸展したままにする。,患者の体幹を肩から回転させる。,,A,,false,,false,notebooklm,2026-04-05T01:24:41.680Z
2017_nrs_17_am038,nursing,2017,38,4.日常生活援助技術,F.清潔と衣生活,清潔行動・衣生活の自立困難な人への援助,3,入浴の際に血圧が低下しやすい状況はどれか。,浴槽に入る前に湯を身体にかけたとき,浴槽の湯に肩まで浸かったとき,浴槽から出たとき,浴室から脱衣所に移動したとき,,C,,false,,false,notebooklm,2026-04-05T01:24:41.680Z
2017_nrs_17_am039,nursing,2017,39,5.診療に伴う看護技術,D.輸液・輸血管理,輸液・輸血の副作用（有害事象）の観察,3,輸血後、数日から数週間経過してから出現する副作用（有害事象）はどれか。,溶血性反応,末梢血管収縮反応,アナフィラキシー反応,輸血後移植片対宿主病〈PT-GVHD〉,,D,,false,,false,notebooklm,2026-04-05T01:24:41.680Z
2017_nrs_17_am040,nursing,2017,40,12.消化・吸収機能障害のある患者への看護,B.検査・処置を受ける患者への看護,上部・下部消化管内視鏡検査,3,上部消化管内視鏡検査について適切なのはどれか。,2時間前から絶飲食とする。,前投薬には筋弛緩薬を用いる。,体位は左側臥位とする。,終了直後から飲食は可能である。,,C,,false,,false,notebooklm,2026-04-05T01:24:41.680Z
2017_nrs_17_am041,nursing,2017,41,5.周術期にある患者と家族の看護,A.術前の看護,術前オリエンテーション,3,全身麻酔下で食道再建術を受ける患者への術前オリエンテーションで適切なのはどれか。,「口から息を吸って鼻から吐く練習をしてください」,「手術の直前に下剤を飲んでもらいます」,「手術中はコンタクトレンズをつけたままで良いです」,「麻酔の際は喉に呼吸用の管を入れます」,,D,,false,,false,notebooklm,2026-04-05T01:24:41.680Z
2017_nrs_17_am042,nursing,2017,42,2.成人における健康の保持・増進や疾病の予防,A.生活習慣に関連する健康課題,生活習慣病の要因,3,生活習慣が発症に関連している疾患はどれか。,肺気腫,1型糖尿病,肥大型心筋症,重症筋無力症,,A,,false,,false,notebooklm,2026-04-05T01:24:41.680Z
2017_nrs_17_am043,nursing,2017,43,9.保健活動の基盤と制度,E.その他の保健活動の基盤となる法や施策,難病の患者に対する医療等に関する法律＜難病法＞,3,難病の患者に対する医療等に関する法律〈難病法〉に基づく医療費助成の対象となる疾患はどれか。,中皮腫,C型肝炎,慢性腎不全,再生不良性貧血,,D,,false,,false,notebooklm,2026-04-05T01:24:41.680Z
2017_nrs_17_am044,nursing,2017,44,6.慢性疾患がある患者と家族の看護,C.セルフケア・自己管理を促進する看護,自己管理支援、セルフケア支援,3,慢性疾患の患者に対する自己管理の支援で最も適切なのはどれか。,患者自身の失敗体験をもとに指導する。,病気に関する広範囲な知識を提供する。,症状に慣れる方法を身につけるように促す。,自分の身体徴候を把握するように指導する。,,D,,false,,false,notebooklm,2026-04-05T01:24:41.680Z
2017_nrs_17_am045,nursing,2017,45,8.がん患者と家族への看護,B.がん患者の集学的治療と看護,薬物療法と看護,3,"Aさん（56歳、男性）は、化学療法後の血液検査にて好中球数300/mm3であった。,,
Aさんの状態で正しいのはどれか。",入浴を控える必要がある。,日和見感染症のリスクが高い。,口腔ケアには歯間ブラシを用いる必要がある。,化学療法の開始前と比ベリンパ球数は増加している。,,B,,false,,false,notebooklm,2026-04-05T01:24:41.680Z
2017_nrs_17_am046,nursing,2017,46,19.運動機能障害のある患者の看護,D.病期や機能障害に応じた看護,椎間板ヘルニア四肢切断後,3,"Aさん（35歳、男性）。身長175cm、体重74kgである。1か月前から腰痛と右下肢のしびれが続くため受診した。腰椎椎間板ヘルニアと診断され、保存的療法で経過をみることになった。,,
Aさんへの生活指導として適切なのはどれか。",「体重を減らしましょう」,「痛いときは冷罨法が効果的です」,「前かがみの姿勢を控えましょう」,「腰の下に枕を入れて寝ると良いですよ」,,C,,false,,false,notebooklm,2026-04-05T01:24:41.680Z
2017_nrs_17_am047,nursing,2017,47,1.高齢者の理解の基本となる概念,A.老年期の発達と変化,老年期の発達課題,3,老年期の心理社会的葛藤を「統合」対「絶望」と表現した人物はどれか。,"ペック,R.C.","バトラー,R.N.","エリクソン,E.H.","ハヴィガースト,R.J.",,C,,false,,false,notebooklm,2026-04-05T01:24:41.680Z
2017_nrs_17_am048,nursing,2017,48,1.高齢者の理解の基本となる概念,C.高齢者のいる家族の理解,家族構成とニーズの変化,3,平成26年（2014年）の国民生活基礎調査における65歳以上の高齢者がいる世帯について正しいのはどれか。,単独世帯は1割である。,三世代世帯は3割である。,夫婦のみの世帯は4割である。,親と未婚の子のみの世帯は2割である。,,D,,false,,false,notebooklm,2026-04-05T01:24:41.680Z
2017_nrs_17_am049,nursing,2017,49,7.高齢者に特有な症候・疾患・障害と看護,E.認知機能が低下した高齢者の看護,認知症看護の基本的視点,3,"Aさん（66歳、男性）は、Lewy〈レビー〉小体型認知症であるが、日常生活動作〈ADL〉は自立している。介護老人保健施設の短期入所〈ショートステイ〉を初めて利用することとなった。施設の看護師は、同居している家族から「以前、入院したときに、ご飯にかかっているゴマを虫だと言って騒いだことがあったが、自宅ではそのような様子はみられない」と聞いた。,,
入所当日の夜間の対応で適切なのはどれか。",虫はいないと説明する。,部屋の照明をつけたままにする。,細かい模様のある物は片付ける。,窓のカーテンは開けたままにする。,,C,,false,,false,notebooklm,2026-04-05T01:24:41.680Z
2017_nrs_17_am050,nursing,2017,50,6.さまざまな健康状態や受療状況に応じた高齢者の看護,D.慢性期の高齢者への看護,疾患や障害とともに生きる高齢者の看護,3,"Aさん（70歳、女性）。夫（72歳）と2人暮らし。慢性腎不全のため腹膜透析を行うことになった。認知機能や身体機能の障害はない。腹膜透析について説明を受けた後、Aさんは「私のように高齢でも自分で腹膜透析をできるのか心配です。毎日続けられるでしょうか」と話した。,,
Aさんへの対応で最も適切なのはどれか。",「誰でも簡単にできます」,「ご家族に操作をしてもらいましょう」,「訪問看護師に毎日見守ってもらいましょう」,「同年代で腹膜透析をしている人の体験を聞いてみましょう」,,D,,false,,false,notebooklm,2026-04-05T01:24:41.680Z
2017_nrs_17_am051,nursing,2017,51,7.高齢者に特有な症候・疾患・障害と看護,"""※各小項目の共通の中項目",,3,"Aさん（80歳、女性）。大腿骨頸部骨折のため人工骨頭置換術を受けた。手術後14日、Aさんの経過は順調で歩行訓練を行っている。歩行による疼痛の訴えはない。,,
現在のAさんの状態で最も注意すべきなのはどれか。",せん妄,創部感染,股関節脱臼,深部静脈血栓症,,C,,false,,false,notebooklm,2026-04-05T01:24:41.680Z
2017_nrs_17_am052,nursing,2017,52,2.子どもの成長・発達,C.小児期における成長・発達の特徴,免疫系,3,"胎生期から小児期の血清免疫グロブリン濃度の年齢による変動を図に示す。,,
①が示しているのはどれか。",IgA,IgD,IgG,IgM,,A,,true,,false,notebooklm,2026-04-05T01:24:41.680Z
2017_nrs_17_am053,nursing,2017,53,6.特別な状況にある子どもと家族への看護,A.虐待を受けている子どもと家族への看護,子どもへの虐待の特徴,3,"Aちゃん（生後4か月、女児）は、嘔吐とけいれんのため病院を受診した。受診時、Aちゃんは傾眠状態で、顔色不良と眼球上転がみられたため入院となった。受診時の体温は36.8℃であった。四肢は硬直し、数か所の内出血斑があった。大泉門は平坦であったが、次第に膨隆を認めるようになった。このときの頭部CTを別に示す。,,
Aちゃんの所見として考えられるのはどれか。",急性脳症,てんかん,硬膜下血腫,細菌性髄膜炎,,C,,false,,false,notebooklm,2026-04-05T01:24:41.680Z
2017_nrs_17_am054,nursing,2017,54,2.母性看護の基盤となる概念,A.リプロダクティブ・ヘルスに関する概念,性の多様性,3,性同一性障害〈GID〉/性別違和〈GD〉について正しいのはどれか。,出現するのは成人期以降である。,ホルモン療法の対象にはならない。,生物学的性と性の自己認識とが一致しない。,生物学的性と同一の性への恋愛感情をもつことである。,,C,,false,,false,notebooklm,2026-04-05T01:24:41.680Z
2017_nrs_17_am055,nursing,2017,55,2.母性看護の基盤となる概念,B.母性・父性・家族に関する概念,母親役割、父親役割,3,"ルービン,R.による母親役割獲得過程におけるロールプレイはどれか。",友人の出産体験を聞く。,人形で沐浴の練習をする。,購入する育児用品を考える。,看護師が行う児の抱き方を見る。,,B,,false,,false,notebooklm,2026-04-05T01:24:41.680Z
2017_nrs_17_am056,nursing,2017,56,1.母性看護の対象を取り巻く環境や社会の変遷,A.母子を取り巻く環境,在留外国人の母子支援,3,"産科外来を初めて受診した妊婦。夫婦ともに外国籍で、日本の在留資格を取得している。,,
この妊婦への説明で正しいのはどれか。",「母子健康手帳は有料で入手できます」,「妊婦健康診査は公費の助成を受けられます」,「出生届は外務省に提出します」,「生まれた子どもは出生時に日本国籍を取得できます」,,B,,false,,false,notebooklm,2026-04-05T01:24:41.680Z
2017_nrs_17_am057,nursing,2017,57,2.災害と看護,B.災害各期の特徴と看護,災害各期における要支援者を含むすべての被災者への看護,3,大震災の2日後、避難所にいる成人への心理的援助で適切なのはどれか。,宗教の多様性への配慮は後で行う。,会話が途切れないように話しかける。,確証がなくても安全であると保証する。,ストレス反応に関する情報提供を行う。,,D,,false,,false,notebooklm,2026-04-05T01:24:41.680Z
2017_nrs_17_am058,nursing,2017,58,4.精神疾患・障害がある者とその家族への看護,C.B以外の治療法,電気けいれん療法,3,修正型電気けいれん療法について正しいのはどれか。,保護室で行う。,全身麻酔下で行う。,強直間代発作が生じる。,発生頻度の高い合併症は骨折である。,,B,,false,,false,notebooklm,2026-04-05T01:24:41.680Z
2017_nrs_17_am059,nursing,2017,59,5.安全な治療環境の提供,A.安全管理＜セーフティマネジメント＞,自傷行為、自殺企図、自殺予防,3,自殺念慮を訴える患者で、自殺が最も切迫している状態はどれか。,自殺の手段が未定である。,自殺する日を決めている。,将来の希望について時々話す。,普段と変わらない様子で生活している。,,B,,false,,false,notebooklm,2026-04-05T01:24:41.680Z
2017_nrs_17_am060,nursing,2017,60,5.社会福祉の基本,G.高齢者に関する制度,高齢者虐待の防止、高齢者の養護者に対する支援等に関する法律＜高齢者虐待防止法＞,3,養護者による虐待を受けたと思われる高齢者を発見した者が、高齢者虐待の防止、高齢者の養護者に対する支援等に関する法律〈高齢者虐待防止法〉に基づき通報する先として正しいのはどれか。,市町村,警察署,消防署,訪問看護事業所,,A,,false,,false,notebooklm,2026-04-05T01:24:41.680Z
2017_nrs_17_am061,nursing,2017,61,7.在宅療養生活を支える看護,B.在宅療養者の食事・栄養を支えるケア,口腔ケア,3,"Aさん（83歳、男性）は、脳梗塞の後遺症で右片麻痺があり、在宅療養中である。嚥下障害のため胃瘻を造設している。義歯を装着しているが、自分の歯が数本残っている。,,
Aさんの口腔ケアについて、介護者への指導で適切なのはどれか。",義歯を装着したまま歯を磨く。,経管栄養直後に実施する。,ペースト状の歯磨剤を使用する。,歯垢の除去には歯ブラシを用いる。,,D,,false,,false,notebooklm,2026-04-05T01:24:41.680Z
2017_nrs_17_am062,nursing,2017,62,4.地域・在宅看護実践をめぐる制度の概要,A.訪問看護制度の理解,訪問看護の対象と提供方法,3,特別訪問看護指示書による訪問看護について正しいのはどれか。,提供できる頻度は週に3回までである。,提供できる期間は最大6か月である。,対象に指定難病は含まない。,医療保険が適用される。,,D,,false,,false,notebooklm,2026-04-05T01:24:41.680Z
2017_nrs_17_am063,nursing,2017,63,8.地域ケアシステムにおける多職種連携,C.居宅介護支援事業所との連携,職種の役割と機能双方向で行う連携の目的ケアマネジメント・看護の役割,3,要介護2と認定された高齢者の在宅療養支援において、支援に関与する者とその役割の組合せで適切なのはどれか。,介護支援専門員 -- 家事の援助,市町村保健師 -- 居宅サービス計画書の作成,訪問看護師 -- 日常生活動作〈ADL〉の向上のための訓練,訪問介護員 -- 運動機能の評価,,C,,false,,false,notebooklm,2026-04-05T01:24:41.680Z
2017_nrs_17_am064,nursing,2017,64,4.社会保険制度の基本,B.医療保険制度,被用者保険、国民健康保険公費医療制度,3,日本の医療保険制度について正しいのはどれか。,健康診断は医療保険が適用される。,75歳以上の者は医療費の自己負担はない。,医療保険適用者の約3割が国民健康保険に加入している。,健康保険の種類によって1つのサービスに対する診療報酬の点数が異なる。,,C,,false,,false,notebooklm,2026-04-05T01:24:41.680Z
2017_nrs_17_am065,nursing,2017,65,11.人々の健康を支える職種やサービス提供体制に関する法や施策,C.サービスの提供体制,医療提供施設（病院、診療所、助産所、介護医療院、介護老人保健施設等）の機能,3,日本の医療提供施設について正しいのはどれか。,病院数は1995年から増加傾向である。,2013年の人口対病床数は先進国の中で最も多い。,介護老人保健施設数は2000年から減少傾向である。,精神科の平均在院日数は1990年から先進国で最短である。,,B,,false,,false,notebooklm,2026-04-05T01:24:41.680Z
2017_nrs_17_am066,nursing,2017,66,11.人々の健康を支える職種やサービス提供体制に関する法や施策,A.看護職に関する法,看護師等の人材確保の促進に関する法律,3,看護師が自ら進んで能力を開発することの努力義務を定めているのはどれか。,医療法,労働契約法,教育基本法,看護師等の人材確保の促進に関する法律,,D,,false,,false,notebooklm,2026-04-05T01:24:41.680Z
2017_nrs_17_am067,nursing,2017,67,2.災害と看護,A.災害時の医療を支えるしくみ,災害時の医療体制,3,災害医療について正しいのはどれか。,災害拠点病院は市町村が指定する。,医療計画の中に災害医療が含まれる。,防災訓練は災害救助法に規定されている。,災害派遣医療チーム〈DMAT〉は災害に関連した長期的な医療支援活動を担う。,,B,,false,,false,notebooklm,2026-04-05T01:24:41.680Z
2017_nrs_17_am068,nursing,2017,68,11.消化器系,B.消化と吸収,三大栄養素の消化と吸収,3,小腸で消化吸収される栄養素のうち、胸管を通って輸送されるのはどれか。,糖質,蛋白質,電解質,中性脂肪,水溶性ビタミン,D,,false,,false,notebooklm,2026-04-05T01:24:41.680Z
2017_nrs_17_am069,nursing,2017,69,16.生殖器系,A.女性の生殖器系の構造と機能,性周期,3,性周期が規則的で健常な成人女性において、着床が起こる時期に血中濃度が最も高くなるホルモンはどれか。,アルドステロン,プロゲステロン,エストラジオール,黄体形成ホルモン〈LH〉,卵胞刺激ホルモン〈FSH〉,B,,false,,false,notebooklm,2026-04-05T01:24:41.680Z
2017_nrs_17_am070,nursing,2017,70,7.栄養の摂取・消化・吸収・代謝機能,D.肝臓・胆・膵臓の疾患の病態と診断・治療,胆石症,3,"腹部CT（A～C）を別に示す。胆石が半年間で胆嚢内をAからCまで移動した。,,
Cの状態を表すのはどれか。",嵌頓,侵入,転位,停留,迷入,A,,false,,false,notebooklm,2026-04-05T01:24:41.680Z
2017_nrs_17_am071,nursing,2017,71,14.運動機能,A.運動器系の疾患の病態と診断・治療,重症筋無力症,3,胸腺腫に合併する疾患で多くみられるのはどれか。,Parkinson〈パーキンソン〉病,筋ジストロフィー,重症筋無力症,多発性硬化症,多発性筋炎,C,,false,,false,notebooklm,2026-04-05T01:24:41.680Z
2017_nrs_17_am072,nursing,2017,72,3.神経系,B.中枢神経系の構造と機能,大脳,3,"頭部CTを別に示す。,,
論理的思考を制御する領域はどれか。",A,B,C,D,E,A,,false,,false,notebooklm,2026-04-05T01:24:41.680Z
2017_nrs_17_am073,nursing,2017,73,10.生活者の健康増進,A.生活習慣病の予防,糖尿病の予防,3,糖尿病の合併症のうち、健康日本21（第二次）の目標に含まれるのはどれか。,腎症,感染症,網膜症,神経障害,血行障害,A,,false,,false,notebooklm,2026-04-05T01:24:41.680Z
2017_nrs_17_am074,nursing,2017,74,5.診療に伴う看護技術,B.皮膚・創傷管理,創傷の治癒過程,3,創傷の治癒過程で炎症期に起こる現象はどれか。,創傷周囲の線維芽細胞が活性化する。,肉芽の形成が促進される。,滲出液が創に溜まる。,創の収縮が起こる。,上皮化が起こる。,C,,false,,false,notebooklm,2026-04-05T01:24:41.680Z
2017_nrs_17_am075,nursing,2017,75,12.神経機能,C.感覚器系の疾患の病態と診断・治療,聴覚障害（難聴、Ménière＜メニエール＞病）,3,Ménière〈メニエール〉病の患者への指導内容について正しいのはどれか。,静かな環境を保持する。,発作時は部屋を明るくする。,めまいがあるときは一点を凝視する。,嘔吐を伴う場合は仰臥位安静にする。,耳鳴があるときは周囲の音を遮断する。,A,,false,,false,notebooklm,2026-04-05T01:24:41.680Z
2017_nrs_17_am076,nursing,2017,76,5.診療に伴う看護技術,B.皮膚・創傷管理,褥瘡の予防と治癒の促進,3,"車椅子での座位の姿勢を別に示す。,,
このような姿勢を長時間続けることで最も褥瘡が発生しやすい部位はどれか。",右肘関節部,右大転子部,左坐骨結節部,左膝関節外側部,左足関節外果部,C,,false,,false,notebooklm,2026-04-05T01:24:41.680Z
2017_nrs_17_am077,nursing,2017,77,1.子どもと家族を取り巻く環境,A.小児医療・小児看護の変遷と課題,諸統計からみた子どもと家族の健康課題,3,平成26年（2014年）の人口動態統計において、1～4歳の死因で最も多いのはどれか。,肺炎,心疾患,悪性新生物,不慮の事故,先天奇形、変形及び染色体異常,E,,false,,false,notebooklm,2026-04-05T01:24:41.680Z
2017_nrs_17_am078,nursing,2017,78,9.エンド・オブ・ライフ＜ end-of-life ＞にある子どもと家族への看護,B.子どもと家族への緩和ケア,エンド・オブ・ライフ＜end-of-life＞にある子どもの心身の状態と緩和ケア,3,"Aちゃん（8歳、女児）は、白血病の終末期で入院しているが、病状は安定している。両親と姉のBちゃん（10歳）の4人家族である。,,
Aちゃんの家族へ看護師が伝える内容として適切なのはどれか。",「Aちゃんは外出できません」,「Bちゃんは面会できません」,「Aちゃんが食べたい物を食べて良いです」,「Aちゃんよりもご家族の意思を優先します」,「Aちゃんに終末期であることは伝えないでください」,C,,false,,false,notebooklm,2026-04-05T01:24:41.680Z
2017_nrs_17_am079,nursing,2017,79,2.社会の中の集団,B.労働と健康,育児休業、介護休業等育児又は家族介護を行う労働者の福祉に関する法律＜育児・介護休業法＞,3,"Aさん（28歳、女性）は、2歳の子どもを養育しながら働いている。,,
Aさんが所定労働時間の短縮を希望した場合、事業主にその措置を義務付けているのはどれか。",児童福祉法,労働基準法,男女共同参画社会基本法,雇用の分野における男女の均等な機会及び待遇の確保等に関する法律〈男女雇用機会均等法〉,育児休業、介護休業等育児又は家族介護を行う労働者の福祉に関する法律〈育児・介護休業法〉,E,,false,,false,notebooklm,2026-04-05T01:24:41.680Z
2017_nrs_17_am080,nursing,2017,80,1.精神保健の基本,B.心の機能と発達,防衛機制,3,難病患者が自分の病気について学ぶことで不安を解消しようとする防衛機制はどれか。,否認,昇華,知性化,合理化,反動形成,C,,false,,false,notebooklm,2026-04-05T01:24:41.680Z
2017_nrs_17_am081,nursing,2017,81,1.看護におけるマネジメント,C.看護業務のマネジメント,複数の看護業務が同時に発生した場合の判断や対処方法,3,"新人看護師のAさんは、夜勤の看護師からの引き継ぎが終了した後、日勤で行う業務を書き出した。,,
Aさんが書き出した以下の業務のうち最も優先して行うのはどれか。",頭部の&#x6414;痒感を訴える患者の洗髪,夜間せん妄のあった患者との散歩,午後に入院する患者の診療録の準備,翌日に検査を受ける予定の患者への説明,人工呼吸器を装着中の患者の状態の確認,E,,false,,false,notebooklm,2026-04-05T01:24:41.680Z
2017_nrs_17_am082,nursing,2017,82,4.運動器系,B.関節の構造と機能,全身の関節,3,車軸関節はどれか。2つ選べ。,正中環軸関節,腕尺関節,上橈尺関節,指節間関節,顎関節,A,C,,false,,true,notebooklm,2026-04-05T01:24:41.680Z
2017_nrs_17_am083（不備問題採点除外）,nursing,2017,0,人体の構造と機能,,,3,嚥下運動に伴って起こるのはどれか。2つ選べ。,声門の開放,舌根の沈下,甲状腺の挙上,後鼻孔の閉鎖,耳管咽頭口の開口,A,,false,,true,notebooklm,2026-04-05T01:24:41.680Z
2017_nrs_17_am084,nursing,2017,84,5.診療に伴う看護技術,F. 生体機能のモニタリング,経皮的動脈血酸素飽和度＜SpO2＞の測定、血糖測定,3,"パルスオキシメータを別に示す。,,
表示されている数値が示すのはどれか。2つ選べ。",脈拍数,酸素分圧,酸素飽和度,重炭酸濃度,二酸化炭素濃度,A,C,,false,,true,notebooklm,2026-04-05T01:24:41.680Z
2017_nrs_17_am085,nursing,2017,85,12.神経機能,C.感覚器系の疾患の病態と診断・治療,視覚障害（白内障、緑内障、網膜剥離、網膜症）聴覚障害（難聴、Ménière＜メニエール＞病）,3,網膜剥離について正しいのはどれか。2つ選べ。,確定診断のために眼底検査を行う。,前駆症状として光視症がみられる。,初期症状として夜盲がみられる。,失明には至らない。,若年者に好発する。,A,B,,false,,true,notebooklm,2026-04-05T01:24:41.680Z
2017_nrs_17_am086,nursing,2017,86,1.母性看護の対象を取り巻く環境や社会の変遷,C.働く妊産婦への支援に関する法や施策,労働基準法,3,労働基準法で定められているのはどれか。2つ選べ。,妊娠の届出,妊婦の保健指導,産前産後の休業,配偶者の育児休業,妊産婦の時間外労働の制限,C,E,,false,,true,notebooklm,2026-04-05T01:24:41.680Z
2017_nrs_17_am087,nursing,2017,87,16.身体防御機能の障害のある患者の看護,D.病期や機能障害に応じた看護,ヒト免疫不全ウイルス<HIV>感染症,3,ヒト免疫不全ウイルス〈HIV〉感染症について適切なのはどれか。2つ選べ。,本人より先に家族に病名を告知する。,国内では異性間性的接触による感染が最も多い。,適切な対応によって母子感染率を下げることができる。,性行為の際には必ずコンドームを使用するよう指導する。,HIVに感染していれば後天性免疫不全症候群〈AIDS〉と診断できる。,C,D,,false,,true,notebooklm,2026-04-05T01:24:41.680Z
2017_nrs_17_am088,nursing,2017,88,20.排尿機能障害のある患者の看護,C.治療を受ける患者への看護,前立腺切除術ホルモン療法,3,"Aさん（63歳、男性）。BMI24。前立腺肥大症のため経尿道的前立腺切除術を受け、手術後3日で膀胱留置カテーテルが抜去された。数日後に退院する予定である。,,
Aさんへの退院指導で適切なのはどれか。2つ選べ。",散歩を控える。,水分摂取を促す。,長時間の座位を控える。,時間をかけて入浴する。,排便時に強くいきまないようにする。,B,E,,false,,true,notebooklm,2026-04-05T01:24:41.680Z
2017_nrs_17_am089,nursing,2017,89,6.精神保健医療福祉の変遷と法や施策,A.患者の権利擁護＜アドボカシー＞,隔離、身体拘束,3,精神科病院で行動制限を受ける患者への対応で正しいのはどれか。2つ選べ。,行動制限の理由を患者に説明する。,原則として2名以上のスタッフで対応する。,信書の発受の対象は患者の家族に限定する。,精神保健指定医による診察は週1回とする。,12時間を超えない隔離は看護師の判断で実施する。,A,B,,false,,true,notebooklm,2026-04-05T01:24:41.680Z
2017_nrs_17_am090,nursing,2017,90,16. 診療に伴う看護技術,E.呼吸管理,酸素ボンベ,3,"3L/分で酸素療法中の入院患者が、500L酸素ボンベ（14.7MPaで充填）を用いて移動した。現在の酸素ボンペの圧力計は5MPaを示している。,,
酸素ボンベの残りの使用可能時間を求めよ。,,
ただし、小数点以下の数値が得られた場合には、小数点以下第1位を四捨五入すること。,,
システムの都合上選択肢を表示できません。各自で0～9の数字を組合せて回答して下さい。,,
,,
解答：①．②％",X,X,,,,A,,false,,false,notebooklm,2026-04-05T01:24:41.680Z
2017_nrs_17_am091,nursing,2017,91,11.循環機能障害のある患者の看護,B.検査・処置を受ける患者への看護,心電図,3,"Aさんの運動負荷心電図検査（トレッドミル運動負荷試験）の結果を別に示す。,,
このときの心電図の所見で適切なのはどれか。",発作時はST低下がある。,発作時はP波が低下している。,安静時は異常Q波がある。,安静時は冠性T波がある。,安静時と発作時ともにQRS幅が拡大している。,A,,false,,false,notebooklm,2026-04-05T01:24:41.680Z
2017_nrs_17_am092,nursing,2017,92,11.循環機能障害のある患者の看護,C.治療を受ける患者への看護,経皮的冠動脈形成術＜PCI＞,3,"検査の結果、Aさんは労作性狭心症と診断され、硝酸薬、カルシウム拮抗薬および抗血小板薬を内服することになった。その後、外来通院を続け、以前と同様に負荷のかかる作業もできるようになった。内服治療から1か月後、胸部の圧迫感が強くなり、時々左上腕から前腕にかけての放散痛も出現するようになったため、経皮的冠動脈形成術〈PCI〉を受けた。カテーテルは右大腿動脈から挿入されていた。手術中から抗凝固療法を実施している。,,
手術直後の観察項目として適切なのはどれか。2つ選べ。",乏尿の有無,皮膚の黄染,出血の有無,両足背動脈の触知,穿刺部位の感染徴候,C,D,,false,,true,notebooklm,2026-04-05T01:24:41.680Z
2017_nrs_17_am093,nursing,2017,93,11.循環機能障害のある患者の看護,D.病期や機能障害に応じた看護,虚血性心疾患,3,"Aさんの経過は順調で、手術後4日に退院することになった。Aさんは「家に戻ってもまた症状が出るのではないかと心配です」と話した。,,
Aさんに対する退院指導の内容として適切なのはどれか。2つ選べ。",「水分摂取を控えましょう」,「肉類を多く食べましょう」,「睡眠時間を確保しましょう」,「自動車の運転はやめましょう」,「次回の外来受診までは重い荷物を運ぶ作業は控えましょう」,C,E,,false,,true,notebooklm,2026-04-05T01:24:41.680Z
2017_nrs_17_am094,nursing,2017,94,5.周術期にある患者と家族の看護,C.術後の看護,侵襲に対する生体反応術後の鎮痛・鎮静管理創傷管理・処置,3,このときのAさんのアセスメントで適切なのはどれか。,貧血のため脈拍が速い。,疼痛のため血圧が高い。,創部感染のため体温が高い。,心不全のため呼吸数が多い。,,B,,false,,false,notebooklm,2026-04-05T01:24:41.680Z
2017_nrs_17_am095,nursing,2017,95,12.消化・吸収機能障害のある患者への看護,C.治療を受ける患者への看護,胃切除術,3,"手術後5日からAさんの食事が開始された。Aさんは食事の後に、めまい、顔面紅潮、動悸、下腹部痛を伴う下痢が出現し、冷汗がみられるようになった。,,
現状で最も考えられるのはどれか。",術後せん妄,乳糖不耐症,偽膜性大腸炎,ダンピング症候群,,D,,false,,false,notebooklm,2026-04-05T01:24:41.680Z
2017_nrs_17_am096,nursing,2017,96,12.消化・吸収機能障害のある患者への看護,C.治療を受ける患者への看護,胃切除術,3,"手術後14日、Aさんは食後に出現していた症状が落ち着き、退院が決まった。,,
Aさんへの退院指導の内容で適切なのはどれか。",1回の食事量を増やす。,海草を積極的に摂取する。,食後の冷汗が出現した際には身体を温める。,空腹時はコーヒーなどの刺激物の摂取を避ける。,,D,,false,,false,notebooklm,2026-04-05T01:24:41.680Z
2017_nrs_17_am097,nursing,2017,97,7.高齢者に特有な症候・疾患・障害と看護,"""※各小項目の共通の中項目",,3,"Aさんの骨折に対して保存療法が行われることとなった。骨折の固定法を図に示す。,,
Aさんの骨折部の固定として適切なのはどれか。",&#160;,&#160;,&#160;,&#160;,,C,,true,,false,notebooklm,2026-04-05T01:24:41.680Z
2017_nrs_17_am098,nursing,2017,98,5.高齢者の生活を支える看護,B.高齢者の安全な活動への援助,身体機能・認知機能に応じた安全な活動の維持・拡大の支援,3,"入院後2日。Aさんは日中、ベッドで横になってテレビを観ていることが多い。Aさんが尿意を訴えたため、看護師が付き添ってトイレに行くことになった。,,
移動の方法として適切なのはどれか。",右腕を使って起き上がる。,しばらく座位をとってから立ち上がる。,骨折部の痛みがあるときも歩いてトイレに行く。,ベッドの高さは腰掛けたときにつま先が床に着くよう調整しておく。,,B,,false,,false,notebooklm,2026-04-05T01:24:41.680Z
2017_nrs_17_am099,nursing,2017,99,5.高齢者の生活を支える看護,B.高齢者の安全な活動への援助,高齢者に多い事故（窒息、誤嗅、溺水、転倒・転落）,3,"Aさんは入院後7日で退院し、介護老人保健施設に入所した。現在はリハビリテーションを行っている。,,
退所後の再転倒を予防するためのAさんへの指導で適切なのはどれか。",家の中で過ごす。,歩幅を小さくして歩く。,足関節の底背屈運動をする。,就寝前に睡眠薬を内服する。,,C,,false,,false,notebooklm,2026-04-05T01:24:41.680Z
2017_nrs_17_am100,nursing,2017,100,7.急性期にある子どもと家族への看護,B.救急救命処置が必要な子どもと家族への看護,子どもの救急におけるトリアージと対応,3,受診時に観察する項目で優先度が高いのはどれか。,体温,心拍数,腸蠕動音,蕁麻疹の範囲,,B,,false,,false,notebooklm,2026-04-05T01:24:41.680Z
2017_nrs_17_am101,nursing,2017,101,7.急性期にある子どもと家族への看護,A.急性症状のある子どもと家族への看護,急性的な経過をたどる疾患の特徴と治療,3,"Aちゃんは、食物アレルギー（food allergy）によるアナフィラキシーと診断された。アドレナリンの筋肉内注射の後、点滴静脈内注射による補液と酸素吸入が開始された。バイタルサインは問題なく、経皮的動脈血酸素飽和度〈SpO2〉99％であったが、経過観察のため入院となった。Aちゃんは「お母さんに会いたい。おうちに帰りたい」と泣き始めた。母親は、保育所から連絡を受けて病院に到着し、医師から現在の病状について説明を受けた。母親は「Aは大丈夫ですか」と看護師に不安を訴えていた。,,
母親への看護師の対応として最も適切なのはどれか。",入院中の生活の留意点を説明する。,父親が到着するまで待合室で待機してもらう。,来院時から現在までのAちゃんの様子を伝える。,Aちゃんが食物アレルギー（food allergy）と診断されたときの母親の思いを聴く。,,C,,false,,false,notebooklm,2026-04-05T01:24:41.680Z
2017_nrs_17_am102,nursing,2017,102,8.慢性的な疾患・障害がある子どもと家族への看護,C.医療的ケアを必要とする子どもと家族への看護,学校・保育所での支援,3,"翌日、Aちゃんは症状が落ち着いたため退院することとなった。母親は「卵を除去した給食を出してもらっていたのですが、また今回の様なことが起こるのではないかと心配です」と不安な様子である。,,
このときの母親への指導として最も適切なのはどれか。",「保育所はしばらくお休みしましょう」,「給食内容を保育所の栄養士に相談しましょう」,「今後の給食時の対応を保育士と相談しましょう」,「保育所の園児に保育士からアレルギーについて説明してもらいましょう」,,C,,false,,false,notebooklm,2026-04-05T01:24:41.680Z
2017_nrs_17_am103,nursing,2017,103,7.早期新生児期の看護,B.早期新生児期のアセスメント,成熟度の評価,3,この児のアセスメントで適切なのはどれか。,新生児仮死,成熟児,高体温,水頭症,,B,,false,,false,notebooklm,2026-04-05T01:24:41.680Z
2017_nrs_17_am104,nursing,2017,104,7.早期新生児期の看護,A.早期新生児の生理的変化と異常,新生児一過性多呼吸＜TTN＞,3,"出生後2時間。児のバイタルサインを確認したところ、直腸温37.5℃、呼吸数75/分、心拍数160/分、経皮的動脈血酸素飽和度〈SpO2〉87％であった。心雑音はなし。鼻翼呼吸および呻吟がみられた。四肢末端にチアノーゼあり。,,
この児の状態で考えられるのはどれか。",胎便吸引症候群〈MAS〉,呼吸窮迫症候群〈RDS〉,心室中隔欠損症〈VSD〉,新生児一過性多呼吸〈TTN〉,,D,,false,,false,notebooklm,2026-04-05T01:24:41.680Z
2017_nrs_17_am105,nursing,2017,105,6.産褥期の看護,C.褥婦と家族への看護,母乳育児への支援,3,"日齢7。児の体重は2,930g（前日より30g増加）。バイタルサインは、腋窩温37.0℃、呼吸数50/分、心拍数140/分。大泉門は平坦。排尿7回/日、排便10回/日の普通便である。経皮的黄疸計による測定値12.5mg/dL。児の母親は母乳育児を希望している。母乳分泌量は良好で乳房トラブルはない。直接授乳を1日12回しており、搾乳や人工乳は哺乳していない。母親は看護師に「体重は生まれたときから30gしか増えていませんが、大丈夫でしょうか」と話した。,,
母親への対応で最も適切なのはどれか。",「乳房を温めましょう」,「哺乳量を測りましょう」,「搾乳も追加であげましょう」,「このまま直接授乳を続けて良いですよ」,,D,,false,,false,notebooklm,2026-04-05T01:24:41.680Z
2017_nrs_17_am106,nursing,2017,106,4.精神疾患・障害がある者とその家族への看護,E.家族への看護,家族への教育的介入と支援,3,"Aさんの退院について、両親は「退院は反対。入院前のように隣人とトラブルになるのではないかと不安です。私達も高齢になってきたので負担が大きいです」と話した。,,
このときの両親への看護師の対応で適切なのはどれか。",退院後に活用できる社会資源について情報提供する。,Aさんの主治医に入院の継続を依頼するよう勧める。,Aさんの現在の病状を隣人に説明するよう勧める。,退院の承諾は家族の義務であることを伝える。,,A,,false,,false,notebooklm,2026-04-05T01:24:41.680Z
2017_nrs_17_am107,nursing,2017,107,4.精神疾患・障害がある者とその家族への看護,F.社会復帰・社会参加への支援,入院患者の退院支援、地域移行・地域定着支援,3,"その後もAさんの両親は、高齢であることを理由に自宅への退院には同意しなかった。,,
Aさんの退院を計画的に進めるために行うことで適切なのはどれか。",精神医療審査会の開催,入院診療計画書の修正,行動制限最小化委員会の開催,医療保護入院者退院支援委員会の開催,,D,,false,,false,notebooklm,2026-04-05T01:24:41.680Z
2017_nrs_17_am108,nursing,2017,108,7.精神保健医療福祉における多職種連携,A.多職種連携と看護の役割,多職種との調整・連携における看護の役割,3,"Aさんの退院については、アパートでの単身生活か、共同生活援助〈グループホーム〉での生活を目指すことになった。,,
Aさんの精神科リハビリテーションを進めるにあたり、病棟看護師が連携する職種で最も優先度が高いのはどれか。",退院後生活環境相談員,理学療法士,介護福祉士,栄養士,,A,,false,,false,notebooklm,2026-04-05T01:24:41.680Z
2017_nrs_17_am109,nursing,2017,109,6.症状・疾患・治療に応じた地域・在宅看護,B.主な疾患等に応じた在宅看護,糖尿病,3,このとき、外来看護師がAさんに行う指導で適切なのはどれか。,糖質を含まない水分を摂取する。,労作後は食事摂取量を増やす。,決まった食事時間を設定する。,空腹感に応じて食事を摂る。,,C,,false,,false,notebooklm,2026-04-05T01:24:41.680Z
2017_nrs_17_am110,nursing,2017,110,1.地域・在宅看護の対象,B.在宅療養者のいる家族の理解と健康課題,キーパーソン,3,"1か月後、Aさんと一緒に外来を訪れた長女は「今までインスリンの治療は母に任せてきましたが、母は眼が見えにくく、インスリンの量が多い日があったようです。母が自己注射を続けられるように、私も手伝えればと思います」と外来看護師に話した。外来受診時、Aさんに末梢神経障害の症状は認められず、手指の動きに問題はなかった。,,
Aさんがインスリン自己注射を行う上で、外来看護師が行う長女への助言で適切なのはどれか。",「インスリンの量は娘さんが一緒に確認しましょう」,「血糖測定は娘さんが代わりに行いましょう」,「注射の針はつけたままにしましょう」,「注射の部位は上腕を選びましょう」,,A,,false,,false,notebooklm,2026-04-05T01:24:41.681Z
2017_nrs_17_am111,nursing,2017,111,1.地域・在宅看護の対象,B.在宅療養者のいる家族の理解と健康課題,家族システム論,3,"6か月後の外来受診時に、同席していた長女が「甘い物ばかり食べる母を叱ってしまいます」と外来看護師に話した。Aさんは黙って話を聞いていた。前回の受診から低血糖症状はなく、体重は3kg増加した。Aさんは日中テレビを観て過ごしていることが多い。,,
外来看護師が別室で長女に提案する内容で最も適切なのはどれか。",「糖尿病食の作り方を覚えましょう」,「厳しいことを言わないようにしましょう」,「甘い物をAさんから見えない場所に置きましょう」,「甘い物を食べてしまうAさんの気持ちを聞いてみましょう」,,D,,false,,false,notebooklm,2026-04-05T01:24:41.681Z
2017_nrs_17_am112,nursing,2017,112,3.国際化と看護,B.グローバルな社会における看護,多様な文化を考慮した看護,3,医師の診察までに救急外来の看護師が行う対応として適切なのはどれか。,Aさんの在留資格を確認する。,Aさんの母国の大使館に連絡する。,Aさんの理解度に応じた日本語で症状を聴取する。,妻が来院するまでAさんに待合室で待ってもらう。,,C,,false,,false,notebooklm,2026-04-05T01:24:41.681Z
2017_nrs_17_am113,nursing,2017,113,3.国際化と看護,B.グローバルな社会における看護,看護の対象となる人々（在留外国人、在外日本人、帰国日本人、国際協力活動を必要とする人々）の健康課題,3,"Aさんの妻が、Aさんの国民健康保険証を持って救急外来に到着した。妻から聴取した情報によると、Aさんは特に既往はないが、時々頭痛があり、母国で市販されていた鎮痛薬を常用していたとのことであった。心電図でST上昇が認められ、Aさんと妻は、医師から「入院して冠動脈造影〈CAG〉を受けないと命の危険があるかもしれない」と説明を受けた。しかし、Aさんは「たくさんの費用は支払えないし、学校を休むのが心配だ」と検査を受けることを拒んだ。,,
このときの救急外来の看護師の説明で優先されるのはどれか。",検査の手順を説明する。,学校は退学にならないことを説明する。,宗教に応じた食事対応ができることを説明する。,医療費は国民健康保険が適用されることを説明する。,,D,,false,,false,notebooklm,2026-04-05T01:24:41.681Z
2017_nrs_17_am114,nursing,2017,114,4.臨床実践場面における統合的な判断や対応,B.複合的な状況にある対象や、複合的に提供されている看護の状況を判断し、危険を回避する取組み,,3,"入院後2日、冠動脈造影〈CAG〉が実施された。冠動脈に有意な狭窄はなく、Aさんは急性心外膜炎と診断された。胸痛に対して消炎鎮痛薬が5日分処方された。処方された2日後、Aさんから「薬がなくなったので追加で処方して欲しい」と病棟看護師に依頼があった。,,
看護師の対応で優先されるのはどれか。",Aさんの痛みの程度を確認する。,医師に鎮痛薬の増量を相談する。,Aさんが以前常用していた鎮痛薬の用量を確認する。,Aさんが指示された用法を守れていないことを指摘する。,,A,,false,,false,notebooklm,2026-04-05T01:24:41.681Z
2017_nrs_17_am115,nursing,2017,115,5.高齢者の生活を支える看護,C.高齢者の食事・食生活の特徴と援助,摂食・嗅下障害,3,"初診から1か月後、皮膚科の外来でAさんは「薬を飲み始めてから、口の中が渇いて食べにくい」と話した。,,
この状況から、Aさんに障害が起きていると考えられる摂食・嚥下の段階はどれか。",先行期,準備期,咽頭期,食道期,,B,,false,,false,notebooklm,2026-04-05T01:24:41.681Z
2017_nrs_17_am116,nursing,2017,116,5.高齢者の生活を支える看護,B.高齢者の安全な活動への援助,活動の縮小の影響(廃用症候群、フレイル、閉じこもり）,3,"Aさんは「食べにくくてあまり食事が摂れていない。階段の昇り降りをしたり、10分以上歩いたりすると疲れてしまい、あまり外に出なくなった」と言う。体重は1か月間で2kg減少していた。他に自覚症状はなく、血液検査の結果は、血清蛋白の低下の他に異常はなかった。,,
このときのAさんに出現している現象として最も考えられるのはどれか。",脱水,筋肉量の減少,胃酸の分泌増加,関節可動域〈ROM〉の制限,,B,,false,,false,notebooklm,2026-04-05T01:24:41.681Z
2017_nrs_17_am117,nursing,2017,117,4.妊娠期の看護,E.妊娠期のケアに必要な技術,胎児心拍数陣痛図、ノンストレステスト＜NST＞胎児の超音波断層法の介助,3,"Aさんは、午後2時に子宮口が4cmまで開大し、破水した。このときの胎児心拍数陣痛図を別に示す。,,
胎児心拍数陣痛図の情報で正しいのはどれか。",陣痛間欠4分,陣痛発作10秒,母体脈拍数50/分,胎児心拍数基線150～160bpm,,D,,false,,false,notebooklm,2026-04-05T01:24:41.681Z
2017_nrs_17_am118,nursing,2017,118,5.分娩期の看護,C.産婦と家族への看護,産婦の基本的ニーズへの支援産痛の緩和,3,"このとき、Aさんは陣痛のたびに緊張して身体を固くし、痛みがないときは眠そうにしている。昼食は、プリン1個と牛乳1本を摂っている。Aさんは「赤ちゃんは、なかなか生まれないですね」と疲れた表情で看護師に話す。,,
このときのAさんへの対応として適切なのはどれか。",「陣痛に合わせていきんでみましょう」,「眠いときは眠るようにしましょう」,「階段の昇り降りをしましょう」,「お風呂に入ってみましょう」,,B,,false,,false,notebooklm,2026-04-05T01:24:41.681Z
2017_nrs_17_am119,nursing,2017,119,3.女性のライフサイクル各期における看護,B.思春期・成熟期女性の健康課題,月経異常、月経随伴症状,3,Aさんの下腹部痛についての説明で適切なのはどれか。,プロスタグランディンの過剰産生によって起こる。,無排卵性の月経によって起こる。,卵巣内のうっ血によって起こる。,経血の流出によって起こる。,,A,,false,,false,notebooklm,2026-04-05T01:24:41.681Z
2017_nrs_17_am120,nursing,2017,120,3.女性のライフサイクル各期における看護,B.思春期・成熟期女性の健康課題,月経異常、月経随伴症状,3,"Aさんは「次の月経からは、痛みがあれば、処方された鎮痛薬を飲むようにします。部活動で毎日ジョギングをしていますが、その他に日常生活で気を付けることを教えてください」と看護師に聞いてきた。,,
このときの看護師の指導で適切なのはどれか。",運動量を増やす。,下腹部を温める。,葉酸を含む食品は控える。,腰部のマッサージは控える。,,B,,false,,false,notebooklm,2026-04-05T01:24:41.681Z
2017_nrs_17_pm001,nursing,2017,1,1. 健康の定義と理解,A.健康の定義,世界保健機関＜WHO＞の定義,3,世界保健機関〈WHO〉が定義する健康について正しいのはどれか。,単に病気や虚弱のない状態である。,国家に頼らず個人の努力で獲得するものである。,肉体的、精神的及び社会的に満たされた状態である。,経済的もしくは社会的な条件で差別が生じるものである。,,C,,false,,false,notebooklm,2026-04-05T01:24:41.681Z
2017_nrs_17_pm002,nursing,2017,2,2. 健康に影響する要因,A.生活行動・習慣,食事と栄養,3,健康日本21（第二次）で平成34年度（2022年度）の目標として示されている1日当たりの食塩摂取量はどれか。,5g,8g,11g,14g,,B,,false,,false,notebooklm,2026-04-05T01:24:41.681Z
2017_nrs_17_pm003,nursing,2017,3,2. 健康に影響する要因,B.生活環境,水質、大気、土壌,3,大気汚染物質の二酸化硫黄〈SO2〉について正しいのはどれか。,発がん性がある。,じん肺を引き起こす。,酸性雨の原因物質である。,不完全燃焼によって発生する。,,C,,false,,false,notebooklm,2026-04-05T01:24:41.681Z
2017_nrs_17_pm004（不備問題採点除外）,nursing,2017,0,必修問題,,,3,仕事と生活の調和（ワーク・ライフ・バランス）憲章が策定された年はどれか。,1947年,1967年,1987年,2007年,,D,,false,,false,notebooklm,2026-04-05T01:24:41.681Z
2017_nrs_17_pm005（不備問題採点除外）,nursing,2017,0,必修問題,,,3,倫理原則の「正義」はどれか。,約束を守る。,害を回避する。,自己決定を尊重する。,公平な資源の配分を行う。,,D,,false,,false,notebooklm,2026-04-05T01:24:41.681Z
2017_nrs_17_pm006,nursing,2017,6,8.がん患者と家族への看護,A.がん患者の抱える苦痛,スピリチュアルな苦痛,3,スピリチュアルな苦痛はどれか。,手術後の創部痛がある。,社会的役割を遂行できない。,治療の副作用に心配がある。,人生の価値を見失い苦悩する。,,D,,false,,false,notebooklm,2026-04-05T01:24:41.681Z
2017_nrs_17_pm007,nursing,2017,7,7. 人間のライフサイクル各期の特徴と生活,F.成人期,生殖機能の成熟と衰退,3,更年期の女性で増加するのはどれか。,卵胞刺激ホルモン〈FSH〉,テストステロン,プロラクチン,エストロゲン,,A,,false,,false,notebooklm,2026-04-05T01:24:41.681Z
2017_nrs_17_pm008,nursing,2017,8,8.看護の対象としての患者と家族,A.家族の機能,家族構成員,3,平成25年（2013年）の国民生活基礎調査で、要介護者からみた主な介護者の続柄で割合が最も多いのはどれか。,同居の父母,別居の家族,同居の配偶者,同居の子の配偶者,,C,,false,,false,notebooklm,2026-04-05T01:24:41.681Z
2017_nrs_17_pm009,nursing,2017,9,9. 主な看護活動の場と看護の機能,A.看護活動の場と機能・役割,訪問看護ステーション,3,訪問看護ステーションの管理者になることができる職種はどれか。,医師,看護師,介護福祉士,理学療法士,,B,,false,,false,notebooklm,2026-04-05T01:24:41.681Z
2017_nrs_17_pm010,nursing,2017,10,10. 人体の構造と機能,A.人体の基本的な構造と正常な機能,運動系,3,"股関節の運動を図に示す。,,
内転はどれか。",&#160;,&#160;,&#160;,&#160;,,C,,true,,false,notebooklm,2026-04-05T01:24:41.681Z
2017_nrs_17_pm011,nursing,2017,11,10. 人体の構造と機能,B.人間の死,死の三徴候,3,死の三徴候に基づいて観察するのはどれか。,腹壁反射,輻輳反射,対光反射,深部腱反射,,C,,false,,false,notebooklm,2026-04-05T01:24:41.681Z
2017_nrs_17_pm012（不備問題採点除外）,nursing,2017,0,必修問題,,,3,潰瘍性大腸炎によって生じるのはどれか。,滲出性下痢,分泌性下痢,脂肪性下痢,浸透圧性下痢,,A,,false,,false,notebooklm,2026-04-05T01:24:41.681Z
2017_nrs_17_pm013,nursing,2017,13,11. 徴候と疾患,B.主要な疾患による健康障害,精神疾患,3,典型的なうつ病の症状はどれか。,幻聴,感情失禁,理由のない爽快感,興味と喜びの喪失,,D,,false,,false,notebooklm,2026-04-05T01:24:41.681Z
2017_nrs_17_pm014,nursing,2017,14,11. 徴候と疾患,B.主要な疾患による健康障害,感染症,3,母体から胎児への感染はどれか。,水平感染,垂直感染,接触感染,飛沫感染,,B,,false,,false,notebooklm,2026-04-05T01:24:41.681Z
2017_nrs_17_pm015,nursing,2017,15,12. 薬物の作用とその管理,A.主な薬物の効果と副作用（有害事象）,抗血栓薬,3,出血傾向を考慮し手術前に投与の中止を検討するのはどれか。,アドレナリン,テオフィリン,ワルファリン,バンコマイシン,,C,,false,,false,notebooklm,2026-04-05T01:24:41.681Z
2017_nrs_17_pm016,nursing,2017,16,12. 薬物の作用とその管理,B.薬物の管理,禁忌,3,インドメタシン内服薬の禁忌はどれか。,痛風,膀胱炎,消化性潰瘍,関節リウマチ,,C,,false,,false,notebooklm,2026-04-05T01:24:41.681Z
2017_nrs_17_pm017,nursing,2017,17,14. 日常生活援助技術,A.食事,誤嚥の予防,3,Fowler〈ファウラー〉位で食事を摂るときの姿勢で誤嚥を予防するのはどれか。,頸部側屈位,頸部前屈位,頸部後屈位,頸部回旋位,,B,,false,,false,notebooklm,2026-04-05T01:24:41.681Z
2017_nrs_17_pm018,nursing,2017,18,14. 日常生活援助技術,B.排泄,導尿,3,男性に導尿を行う際、カテーテル挿入を開始するときの腹壁に対する挿入角度で最も適切なのはどれか。,30～40度,80～90度,120～130度,160～170度,,B,,false,,false,notebooklm,2026-04-05T01:24:41.681Z
2017_nrs_17_pm019,nursing,2017,19,15. 患者の安全・安楽を守る看護技術,C.感染対策対策,標準予防策<スタンダードプリコーション>,3,標準予防策〈スタンダードプリコーション〉において、創傷や感染のない患者への援助で使い捨て手袋が必要なのはどれか。,手浴,洗髪,口腔ケア,寝衣交換,,C,,false,,false,notebooklm,2026-04-05T01:24:41.681Z
2017_nrs_17_pm020,nursing,2017,20,12. 薬物の作用とその管理,A.主な薬物の効果と副作用（有害事象）,麻薬,3,モルヒネの副作用（有害事象）はどれか。,出血,便秘,高血圧,粘膜障害,,B,,false,,false,notebooklm,2026-04-05T01:24:41.681Z
2017_nrs_17_pm021,nursing,2017,21,12. 薬物の作用とその管理,A.主な薬物の効果と副作用（有害事象）,強心薬、抗不整脈薬,3,ジギタリスの副作用（有害事象）はどれか。,難聴,悪心,易感染,低血糖,,B,,false,,false,notebooklm,2026-04-05T01:24:41.681Z
2017_nrs_17_pm022（不備問題採点除外）,nursing,2017,0,必修問題,,,3,静脈血採血の方法で正しいのはどれか。,駆血帯を巻いている時間は2分以内とする。,針の刃面を下に向けて血管内に刺入する。,静脈内に針を刺入したら強く内筒を引く。,針を抜いてから1分程度の圧迫止血を行う。,,A,,false,,false,notebooklm,2026-04-05T01:24:41.681Z
2017_nrs_17_pm023,nursing,2017,23,16. 診療に伴う看護技術,F.救命救急処置,気道の確保,3,呼びかけに反応はないが正常な呼吸がみられる傷病者に対して、まず行うべき対応はどれか。,下肢を挙上する。,胸骨圧迫を行う。,回復体位をとる。,自動体外式除細動器〈AED〉を装着する。,,C,,false,,false,notebooklm,2026-04-05T01:24:41.681Z
2017_nrs_17_pm024（不備問題採点除外）,nursing,2017,0,必修問題,,,3,褥瘡の皮膚症状はどれか。,乾燥,水疱,白斑,発疹,,A,,false,,false,notebooklm,2026-04-05T01:24:41.681Z
2017_nrs_17_pm025,nursing,2017,25,6. 人間の特性,A.人間と欲求,基本的欲求,3,"マズロー,A.H.の基本的欲求階層論で最高次の欲求はどれか。",安全の欲求,承認の欲求,生理的欲求,自己実現の欲求,所属と愛の欲求,D,,false,,false,notebooklm,2026-04-05T01:24:41.681Z
2017_nrs_17_pm026,nursing,2017,26,5.感覚器系,E.味覚,味蕾の構造と機能,3,味覚について正しいのはどれか。,基本味は5つである。,外転神経が支配する。,冷たい物ほど味が濃いと感じる。,1つの味蕾は1種類の基本味を知覚する。,,A,,false,,false,notebooklm,2026-04-05T01:24:41.681Z
2017_nrs_17_pm027,nursing,2017,27,12.代謝系,B.物質代謝,栄養素の代謝,3,ビタミンと生理作用の組合せで正しいのはどれか。,ビタミンA -- 嗅覚閾値の低下,ビタミンD -- Fe<sup>2＋</sup>吸収の抑制,ビタミンE -- 脂質の酸化防止,ビタミンK -- 血栓の溶解,,C,,false,,false,notebooklm,2026-04-05T01:24:41.681Z
2017_nrs_17_pm028,nursing,2017,28,10.呼吸機能障害のある患者の看護,A.原因と障害の程度のアセスメントと看護,換気障害,3,呼吸不全について正しいのはどれか。,喘息の重積発作によって慢性呼吸不全になる。,動脈血酸素分圧〈PaO<sub>2</sub>〉で2つの型に分類される。,動脈血二酸化炭素分圧〈PaCO<sub>2</sub>〉が60mmHg以下をいう。,Hugh-Jones〈ヒュー・ジョーンズ〉分類は呼吸困難の程度を表す。,,D,,false,,false,notebooklm,2026-04-05T01:24:41.681Z
2017_nrs_17_pm029,nursing,2017,29,4.疾病にたいする医療,B.薬剤の特性,薬理作用と副作用（有害事象）,3,薬剤とその副作用（有害事象）の組合せで正しいのはどれか。,副腎皮質ステロイド -- 低血糖,ニューキノロン系抗菌薬 -- 髄膜炎,アミノグリコシド系抗菌薬 -- 視神経障害,スタチン〈HMG-CoA還元酵素阻害薬〉 -- 横紋筋融解症,,D,,false,,false,notebooklm,2026-04-05T01:24:41.681Z
2017_nrs_17_pm030,nursing,2017,30,11.免疫機能,A.自己免疫疾患の病態と診断・治療,Sjögren＜シェーグレン＞症候群全身性強皮症,3,Sjögren〈シェーグレン〉症候群について正しいのはどれか。,網膜炎を合併する。,男女比は1対1である。,主症状は乾燥症状である。,抗核抗体の陽性率は30％程度である。,,C,,false,,false,notebooklm,2026-04-05T01:24:41.681Z
2017_nrs_17_pm031,nursing,2017,31,2.社会の中の集団,A.地域や職場における機能,フォーマルサポート、インフォーマルサポート,3,インフォーマルサポートはどれか。,介護支援専門員による居宅サービス計画の作成,医師による居宅療養管理指導,近隣住民による家事援助,民生委員による相談支援,,C,,false,,false,notebooklm,2026-04-05T01:24:41.681Z
2017_nrs_17_pm032,nursing,2017,32,6.健康と公衆衛生,A.公衆衛生の理念,一次予防、二次予防、三次予防,3,ハイリスクアプローチについて正しいのはどれか。,費用対効果が高い。,成果が恒久的である。,一次予防を目的とする。,集団全体の健康状態の向上に貢献する。,,A,,false,,false,notebooklm,2026-04-05T01:24:41.681Z
2017_nrs_17_pm033,nursing,2017,33,3.急性期にある患者と家族の看護,B.急性期における看護の基本,危機的状態への支援,3,"フィンク,S.L.の危機モデルの過程で第3段階はどれか。",防衛的退行,衝撃,適応,承認,,D,,false,,false,notebooklm,2026-04-05T01:24:41.681Z
2017_nrs_17_pm034,nursing,2017,34,2.看護の展開,B.基盤となる思考過程,根拠に基づいた看護＜EBN＞クリティカル・シンキング,3,クリティカル・シンキングの思考過程で正しいのはどれか。,物事を否定的にみる。,主観的情報を重視する。,直感的にアプローチをする。,根拠に基づいた判断を行う。,,D,,false,,false,notebooklm,2026-04-05T01:24:41.681Z
2017_nrs_17_pm035,nursing,2017,35,3.看護における基本技術,B.学習支援,学習支援の方法と媒体,3,学習支援として、集団指導よりも個別指導が望ましいのはどれか。,小学生へのインフルエンザ予防の指導,塩分摂取量が多い地域住民への食事指導,ヒト免疫不全ウイルス〈HIV〉感染者への生活指導,3～4か月児健康診査に来た保護者への離乳食の指導,,C,,false,,false,notebooklm,2026-04-05T01:24:41.681Z
2017_nrs_17_pm036,nursing,2017,36,3.看護における基本技術,F.感染防止対策,感染の成立と予防,3,感染症の成立過程において、予防接種が影響を与える要素はどれか。,病原体,感染源,感染経路,宿主の感受性,,D,,false,,false,notebooklm,2026-04-05T01:24:41.681Z
2017_nrs_17_pm037,nursing,2017,37,5.高齢者の生活を支える看護,B.高齢者の安全な活動への援助,身体機能・認知機能に応じた環境の整備,3,"Aさん（85歳、女性）。左側の人工股関節置換術後10日である。日中は看護師の援助によって車椅子でトイレまで行くことは可能であるが、夜間はポータブルトイレを使用している。,,
Aさんの夜間の療養環境を整える上で適切なのはどれか。",足側のベッド柵は下げておく。,着脱しやすいスリッパを用意する。,ポータブルトイレはAさんのベッドの右側に置く。,移動時につかまれるようにオーバーテーブルを整える。,,C,,false,,false,notebooklm,2026-04-05T01:24:41.681Z
2017_nrs_17_pm038,nursing,2017,38,1.看護の基本となる概念,A.看護の本質,看護の変遷,3,1948年に、看護教育の現状等に関する大規模な調査報告書「これからの看護〈Nursing for the future〉」を著した人物はどれか。,"リチャーズ,L.","ブラウン,E.L.","レイニンガー,M.M.","ゴールドマーク,J.C.",,B,,false,,false,notebooklm,2026-04-05T01:24:41.681Z
2017_nrs_17_pm039,nursing,2017,39,4.日常生活援助技術,E.休息と睡眠,休息と睡眠に影響する要因休息と睡眠のアセスメント,3,ノンレム睡眠中の状態で正しいのはどれか。,骨格筋が弛緩している。,夢をみていることが多い。,大脳皮質の活動が低下している。,組織の新陳代謝が低下している。,,C,,false,,false,notebooklm,2026-04-05T01:24:41.681Z
2017_nrs_17_pm040,nursing,2017,40,11.人々の健康を支える職種やサービス提供体制に関する法や施策,D.その他の役割,医薬品と医療機器の取り扱い,3,麻薬の取り扱いで正しいのはどれか。,看護師は麻薬施用者免許を取得できる。,麻薬を廃棄したときは市町村長に届け出る。,アンプルの麻薬注射液は複数の患者に分割して用いる。,麻薬及び向精神薬取締法に管理について規定されている。,,D,,false,,false,notebooklm,2026-04-05T01:24:41.681Z
2017_nrs_17_pm041,nursing,2017,41,5.診療に伴う看護技術,E.救命救急処置,一次救命処置＜BLS＞,3,成人に対する一次救命処置〈BLS〉において、胸骨圧迫と人工呼吸との回数比で正しいのはどれか。,20対1,20対2,30対1,30対2,,D,,false,,false,notebooklm,2026-04-05T01:24:41.681Z
2017_nrs_17_pm042,nursing,2017,42,5.周術期にある患者と家族の看護,B.術中の看護,麻酔による影響と援助,3,"成人男性に対する全身麻酔下の膵頭十二指腸切除術が9時に開始されてから40分間の経過を表に示す。,,
9時40分の時点で、間接介助の看護師が医師に確認の上、実施することとして適切なのはどれか。",輸血を準備する。,下半身を心臓より高くする。,加温マットの設定温度を上げる。,次の尿量測定を40分後に実施する。,,C,,false,,false,notebooklm,2026-04-05T01:24:41.681Z
2017_nrs_17_pm043,nursing,2017,43,15.内分泌機能障害のある患者の看護,C.治療を受ける患者への看護,インスリン補充療法,3,インスリン製剤について正しいのはどれか。,経口投与が可能である。,冷凍庫で長期保存できる。,皮下注射は同じ部位に行う。,飛行機に搭乗する際は手荷物として持ち込む。,,D,,false,,false,notebooklm,2026-04-05T01:24:41.681Z
2017_nrs_17_pm044,nursing,2017,44,5.高齢者の生活を支える看護,B.高齢者の安全な活動への援助,活動の縮小の影響(廃用症候群、フレイル、閉じこもり）,3,廃用症侯群を予防する方法で正しいのはどれか。,関節固定後の等張性運動,ギプス固定後からの等尺性運動,下腿の中枢から末梢へのマッサージ,足底板の装着による下腿三頭筋の収縮,,B,,false,,false,notebooklm,2026-04-05T01:24:41.681Z
2017_nrs_17_pm045,nursing,2017,45,5.診療に伴う看護技術,F. 生体機能のモニタリング,生体検査（エックス線撮影、超音波、CT、MRI、心電図、内視鏡、核医学）,3,造影CTの際に最も注意が必要なのはどれか。,閉所に対する恐怖がある患者,気管支喘息の既往がある患者,ペースメーカーを装着している患者,既往に上部消化管造影検査後の腹痛がある患者,,B,,false,,false,notebooklm,2026-04-05T01:24:41.681Z
2017_nrs_17_pm046,nursing,2017,46,8.内部環境調節機能,A.内分泌系の疾患の病態と診断・治療,腫瘍（下垂体腫瘍、甲状腺癌）,3,下垂体腺腫について正しいのはどれか。,褐色細胞腫が最も多い。,トルコ鞍の狭小化を認める。,典型的な視野障害として同名半盲がある。,代表的な外科治療として経鼻的な経蝶形骨洞法による下垂体切除術がある。,,D,,false,,false,notebooklm,2026-04-05T01:24:41.681Z
2017_nrs_17_pm047,nursing,2017,47,12.神経機能,C.感覚器系の疾患の病態と診断・治療,視覚障害（白内障、緑内障、網膜剥離、網膜症）聴覚障害（難聴、Ménière＜メニエール＞病）,3,緑内障と診断された患者への説明で適切なのはどれか。,「治療すれば視野障害は改善します」,「水晶体の代謝が低下して起こる病気です」,「自覚症状がなくても進行しやすい病気です」,「眼瞼のマッサージが眼圧降下に効果的です」,,C,,false,,false,notebooklm,2026-04-05T01:24:41.681Z
2017_nrs_17_pm048,nursing,2017,48,10.全身の感染性疾患,A.感染性疾患の病態と診断・治療,細菌による感染症（結核、コレラ、破傷風、梅毒）,3,梅毒について正しいのはどれか。,ウイルス感染症である。,感染経路は空気感染である。,治療の第一選択薬はステロイド外用薬である。,梅毒血清反応における生物学的偽陽性の要因に妊娠がある。,,D,,false,,false,notebooklm,2026-04-05T01:24:41.681Z
2017_nrs_17_pm049,nursing,2017,49,3.高齢者の健康,B.老年期における身体機能の変化,生殖器系,3,老年期の加齢に伴う生殖器および生殖機能の変化で正しいのはどれか。,卵巣が肥大する。,腟壁が薄くなる。,精液中の精子がなくなる。,男性はテストステロンが増加する。,,B,,false,,false,notebooklm,2026-04-05T01:24:41.681Z
2017_nrs_17_pm050,nursing,2017,50,6.さまざまな健康状態や受療状況に応じた高齢者の看護,H.薬物治療を受ける高齢者の看護,高齢者の薬物動態の特徴高齢者の服薬行動の特徴ポリファーマシー,3,高齢者の薬物動態の特徴で正しいのはどれか。,薬物の吸収の亢進,薬物の代謝の亢進,薬物の排泄の増加,血中濃度の半減期の延長,,D,,false,,false,notebooklm,2026-04-05T01:24:41.681Z
2017_nrs_17_pm051,nursing,2017,51,5.社会福祉の基本,F.児童に関する制度,児童福祉法,3,子どもの権利について述べている事項で最も古いのはどれか。,児童憲章の宣言,児童福祉法の公布,母子保健法の公布,児童の権利に関する条約の日本の批准,,B,,false,,false,notebooklm,2026-04-05T01:24:41.681Z
2017_nrs_17_pm052,nursing,2017,52,2.子どもの成長・発達,A.子どもの成長・発達の原則と影響因子,発達課題と発達理論,3,ピアジェ、J.（Piaget、J.）の認知発達理論において2～7歳ころの段階はどれか。,感覚 - 運動期,具体的操作期,形式的操作期,前操作期,,D,,false,,false,notebooklm,2026-04-05T01:24:41.681Z
2017_nrs_17_pm053,nursing,2017,53,2.子どもの成長・発達,C.小児期における成長・発達の特徴,生歯,3,乳歯について正しいのはどれか。,6～8か月ころから生え始める。,5～7歳ころに生えそろう。,全部で28本である。,う蝕になりにくい。,,A,,false,,false,notebooklm,2026-04-05T01:24:41.681Z
2017_nrs_17_pm054,nursing,2017,54,5.検査や処置を受ける子どもと家族への看護,A.小児特有の診療（検査、処置）に伴う技術と看護,与薬,3,乳児への散剤の与薬について、親に指導する内容で適切なのはどれか。,ミルクに混ぜる。,はちみつに混ぜる。,少量の水に溶かす。,そのまま口に含ませる。,,C,,false,,false,notebooklm,2026-04-05T01:24:41.681Z
2017_nrs_17_pm055,nursing,2017,55,3.看護における基本技術,F.感染防止対策,標準予防策＜スタンダードプリコーション＞と感染経路別予防策,3,入院中に陰圧室に隔離すべき感染症はどれか。,麻疹,風疹,手足口病,流行性耳下腺炎,,A,,false,,false,notebooklm,2026-04-05T01:24:41.681Z
2017_nrs_17_pm056,nursing,2017,56,3.女性のライフサイクル各期における看護,C.更年期・老年期女性の健康と看護,ホルモンの変化,3,閉経について正しいのはどれか。,月経は永久に停止する。,子宮機能の低下で生じる。,原発性無月経のことである。,月経が3か月みられない時点で閉経と判定する。,,A,,false,,false,notebooklm,2026-04-05T01:24:41.681Z
2017_nrs_17_pm057,nursing,2017,57,5.分娩期の看護,A.正常な分娩の経過と分娩期の異常,分娩経過と進行胎児心拍数,3,正常な胎児の分娩機転について正しいのはどれか。,骨盤内嵌入時、胎児の背中は母体の背側にある。,胎児の前頭部が先進する。,胎児の顔は母体の背側を向いて娩出される。,肩甲横径が骨盤の横径に一致する方向で娩出される。,,C,,false,,false,notebooklm,2026-04-05T01:24:41.681Z
2017_nrs_17_pm058,nursing,2017,58,9.保健活動の基盤と制度,B.母子保健,保健指導、訪問指導,3,母子保健施策とその対象の組合せで正しいのはどれか。,育成医療 -- 結核児童,養育医療 -- 学齢児童,健全母性育成事業 -- 高齢妊婦,養育支援訪問事業 -- 特定妊婦,,D,,false,,false,notebooklm,2026-04-05T01:24:41.681Z
2017_nrs_17_pm059,nursing,2017,59,1.精神保健の基本,A.精神の健康の概念,精神障害の一次予防・二次予防・三次予防,3,精神保健活動における二次予防に該当するのはどれか。,地域の子育てサークルへの支援,休職中のうつ病患者への復職支援,企業内でのメンタルヘルス講座の開催,学校を長期間欠席している児童への家庭訪問,,D,,false,,false,notebooklm,2026-04-05T01:24:41.681Z
2017_nrs_17_pm060,nursing,2017,60,4.精神疾患・障害がある者とその家族への看護,A.脳の仕組みと精神機能,神経伝達物質と精神機能・薬理作用,3,統合失調症の幻覚や妄想に最も関係する神経伝達物質はどれか。,ドパミン,セロトニン,アセチルコリン,ノルアドレナリン,,A,,false,,false,notebooklm,2026-04-05T01:24:41.681Z
2017_nrs_17_pm061,nursing,2017,61,4.精神疾患・障害がある者とその家族への看護,G.精神保健医療福祉に関する社会資源の活用と調整,精神科デイケア、精神科ナイトケア,3,精神科デイケアの目的で最も適切なのはどれか。,陽性症状を鎮静化する。,家族の疾病理解を深める。,単身で生活できるようにする。,対人関係能力の向上を目指す。,,D,,false,,false,notebooklm,2026-04-05T01:24:41.681Z
2017_nrs_17_pm062,nursing,2017,62,4.地域・在宅看護実践をめぐる制度の概要,A.訪問看護制度の理解,訪問看護の対象と提供方法,3,健康保険法による訪問看護サービスで正しいのはどれか。,サービス対象は75歳以上である。,訪問看護師が訪問看護計画を立案する。,要介護状態区分に応じて区分支給限度基準額が定められている。,利用者の居宅までの訪問看護師の交通費は、診療報酬に含まれる。,,B,,false,,false,notebooklm,2026-04-05T01:24:41.681Z
2017_nrs_17_pm063,nursing,2017,63,6.症状・疾患・治療に応じた地域・在宅看護,B.主な疾患等に応じた在宅看護,呼吸器疾患心不全,3,"Aさん（75歳、男性）。1人暮らし。慢性閉塞性肺疾患〈COPD〉のため、2年前から在宅酸素療法を開始し、週に2回の訪問看護を利用している。訪問看護師はAさんから「最近、洗濯物を干すときに息が苦しくて疲れるが、自分でできることは続けたい」と相談された。,,
Aさんの労作時の息苦しさを緩和する方法について、訪問看護師が行う指導で適切なのはどれか。",労作時は酸素流量を増やす。,呼吸は呼気より吸気を長くする。,動作に合わせて短速呼吸をする。,腕を上げるときは息を吐きながら行う。,,D,,false,,false,notebooklm,2026-04-05T01:24:41.681Z
2017_nrs_17_pm064,nursing,2017,64,7.在宅療養生活を支える看護,C.在宅療養者の排泄を支えるケア,ストーマケア用品の種類と使用,3,"Aさん（80歳、男性）は、20年前に大腸癌でストーマを造設し、現在週1回の訪問看護を利用している。訪問看護師は、訪問時にAさんから「2日前から腹痛がある」と相談を受けた。Aさんのバイタルサインは、体温36.4℃、呼吸数24/分、脈拍84/分、血圧138/60mmHgである。,,
訪問看護師がAさんの腹痛をアセスメントするための情報で最も優先度が高いのはどれか。",排便の有無,身体活動量,食物の摂取状況,ストーマ周囲の皮膚の状態,,A,,false,,false,notebooklm,2026-04-05T01:24:41.681Z
2017_nrs_17_pm065,nursing,2017,65,7.在宅療養生活を支える看護,C.在宅療養者の排泄を支えるケア,尿道カテーテル管理,3,"Aさん（70歳、男性）。1人暮らし。脳出血の手術後、回復期リハビリテーション病棟に入院中である。神経因性膀胱のため、膀胱留置カテーテルを挿入している。要介護2で、退院後は看護小規模多機能型居宅介護を利用する予定である。,,
退院後にAさんが行う膀胱留置カテーテルの管理で適切なのはどれか。",蓄尿バッグに遮光カバーをかぶせる。,カテーテルは大腿の内側に固定する。,外出前に蓄尿バッグの尿を廃棄する。,カテーテルと蓄尿バッグの接続は外さない。,,C,,false,,false,notebooklm,2026-04-05T01:24:41.681Z
2017_nrs_17_pm066,nursing,2017,66,1.看護におけるマネジメント,E.医療安全を維持する仕組みと対策,安全管理体制整備、医療安全文化の醸成,3,"A病院の組織図を図に示す。,,
医療安全管理を担う部門が、組織横断的な活動をするのに適切な位置はどれか。",&#x2460;,&#x2461;,&#x2462;,&#x2463;,,B,,true,,false,notebooklm,2026-04-05T01:24:41.681Z
2017_nrs_17_pm067,nursing,2017,67,2.災害と看護,A.災害時の医療を支えるしくみ,災害時の医療体制,3,"高速道路で衝突事故が発生し、20人が受傷した。A病院は、5人の重症患者を受け入れ、あわただしい雰囲気となっている。,,
医療を安全かつ円滑に行うために、救急外来のリーダー看護師に求められる役割として誤っているのはどれか。",チームで患者情報を共有する。,スタッフの役割分担を明確にする。,患者誤認が生じないように注意喚起する。,電話による安否の問い合わせに回答する。,,D,,false,,false,notebooklm,2026-04-05T01:24:41.681Z
2017_nrs_17_pm068,nursing,2017,68,1.看護におけるマネジメント,D.看護業務に関する情報に係る技術と取扱い,診療記録等の電子化と医療情報システム,3,紙カルテと比較したときの電子カルテの特徴として正しいのはどれか。,データ集計が困難である。,診療録の保存期間が短い。,多職種間の情報共有が容易になる。,個人情報漏えいの危険性がなくなる。,,C,,false,,false,notebooklm,2026-04-05T01:24:41.681Z
2017_nrs_17_pm069,nursing,2017,69,10.生活者の健康増進,B.職場の健康管理,労働安全衛生法,3,医療機関に勤務する看護師のうち、特殊健康診断の対象となるのはどれか。,内視鏡室で勤務する看護師,精神科病棟で勤務する看護師,血管造影室で勤務する看護師,一般病棟で勤務する夜勤専従の看護師,,C,,false,,false,notebooklm,2026-04-05T01:24:41.681Z
2017_nrs_17_pm070,nursing,2017,70,3.神経系,C.末梢神経系の構造と機能,自律神経,3,神経伝達物質と効果器の組合せで正しいのはどれか。,&#947;-アミノ酪酸〈GABA〉 -- 気管,アセチルコリン -- 瞳孔散大筋,アドレナリン -- 血管,セロトニン -- 心筋,ドパミン -- 汗腺,C,,false,,false,notebooklm,2026-04-05T01:24:41.681Z
2017_nrs_17_pm071,nursing,2017,71,6.循環器系,B.血管系の構造と機能,門脈系,3,無対の静脈はどれか。,鎖骨下静脈,総腸骨静脈,内頸静脈,腕頭静脈,門脈,E,,false,,false,notebooklm,2026-04-05T01:24:41.682Z
2017_nrs_17_pm072,nursing,2017,72,8.体液,B.体液の調節,浸透圧調節,3,血液中の濃度の変化が膠質浸透圧に影響を与えるのはどれか。,血小板,赤血球,アルブミン,グルコース,ナトリウムイオン,C,,false,,false,notebooklm,2026-04-05T01:24:41.682Z
2017_nrs_17_pm073,nursing,2017,73,3.基本的な病因とその成り立ち,"""C","人と病原体の関わり""",3,院内感染の観点から、多剤耐性に注意すべきなのはどれか。,ジフテリア菌,破傷風菌,百日咳菌,コレラ菌,緑膿菌,E,,false,,false,notebooklm,2026-04-05T01:24:41.682Z
2017_nrs_17_pm074,nursing,2017,74,10.呼吸器系,D.呼吸,呼吸調節,3,過換気でみられるのはどれか。,骨格筋の弛緩,血中酸素分圧の低下,体循環系の血管の収縮,代謝性アルカローシス,血中二酸化炭素分圧の上昇,C,,false,,false,notebooklm,2026-04-05T01:24:41.682Z
2017_nrs_17_pm075,nursing,2017,75,21.性・生殖・乳腺機能障害のある患者の看護,B.検査・処置を受ける患者への看護,マンモグラフィー,3,乳癌の検査で侵襲性が高いのはどれか。,触診,細胞診,MRI検査,超音波検査,マンモグラフィ,B,,false,,false,notebooklm,2026-04-05T01:24:41.682Z
2017_nrs_17_pm076,nursing,2017,76,7.公衆衛生における感染症と対策,A.感染症の基本,感染症の予防及び感染症の患者に対する医療に関する法律＜感染症法＞,3,感染症と保健所への届出期間の組合せで正しいのはどれか。,結核 -- 診断後7日以内,梅毒 -- 診断後直ちに,E型肝炎 -- 診断後直ちに,腸管出血性大腸菌感染症 -- 診断後7日以内,後天性免疫不全症候群〈AIDS〉 -- 診断後直ちに,C,,false,,false,notebooklm,2026-04-05T01:24:41.682Z
2017_nrs_17_pm077,nursing,2017,77,11.人々の健康を支える職種やサービス提供体制に関する法や施策,C.サービスの提供体制,医療法,3,"平成24年（2012年）の医療法の改正によって、医療計画には【①】疾病・【②】事業及び在宅医療の医療体制に関する事項を定めることとされている。,,
①と②に入る数字の組合せで正しいのはどれか。",【①】4 -- 【②】4,【①】4 -- 【②】5,【①】5 -- 【②】4,【①】5 -- 【②】5,【①】6 -- 【②】6,D,,false,,false,notebooklm,2026-04-05T01:24:41.682Z
2017_nrs_17_pm078,nursing,2017,78,3.高齢者の健康,B.老年期における身体機能の変化,生殖器系,3,筋骨格系の加齢に伴う変化が発症の一因となるのはどれか。,肺結核,骨盤臓器脱,前立腺肥大症,加齢黄斑変性,慢性閉塞性肺疾患〈COPD〉,B,,false,,false,notebooklm,2026-04-05T01:24:41.682Z
2017_nrs_17_pm079,nursing,2017,79,4.老年看護の基本,B.老年看護の倫理,高齢者虐待,3,平成25年度（2013年度）の「高齢者虐待の防止、高齢者の養護者に対する支援等に関する法律に基づく対応状況等に関する調査結果」における養介護施設従事者等による虐待で最も多いのはどれか。,性的虐待,介護等放棄,身体的虐待,心理的虐待,経済的虐待,C,,false,,false,notebooklm,2026-04-05T01:24:41.682Z
2017_nrs_17_pm080,nursing,2017,80,7.高齢者に特有な症候・疾患・障害と看護,E.認知機能が低下した高齢者の看護,認知症の症状,3,"Aさん（66歳、女性）は、4年前に前頭側頭型認知症と診断され、介護老人福祉施設に入所している。時々、隣の席の人のおやつを食べるため、トラブルになることがある。,,
この状況で考えられるAさんの症状はどれか。",脱抑制,記憶障害,常同行動,自発性の低下,物盗られ妄想,A,,false,,false,notebooklm,2026-04-05T01:24:41.682Z
2017_nrs_17_pm081,nursing,2017,81,11.人々の健康を支える職種やサービス提供体制に関する法や施策,B.医療や社会福祉の関連職に関する法,社会福祉士及び介護福祉士法、精神保健福祉士法,3,社会福祉士及び介護福祉士法に基づき、介護福祉士が一定の条件を満たす場合に行うことができる医療行為はどれか。,摘便,創処置,血糖測定,喀痰吸引,インスリン注射,D,,false,,false,notebooklm,2026-04-05T01:24:41.682Z
2017_nrs_17_pm082,nursing,2017,82,3.精神看護の対象の理解と支援のための概念,C.生きる力と強さに着目した援助,リカバリ＜回復＞,3,精神障害者のリカバリ〈回復〉について正しいのはどれか。,ストレングスモデルが適用される。,目標に向かう直線的な過程である。,精神疾患が寛解した時点から始まる。,精神障害者が1人で達成を目指すものである。,精神障害者が病識を獲得するまでの過程である。,A,,false,,false,notebooklm,2026-04-05T01:24:41.682Z
2017_nrs_17_pm083,nursing,2017,83,6.循環器系,A.心臓の構造と機能,心周期,3,健常な成人の心臓について、右心室と左心室で等しいのはどれか。2つ選べ。,単位時間当たりの収縮の回数,拡張時の内圧,収縮時の内圧,心室壁の厚さ,1回拍出量,A,E,,false,,true,notebooklm,2026-04-05T01:24:41.682Z
2017_nrs_17_pm084,nursing,2017,84,9.保健活動の基盤と制度,E.その他の保健活動の基盤となる法や施策,難病の患者に対する医療等に関する法律＜難病法＞,3,難病の患者に対する医療等に関する法律〈難病法〉において国が行うとされているのはどれか。2つ選べ。,申請に基づく特定医療費の支給,難病の治療方法に関する調査及び研究の推進,指定難病に係る医療を実施する医療機関の指定,支給認定の申請に添付する診断書を作成する医師の指定,難病に関する施策の総合的な推進のための基本的な方針の策定,B,E,,false,,true,notebooklm,2026-04-05T01:24:41.682Z
2017_nrs_17_pm085,nursing,2017,85,3.急性期にある患者と家族の看護,A.急性期にある患者と家族の特徴,身体的特徴心理的特徴,3,急性期の患者の特徴で適切なのはどれか。2つ選べ。,症状の変化が乏しい。,エネルギー消費量が少ない。,身体の恒常性が崩れやすい。,生命の危機状態になりやすい。,セルフマネジメントが必要となる。,C,D,,false,,true,notebooklm,2026-04-05T01:24:41.682Z
2017_nrs_17_pm086,nursing,2017,86,15.内分泌機能障害のある患者の看護,A.原因と障害の程度のアセスメントと看護,甲状腺機能障害,3,甲状腺ホルモンの分泌が亢進した状態の身体所見について正しいのはどれか。2つ選べ。,徐脈,便秘,眼球突出,皮膚乾燥,手指振戦,C,E,,false,,true,notebooklm,2026-04-05T01:24:41.682Z
2017_nrs_17_pm087,nursing,2017,87,15.排泄機能,A.泌尿器系の疾患の病態と診断・治療,排尿障害（過活動膀脱、腹圧性尿失禁、夜尿症）,3,下部尿路症状のうち蓄尿症状はどれか。2つ選べ。,尿失禁,残尿感,腹圧排尿,尿線途絶,尿意切迫感,A,E,,false,,true,notebooklm,2026-04-05T01:24:41.682Z
2017_nrs_17_pm088,nursing,2017,88,4.妊娠期の看護,A.正常な妊娠経過と妊娠期の異常,妊娠の成立,3,妊娠の成立の機序で正しいのはどれか。2つ選べ。,原始卵胞から卵子が排出される。,排卵後の卵子は卵管采によって卵管に取り込まれる。,受精は精子と卵子との融合である。,受精卵は子宮内で2細胞期になる。,着床は排卵後3日目に起こる。,B,C,,false,,true,notebooklm,2026-04-05T01:24:41.682Z
2017_nrs_17_pm089,nursing,2017,89,21.性・生殖・乳腺機能障害のある患者の看護,C.治療を受ける患者への看護,乳癌手術,3,"Aさん（65歳、女性）は、5年前に乳癌の左胸筋温存乳房切除術と左腋窩リンパ節郭清術を受けた。1年前に大腿骨転移のため日常生活動作〈ADL〉に一部介助が必要となり、訪問看護を利用し在宅で療養している。Aさんの左上腕内側の皮膚をつまむと健側より厚みがある。,,
訪問看護師がAさんに指導する左上腕のケア方法で正しいのはどれか。2つ選べ。",指圧する。,皮膚の露出は少なくする。,保湿クリームを塗布する。,ナイロン製タオルで洗う。,アルカリ性石けんで洗浄する。,B,C,,false,,true,notebooklm,2026-04-05T01:24:41.682Z
2017_nrs_17_pm090,nursing,2017,90,7.早期新生児期の看護,B.早期新生児期のアセスメント,生理的体重減少,3,"出生体重3,200gの新生児。日齢3の体重は3,100gである。,,
このときの体重減少率を求めよ。,,
ただし、小数点以下の数値が得られた場合には、小数点以下第2位を四捨五入すること。,,
システムの都合上選択肢を表示できません。各自で0～9の数字を組合せて回答してください。,,
解答：①．②％",X,X,,,,A,,false,,false,notebooklm,2026-04-05T01:24:41.682Z
2017_nrs_17_pm091,nursing,2017,91,10.呼吸機能障害のある患者の看護,A.原因と障害の程度のアセスメントと看護,酸素化障害,3,入院時のAさんの身体状況のアセスメントで適切なのはどれか。,水様性の気道分泌物が貯留している。,呼吸性アシドーシスである。,栄養状態は良好である。,&#x2160;型呼吸不全である。,,D,,false,,false,notebooklm,2026-04-05T01:24:41.682Z
2017_nrs_17_pm092,nursing,2017,92,10.呼吸機能障害のある患者の看護,B.検査・処置を受ける患者への看護,呼吸機能検査,3,"Aさんは入院後に呼吸機能検査を受けることになった。換気障害の分類を図に示す。,,
Aさんの呼吸機能検査の結果で考えられるのはどれか。",A,B,C,D,,A,,true,,false,notebooklm,2026-04-05T01:24:41.682Z
2017_nrs_17_pm093,nursing,2017,93,10.呼吸機能障害のある患者の看護,D.病期や機能障害に応じた看護,慢性閉塞性肺疾患＜COPD＞、肺気腫,3,"入院後18日。Aさんは2日後に自宅へ退院することとなった。Aさんは「病院に来る前は、息苦しくて死ぬかと思った。あのような思いはもうしたくない。家に帰ってまた息苦しくならないか不安だ」と言う。,,
Aさんが症状を自己管理できるように指導する内容で適切なのはどれか。",習慣的に腹式呼吸をする。,入浴時は肩まで湯に浸かる。,動作時は前傾姿勢を保持する。,息苦しくなったら仰臥位を保持する。,,A,,false,,false,notebooklm,2026-04-05T01:24:41.682Z
2017_nrs_17_pm094,nursing,2017,94,17.脳・神経機能障害のある患者の看護,A.原因と障害の程度のアセスメントと看護,生命維持活動調節機能障害,3,ICU入室から24時間以内に注意すべきAさんの症状や徴候はどれか。,Kussmaul〈クスマウル〉呼吸,膝蓋腱反射の低下,企図振戦,瞳孔散大,,D,,false,,false,notebooklm,2026-04-05T01:24:41.682Z
2017_nrs_17_pm095,nursing,2017,95,17.脳・神経機能障害のある患者の看護,D.病期や機能障害に応じた看護,脳血管障害,3,"Aさんは脳血管造影で右中大脳動脈に動脈瘤が確認され、脳血管内治療（コイル塞栓術）が実施された。その後、Aさんは意識清明で問題なく経過していたが、手術後6日から刺激に対する反応が鈍くなり、閉眼していることが多くなった。意識レベルはジャパン・コーマ・スケール〈JCS〉Ⅱ-10。左上肢はBarré〈バレー〉徴候陽性を示した。,,
Aさんに生じていることとして最も考えられるのはどれか。",けいれん発作,脳血管攣縮,せん妄,再出血,水頭症,B,,false,,false,notebooklm,2026-04-05T01:24:41.682Z
2017_nrs_17_pm096,nursing,2017,96,7.リハビリテーションの特徴と看護,B.機能障害のアセスメント,生活機能障害と日常生活動作＜ADL＞,3,"手術後14日、頭部CTで右大脳半球に小範囲の脳梗塞が認められた。Aさんは、左上肢の挙上はできるが維持が困難であり、左膝の屈曲はできるが左下肢の挙上は困難である。意識は清明であるが、Aさんは左片麻痺があるため動こうとしない。,,
Aさんへの看護で最も適切なのはどれか。",日常生活動作〈ADL〉の自立度をアセスメントする。,歩行訓練のときは杖の使用を勧める。,左上肢の筋力増強運動を指導する。,車椅子への移乗は全介助で行う。,,A,,false,,false,notebooklm,2026-04-05T01:24:41.682Z
2017_nrs_17_pm097,nursing,2017,97,2.高齢者の生活,A.高齢者の機能と評価,認知症高齢者の日常生活自立度判定基準,3,Aさんの状態に該当する認知症高齢者の日常生活自立度判定基準のランクはどれか。,ランク&#x2161;a,ランク&#x2161;b,ランク&#x2162;a,ランク&#x2162;b,ランクM,B,,false,,false,notebooklm,2026-04-05T01:24:41.682Z
2017_nrs_17_pm098,nursing,2017,98,7.高齢者に特有な症候・疾患・障害と看護,E.認知機能が低下した高齢者の看護,認知症看護の基本的視点,3,"その後、Aさんは、コンロの火を消し忘れることや、買い物に行って自宅に戻れないことが何度もあり、在宅での生活が困難になったため、介護老人福祉施設に入所した。Aさんは自分の思い通りにならないときに、大声を出して暴れることがあった。時折落ち着かない様子で施設内を徘徊することがあったが、看護師が話しかけると、立ち止まり「散歩しています」と笑顔で話していた。ある日、Aさんがエレベーター前に1人で立っていたため、看護師がどこへ行くのか尋ねると、Aさんは「家に帰ります」と言った。,,
このときの看護師の対応として最も適切なのはどれか。",「一緒に出かけましょう」としばらく周囲を歩く。,「トイレに行きましょう」とトイレに誘導する。,「転んだら危ないですよ」と車椅子に誘導する。,「入所中なので家には帰れません」と説明する。,,A,,false,,false,notebooklm,2026-04-05T01:24:41.682Z
2017_nrs_17_pm099,nursing,2017,99,5.高齢者の生活を支える看護,E.高齢者の清潔と衣生活の特徴と援助,身体機能・認知機能に応じた清潔と衣生活の支援,3,"普段は入浴を楽しみにしていたAさんが、1週前に浴室で誤って冷たい水をかぶってしまい、それ以来「お風呂に入ると寒いから嫌だ」と言って、入浴を拒否するようになった。この日も「お風呂は寒い」と言って入浴を拒否している。看護師が浴室と脱衣室の室温を確認すると26℃～28℃にあたためられていた。また、施設内の温度は一定に設定されており、浴室から部屋まで移動する間も寒さを感じることはなかった。,,
Aさんへの対応として適切なのはどれか。",入浴の必要性を説明する。,特殊浴槽での入浴を勧める。,一緒に湯の温度を確認する。,今日は入浴しなくてよいと伝える。,,C,,false,,false,notebooklm,2026-04-05T01:24:41.682Z
2017_nrs_17_pm100,nursing,2017,100,4.救急看護、クリティカルケア,B.救急看護・クリティカルケアの基本,外傷・熱傷・中毒の応急処置 熱中症・低体温症への応急処置,3,"B教諭が病院に電話連絡したところ、熱中症の疑いがあるため、A君をタクシーで病院に連れて行くこととなった。このときのA君の意識は清明で、体温は38.7℃であった。,,
病院到着までに、看護師がB教諭に指示する処置として適切なのはどれか。",A君の体を冷やす。,A君に水を飲ませる。,A君の上体を高くする。,中枢から末梢に向けてA君の手足をマッサージする。,,A,,false,,false,notebooklm,2026-04-05T01:24:41.682Z
2017_nrs_17_pm101,nursing,2017,101,7.急性期にある子どもと家族への看護,A.急性症状のある子どもと家族への看護,脱水,3,"B教諭に付き添われて、A君は病院に到着した。来院時、A君のバイタルサインは、体温38.5℃、呼吸数26/分、脈拍128/分、血圧90/48mmHgであった。口唇粘膜は乾燥し、皮膚をつまむとゆっくり戻る状態であった。血液検査データは、赤血球580万/μL、白血球12,500/μL、Hb16.8g/dL、Na152mEq/L、K4.0mEq/L、Cl109mEq/L、クレアチニン0.9mg/dLであった。尿比重1.035。受診時の身長165cm、体重57kg（発症前60kg）。,,
A君の状態に対するアセスメントとして適切なのはどれか。",貧血である。,低カリウム血症である。,高ナトリウム血症である。,循環血液量が増加している。,ツルゴール反応は正常である。,C,,false,,false,notebooklm,2026-04-05T01:24:41.682Z
2017_nrs_17_pm102,nursing,2017,102,4.救急看護、クリティカルケア,B.救急看護・クリティカルケアの基本,外傷・熱傷・中毒の応急処置 熱中症・低体温症への応急処置,3,"A君は熱中症と診断された。点滴静脈内注射の後、A君の状態は回復し、家族とともに帰宅することとなった。付き添いのB教諭から、今後の部活動における熱中症予防について看護師に相談があった。,,
熱中症予防のための指導内容で適切なのはどれか。",袖口の狭い服の着用を促す。,口渇がなくても水分摂取を促す。,湿度が高いときに部活動をする。,休憩は90分に1回を目安にする。,,B,,false,,false,notebooklm,2026-04-05T01:24:41.682Z
2017_nrs_17_pm103,nursing,2017,103,11.免疫機能,A.自己免疫疾患の病態と診断・治療,全身性エリテマトーデス＜SLE＞関節リウマチ,3,A君の状態から最も考えられる疾患はどれか。,川崎病,血友病A,急性リンパ性白血病,全身性エリテマトーデス〈SLE〉,Henoch-Sch&ouml;nlein〈ヘノッホ・シェーンライン〉紫斑病〈IgA血管炎〉,E,,false,,false,notebooklm,2026-04-05T01:24:41.682Z
2017_nrs_17_pm104,nursing,2017,104,15.排泄機能,A.泌尿器系の疾患の病態と診断・治療,腎炎、慢性腎臓病,3,"その後6か月間、A君は外来で経過観察となった。関節症状および紫斑は自然に消失したが、尿の異常と低蛋白血症は変わらず、その他の所見も変化がなかった。,,
A君の尿の異常の確定診断をするために最も重要な検査はどれか。",腎生検,咽頭培養,腹部MRI,クレアチニンクリアランスの測定,,A,,false,,false,notebooklm,2026-04-05T01:24:41.682Z
2017_nrs_17_pm105,nursing,2017,105,8.慢性的な疾患・障害がある子どもと家族への看護,A.先天性疾患や慢性的な経過をとる疾患をもつ子どもと家族への看護,発達に応じたセルフケア能力の獲得・自立支援,3,"検査の結果、A君は2年間のステロイド治療が必要と判断された。1か月後に外来受診の予定である。,,
看護師からA君に対して行う生活指導で適切なのはどれか。",「水分を積極的に摂取してください」,「紫斑が出現したら記録してください」,「蛋白質を制限した食事を摂取してください」,「日光をなるべく浴びないようにしてください」,,B,,false,,false,notebooklm,2026-04-05T01:24:41.682Z
2017_nrs_17_pm106,nursing,2017,106,2.主な精神疾患・障害の特徴と看護,B.精神作用物質使用による精神・行動の障害,臨床検査および心理検査と看護薬物療法と看護,3,このときにAさんから収集する情報として優先度が高いのはどれか。,排尿回数,咳嗽の有無,鎮咳薬の使用状況,生活上のストレス要因,,C,,false,,false,notebooklm,2026-04-05T01:24:41.682Z
2017_nrs_17_pm107,nursing,2017,107,4.精神疾患・障害がある者とその家族への看護,H.社会資源の活用とケアマネジメント,セルフヘルプグループ、家族会自立支援医療,3,"Aさんは鎮咳薬による薬物依存症と診断され、任意入院となった。入院2週後、Aさん、主治医および担当看護師で、今後の治療について話し合った。Aさんは「今までは自分の力で薬をやめられると思ったけれど、やっぱりできなかった。仕事もしていないし、家に帰ったらまた薬を買ってしまいそうだ。今度こそ何とかやめたい」と話している。,,
Aさんへの対応として最も適切なのはどれか。",服薬心理教育を実施する。,ハローワークを紹介する。,生活技能訓練〈SST〉を勧める。,薬物依存症者のリハビリテーション施設の情報を提供する。,,D,,false,,false,notebooklm,2026-04-05T01:24:41.682Z
2017_nrs_17_pm108,nursing,2017,108,4.精神疾患・障害がある者とその家族への看護,E.家族への看護,家族への教育的介入と支援,3,"さらに2週が経過し、Aさんは鎮咳薬の服用をやめる意思を強く固め、今後の依存症の治療について真剣に考えるようになった。Aさんの父親はAさんが幼少期のころ死亡しており、Aさんは母親と2人で暮らしていた。母親は週2回面会に来て、Aさんに対して小さな子どもに接するように世話をしていた。担当看護師が母親と今後のことについて話すと、母親は「私が何とかします。私しかこの子の力になってあげられないのです。本当はもっとAにしっかりして欲しい。でも、そう言うとAは怒ってしまいます」と話した。,,
担当看護師の母親への声かけで適切なのはどれか。",「親戚で頼りになる方はいませんか」,「なるべく怒らせないようにすることが大切です」,「お母さんは今までどおりの関わりで良いですよ」,「Aさんが自分で自分のことをできるようにサポートしていきましょう」,,D,,false,,false,notebooklm,2026-04-05T01:24:41.682Z
2017_nrs_17_pm109,nursing,2017,109,2.主な精神疾患・障害の特徴と看護,E.神経症性障害、ストレス関連障害、身体表現性障害,臨床検査および心理検査と看護薬物療法と看護,3,"入院後、Aさんは主治医と話し合い、1日の手洗いの回数を決めたが、毎日その回数を超えて手洗いを続けている。看護師が確認するといつも洗面所にいる。,,
Aさんが決めた回数を超えて洗面所で手洗いを続けているときに、看護師がとる対応で適切なのはどれか。",手洗いを続けてしまうことについてAさんと一緒に話し合う。,病棟は清潔であることをAさんに説明する。,主治医にAさんの隔離について相談する。,Aさんと決めた手洗いの回数を増やす。,,A,,false,,false,notebooklm,2026-04-05T01:24:41.682Z
2017_nrs_17_pm110,nursing,2017,110,4.精神疾患・障害がある者とその家族への看護,E.家族への看護,患者一家族関係の調整,3,"Aさんは、食事の時間以外は他の患者との接触を避け、病室で1人で過ごしている。両親は共働きで、毎日面会に来ることはできない。Aさんは自宅に面会の催促の電話をかけては母親と口論している。Aさんとの関わりに心身ともに疲れ果てた母親が、看護師に相談してきた。,,
母親への看護師の対応で最も適切なのはどれか。",父親と交代で毎日面会に来るよう勧める。,Aさんからの自宅への連絡を制限することを約束する。,Aさんの代わりに看護師がAさんの苦悩を母親に伝える。,Aさんと母親との話し合いに看護師が同席することを提案する。,,D,,false,,false,notebooklm,2026-04-05T01:24:41.682Z
2017_nrs_17_pm111,nursing,2017,111,4.精神疾患・障害がある者とその家族への看護,B.心理・社会的療法,認知行動療法,3,"入院1か月後、手洗い行為は軽減してきた。Aさんはカーテンを閉め切って1人で過ごしていることが多いが、担当看護師や主治医とは治療についての話ができるようになってきた。Aさんは「薬を飲む以外にできることはありますか」と聞いてきた。,,
このときのAさんに最も有効と考えられるのはどれか。",催眠療法,作業療法,認知行動療法,就労移行支援,,C,,false,,false,notebooklm,2026-04-05T01:24:41.682Z
2017_nrs_17_pm112,nursing,2017,112,6.症状・疾患・治療に応じた地域・在宅看護,B.主な疾患等に応じた在宅看護,難病,3,"外来看護師が日誌に記録する内容をAさんに指導することになった。,,
日誌に記録する内容で最も重要なのはどれか。",食事の量,便の性状,振戦の有無,排尿の回数,,C,,false,,false,notebooklm,2026-04-05T01:24:41.682Z
2017_nrs_17_pm113,nursing,2017,113,7.在宅療養生活を支える看護,D.在宅療養者の清潔を支えるケア,清潔保持のためのケア,3,"Aさんと夫は、2週後に日誌を持って受診した。レボドパ〈L-dopa〉の処方が1日4回に増量されることになり、病状管理と療養指導のためAさんは週1回の訪問看護を利用することになった。薬剤が増量されてから1週が経過し、足がすくむことが少なくなった。Aさんから「足がすくむようになってから浴槽に入るのをやめていたけれど、入浴しても大丈夫でしょうか」と訪問看護師に相談があった。,,
Aさんに指導する内容で最も適切なのはどれか。",「レボドパが効いている時間に入浴しましょう」,「通所介護の入浴を利用しましょう」,「訪問入浴介護を利用しましょう」,「シャワー浴にしましょう」,,A,,false,,false,notebooklm,2026-04-05T01:24:41.682Z
2017_nrs_17_pm114（不備問題採点除外）,nursing,2017,0,在宅看護論,,,3,"Aさんは「病気になる前は夫と近くの公園を毎日散歩していたけれど、最近は通院以外に外出をしていません。以前のように、夫と近くの公園を散歩したいな」と訪問看護師に話した。,,
Aさんへの提案で最も適切なのはどれか。",歩行器の利用,電動車椅子の利用,住宅内の段差の改修,自宅でのリハビリテーションの実施,,A,,false,,false,notebooklm,2026-04-05T01:24:41.682Z
2017_nrs_17_pm115,nursing,2017,115,4.臨床実践場面における統合的な判断や対応,B.複合的な状況にある対象や、複合的に提供されている看護の状況を判断し、危険を回避する取組み,,3,妻から聴取したAさんに関する以下の情報のうち、治療方針を決定するために最も重要な情報はどれか。,5年前から禁煙していた。,最近、眠りが浅いと言っていた。,今朝5時にトイレから戻って来た。,健康診査を2年間受診していなかった。,,C,,false,,false,notebooklm,2026-04-05T01:24:41.682Z
2017_nrs_17_pm116,nursing,2017,116,4.日常生活援助技術,B.食事と栄養,経管・経腸栄養法,3,"Aさんは、左中大脳動脈領域の脳梗塞と診断され、組織プラスミノーゲンアクチベータ〈t-PA〉による血栓溶解療法が行われた。入院から2日後、右片麻痺は残存しているものの、ジャパン・コーマ・スケール〈JCS〉Ⅰ-3と改善がみられた。多職種カンファレンスで経口栄養を検討したが、言語聴覚士による評価では、Aさんは誤嚥のリスクが高いと判断され、経鼻胃管による経管栄養を行うこととなった。,,
Aさんに行う経管栄養法について適切なのはどれか。",白湯から開始する。,開始前に胃残渣を確認する。,経鼻胃管挿入中は嚥下訓練を中止する。,"1日の目標摂取エネルギー量は2,200kcalとする。",,B,,false,,false,notebooklm,2026-04-05T01:24:41.682Z
2017_nrs_17_pm117,nursing,2017,117,4.臨床実践場面における統合的な判断や対応,B.複合的な状況にある対象や、複合的に提供されている看護の状況を判断し、危険を回避する取組み,,3,"入院3日の20時、Aさんは覚醒し、点滴を触ったり、経鼻胃管を抜こうとしたりしており、落ち着かない様子である。,,
担当看護師が最初に行う対応で適切なのはどれか。",身体拘束を行う。,早めに消灯をする。,バイタルサインを測定する。,向精神薬の使用を検討する。,,C,,false,,false,notebooklm,2026-04-05T01:24:41.682Z
2017_nrs_17_pm118,nursing,2017,118,6.産褥期の看護,C.褥婦と家族への看護,産褥復古に関する支援,3,"Aさんは翌日の2時に尿意があり、自然排尿があった。8時に「昨夜は後陣痛の痛みが強くて眠れませんでした。おっぱいを飲ませたら、後陣痛がさらに強くなって、汗が出てきました」と言う。子宮底の高さは臍高、子宮は硬く触れ、血性悪露が中等量みられる。Aさんのバイタルサインは、体温37.0℃、脈拍68/分、血圧125/70mmHgであった。,,
このときのAさんへの対応で適切なのはどれか。",授乳を促す。,入浴を勧める。,骨盤底筋体操を指導する。,鎮痛薬の使用を医師に相談することを伝える。,,D,,false,,false,notebooklm,2026-04-05T01:24:41.682Z
2017_nrs_17_pm119,nursing,2017,119,6.産褥期の看護,C.褥婦と家族への看護,家族関係再構築の支援,3,"産褥5日。Aさんの退院のため、夫とB君が迎えに来た。AさんはB君の自宅での様子を夫から聞いた。B君は「ご飯を食べさせてほしい」と訴えたり、「赤ちゃんを家に連れて来ないで」と泣いたりしていたという。そのことを知ったAさんはB君を抱きしめ、B君の話をゆっくり聞いていた。Aさんは退院後のB君への対応について心配になり、看護師に相談した。,,
Aさんへの説明で最も適切なのはどれか。",「B君に好きな物を食べさせましょう」,「B君の世話は夫にしてもらいましょう」,「B君と一緒に赤ちゃんの世話をしましょう」,「B君に兄としてしっかりするように話しましょう」,,C,,false,,false,notebooklm,2026-04-05T01:24:41.682Z
2017_nrs_17_pm120,nursing,2017,120,6.さまざまな健康状態や受療状況に応じた高齢者の看護,D.慢性期の高齢者への看護,疾患や障害とともに生きる高齢者の看護,3,担当看護師が計画するAさんへの看護で適切でないのはどれか。,右下腿を足浴する。,右下腿を挙上する。,温泉旅行の話をする。,Aさんが好きな歌を歌う機会をつくる。,,A,,false,,false,notebooklm,2026-04-05T01:24:41.682Z
2018_nrs_18_am001,nursing,2018,1,6. 健康と公衆衛生,A.公衆衛生の理念,一次予防、二次予防、三次予防,3,疾病や障害に対する二次予防はどれか。,早期治療,予防接種,生活習慣の改善,リハビリテーション,,A,,false,,false,notebooklm,2026-04-05T01:24:41.682Z
2018_nrs_18_am002,nursing,2018,2,1. 健康の定義と理解,B.健康に関する指標,死因の概要,3,日本における平成28年（2016年）の部位別にみた悪性新生物の死亡数で、男性で最も多い部位はどれか。,胃,肝及び肝内胆管,気管、気管支及び肺,結腸と直腸S状結腸移行部及び直腸,,C,,false,,false,notebooklm,2026-04-05T01:24:41.682Z
2018_nrs_18_am003,nursing,2018,3,2. 健康に影響する要因,A.生活行動・習慣,ストレス,3,"セリエ, H. が提唱した理論はどれか。",危機モデル,ケアリング,セルフケア,ストレス反応,,D,,false,,false,notebooklm,2026-04-05T01:24:41.682Z
2018_nrs_18_am004,nursing,2018,4,3.看護で活用する社会保障,B.介護保険制度の基本,保険者,3,介護保険制度における保険者はどれか。,市町村及び特別区,都道府県,保健所,国,,A,,false,,false,notebooklm,2026-04-05T01:24:41.682Z
2018_nrs_18_am005（不備問題採点除外）,nursing,2018,0,必修問題,,,3,呼びかけに反応のない患者に対し、医療従事者が行う一次救命処置＜BLS＞で最も優先するのはどれか。,気道確保,胸骨圧迫,人工呼吸,除細動,,,,false,,false,notebooklm,2026-04-05T01:24:41.682Z
2018_nrs_18_am006,nursing,2018,6,5.看護に関わる基本的法律,A.保健師助産師看護師法,保健師・助産師・看護師の義務（守秘義務・業務従事者届出の義務、臨床研修等を受ける努力義務）,3,"業務に従事する看護師は、（　）年ごとに保健師助産師看護師法に定める届出をしなければならない。,,
（　）に入る数字はどれか。",1,2,3,4,,B,,false,,false,notebooklm,2026-04-05T01:24:41.682Z
2018_nrs_18_am007,nursing,2018,7,6.循環器系,B.血管系の構造と機能,胎児・胎盤の血液循環,3,胎児循環で酸素を最も多く含む血液が流れているのはどれか。,肺動脈,肺静脈,臍動脈,臍静脈,,D,,false,,false,notebooklm,2026-04-05T01:24:41.682Z
2018_nrs_18_am008,nursing,2018,8,10. 人体の構造と機能,A.人体の基本的な構造と正常な機能,免疫系,3,母乳中に含まれている免疫グロブリンで最も多いのはどれか。,IgA,IgE,IgG,IgM,,A,,false,,false,notebooklm,2026-04-05T01:24:41.682Z
2018_nrs_18_am009,nursing,2018,9,7. 人間のライフサイクル各期の特徴と生活,E.思春期,アイデンティティの確率,3,思春期にある人が親密な関係を求める対象はどれか。,教　師,祖父母,友　人,両　親,,C,,false,,false,notebooklm,2026-04-05T01:24:41.682Z
2018_nrs_18_am010,nursing,2018,10,2. 健康に影響する要因,A.生活行動・習慣,食事と栄養,3,平成28年（2016年）の国民健康・栄養調査の結果で、該当年代の男性における肥満者（BMI≧25.0）の割合が最も高い年代はどれか。,15～19歳,30～39歳,50～59歳,70歳以上,,C,,false,,false,notebooklm,2026-04-05T01:24:41.682Z
2018_nrs_18_am011,nursing,2018,11,9. 主な看護活動の場と看護の機能,A.看護活動の場と機能・役割,地域包括支援センター,3,平成18年（2006年）の介護保険法改正で、地域住民の保健医療の向上および福祉の増進を支援することを目的として市町村に設置されたのはどれか。,保健所,市町村保健センター,地域包括支援センター,訪問看護ステーション,,C,,false,,false,notebooklm,2026-04-05T01:24:41.682Z
2018_nrs_18_am012,nursing,2018,12,10. 人体の構造と機能,A.人体の基本的な構造と正常な機能,消化器系,3,胆汁の作用はどれか。,殺　菌,脂肪の乳化,蛋白質の分解,炭水化物の分解,,B,,false,,false,notebooklm,2026-04-05T01:24:41.682Z
2018_nrs_18_am013,nursing,2018,13,11. 徴候と疾患,A.主要な症状と徴候,チアノーゼ,3,チアノーゼで増加しているのはどれか。,血中酸素分圧,還元ヘモグロビン,酸化ヘモグロビン,血中二酸化炭素分圧,,B,,false,,false,notebooklm,2026-04-05T01:24:41.682Z
2018_nrs_18_am014,nursing,2018,14,11. 徴候と疾患,A.主要な症状と徴候,下血,3,鮮紅色の下血が見られた時の出血部位で正しいのはどれか。,胃,食　道,直　腸,十二指腸,,C,,false,,false,notebooklm,2026-04-05T01:24:41.682Z
2018_nrs_18_am015,nursing,2018,15,11. 徴候と疾患,B.主要な疾患による健康障害,感染症,3,感染症の潜伏期間で最も長いのはどれか。,インフルエンザ,結　核,ノロウイルス性胃腸炎,流行性耳下腺炎,,B,,false,,false,notebooklm,2026-04-05T01:24:41.682Z
2018_nrs_18_am016,nursing,2018,16,12. 薬物の作用とその管理,A.主な薬物の効果と副作用（有害事象）,抗がん薬,3,骨髄抑制が出現するのはどれか。,麻　薬,利尿薬,抗癌薬,強心薬,,C,,false,,false,notebooklm,2026-04-05T01:24:41.682Z
2018_nrs_18_am017,nursing,2018,17,13. 看護における基本技術,C.フィジカルアセスメント,バイタルサインの観察,3,"心音の聴取でⅠ音がⅡ音より大きく聴取されるのはどれか。,,
ただし、●は聴取部位を示す。",&#160;,&#160;,&#160;,&#160;,,A,,false,,false,notebooklm,2026-04-05T01:24:41.682Z
2018_nrs_18_am018,nursing,2018,18,14. 日常生活援助技術,A.食事,誤嚥の予防,3,成人において胃食道逆流を防ぐために食後30分から1時間程度とるとよい体位はどれか。,左側臥位,半側臥位,仰臥位,坐　位,,D,,false,,false,notebooklm,2026-04-05T01:24:41.682Z
2018_nrs_18_am019,nursing,2018,19,14. 日常生活援助技術,"""C","活動と休息""",3,動作を安定させるために行うのはどれか。,重心位置を低くする。,足を閉じた姿勢にする。,底が滑らかな素材の靴を履く。,重心線を支持基底面の中心より遠くする。,,A,,false,,false,notebooklm,2026-04-05T01:24:41.682Z
2018_nrs_18_am020,nursing,2018,20,15. 患者の安全・安楽を守る看護技術,A.療養環境,病室環境,3,一般的な病室における冬季の湿度で適切なのはどれか。,約10％,約30％,約50％,約70％,,C,,false,,false,notebooklm,2026-04-05T01:24:41.682Z
2018_nrs_18_am021,nursing,2018,21,15. 患者の安全・安楽を守る看護技術,C.感染対策対策,感染性廃棄物の取り扱い,3,黄色のバイオハザードマークが表示された感染性廃棄物の廃棄容器に入れるのはどれか。,病理廃棄物,使用済み手袋,使用済み注射針,血液が付着したガーゼ,,C,,false,,false,notebooklm,2026-04-05T01:24:41.682Z
2018_nrs_18_am022,nursing,2018,22,16. 診療に伴う看護技術,D.採血,刺入部位,3,成人の採血検査で最も用いられるのはどれか。,外頸静脈,大腿静脈,大伏在静脈,肘正中皮静脈,,D,,false,,false,notebooklm,2026-04-05T01:24:41.682Z
2018_nrs_18_am023,nursing,2018,23,16. 診療に伴う看護技術,G.皮膚・創傷の管理,創傷管理,3,感染を伴わない創傷の治癒を促進させる方法で適切なのはどれか。,乾　燥,消　毒,洗　浄,ガーゼ保護,,C,,false,,false,notebooklm,2026-04-05T01:24:41.682Z
2018_nrs_18_am024,nursing,2018,24,10. 人体の構造と機能,B.人間の死,脳死,3,臓器の移植に関する法律における脳死の判定基準で正しいのはどれか。,瞳孔径は左右とも3mm以上,脳波上徐波の出現,微弱な自発呼吸,脳幹反射の消失,浅昏睡,D,,false,,false,notebooklm,2026-04-05T01:24:41.682Z
2018_nrs_18_am025,nursing,2018,25,12. 薬物の作用とその管理,A.主な薬物の効果と副作用（有害事象）,副腎皮質ステロイド薬,3,副腎皮質ステロイドの作用はどれか。,体重の減少,血糖の低下,血圧の低下,免疫の促進,炎症の抑制,E,,false,,false,notebooklm,2026-04-05T01:24:41.683Z
2018_nrs_18_am026,nursing,2018,26,3.神経系,C.末梢神経系の構造と機能,脳神経,3,三叉神経を求心路として起こるのはどれか。,瞬目反射,対光反射,追跡運動,輻輳反射,,A,,false,,false,notebooklm,2026-04-05T01:24:41.683Z
2018_nrs_18_am027,nursing,2018,27,5.周術期にある患者と家族の看護,D.術後合併症と予防,呼吸器合併症,3,人工弁置換術の術後合併症で早期離床による予防効果が高いのはどれか。,反回神経麻痺,術後出血,縦隔炎,肺　炎,,D,,false,,false,notebooklm,2026-04-05T01:24:41.683Z
2018_nrs_18_am028,nursing,2018,28,7.栄養の摂取・消化・吸収・代謝機能,E.腹壁・腹膜・横隔膜の疾患の病態と診断・治療,鼠径ヘルニア,3,成人の鼠径ヘルニアで正しいのはどれか。,内鼠径ヘルニアと外鼠径ヘルニアに分けられる。,患者の男女比は約1：3である。,やせている人に多い。,保存的治療を行う。,,A,,false,,false,notebooklm,2026-04-05T01:24:41.683Z
2018_nrs_18_am029,nursing,2018,29,8.内部環境調節機能,A.内分泌系の疾患の病態と診断・治療,間脳・下垂体疾患,3,"Aさん（45歳、男性）は、10年ぶりに会った友人からの顔貌の変化を指摘された。,,
顔貌変化を図に示す。,,
Aさんの顔貌変化を引き起こしたホルモンはどれか。",成長ホルモン,副甲状腺ホルモン,副腎皮質ホルモン,甲状腺刺激ホルモン,,A,,true,,false,notebooklm,2026-04-05T01:24:41.683Z
2018_nrs_18_am030,nursing,2018,30,8.内部環境調節機能,B.代謝異常の疾患の病態と診断・治療,糖尿病,3,低血糖時の症状はどれか、,発　疹,徐　脈,冷　汗,多幸感,,C,,false,,false,notebooklm,2026-04-05T01:24:41.683Z
2018_nrs_18_am031,nursing,2018,31,12.神経機能,B.末梢神経系の疾患の病態と診断・治療,Guillain-Barré＜ギラン・バレー＞症候群顔面神経麻痺（Bell＜ベル＞麻痺）,3,"手の写真を別に示す。,,
写真の斜線部分で、正中神経の圧迫によって知覚異常を生じる部位を示しているのはどれか。",A,B,C,D,,C,,false,,false,notebooklm,2026-04-05T01:24:41.683Z
2018_nrs_18_am032,nursing,2018,32,6.健康と公衆衛生,C.疫学的方法に基づく公衆衛生,疫学的因果関係の推定,3,疾学的因果関係があると判断できるのはどれか。,要因と疾病の関係が生物学的研究で得られた事実と異なる。,特定の要因と疾病の関係に特異的な関連が存在する。,要因と疾病の関係でオッズ比が1である。,要因と疾病の関係が散発的である。,,B,,false,,false,notebooklm,2026-04-05T01:24:41.683Z
2018_nrs_18_am033（不備問題複数回答）,nursing,2018,0,健康支援と社会保障制度,,,3,平成27年（2015年）の日本の結核対策で増加が問題とされているのはどれか。,新登録結核患者数,菌喀痰塗抹陽性の肺結核患者数,外国生まれの新登録結核患者数,新登録結核患者における20歳代の割合,,C,D,,false,,false,notebooklm,2026-04-05T01:24:41.683Z
2018_nrs_18_am034,nursing,2018,34,10.生活者の健康増進,B.職場の健康管理,労働安全衛生法,3,トータル・ヘルスプロモーション・プラン＜THP＞で実施されるのはどれか。,がん検診,健康測定,一般健康診断,特定健康診査,,B,,false,,false,notebooklm,2026-04-05T01:24:41.683Z
2018_nrs_18_am035,nursing,2018,35,6.健康と公衆衛生,D.健康に関する指標に基づく公衆衛生,健康寿命,3,健康寿命の説明で適切なのはどれか。,生活習慣病の予防は健康寿命を伸ばす。,2013年の健康寿命は2011年よりも短い。,2013年の健康寿命は女性より男性のほうが長い。,平均寿命と健康寿命の差は健康上の問題なく日常生活ができる期間である。,,A,,false,,false,notebooklm,2026-04-05T01:24:41.683Z
2018_nrs_18_am036,nursing,2018,36,4.疾病にたいする医療,A.診断の基本と方法,医療面談（問診）、身体診察（視診、触診、聴診、打診）,3,指鼻指試験で評価する項目はどれか。,小脳機能,表在反射,深部知覚,複合知覚,,A,,false,,false,notebooklm,2026-04-05T01:24:41.683Z
2018_nrs_18_am037,nursing,2018,37,3.看護における基本技術,G.安全管理＜セーフティマネジメント＞,針刺しの予防と対策,3,静脈血採血時に使用する器具の取り扱いで適切なのはどれか。,真空採血管で採血する場合は素手で行う。,抜針した採血針はキャップをして破棄する。,針専用の廃棄容器は実施者の手の届く範囲に置く。,針専用の廃棄容器は廃棄物が投入口まで達したら交換する。,,C,,false,,false,notebooklm,2026-04-05T01:24:41.683Z
2018_nrs_18_am038,nursing,2018,38,3.看護における基本技術,E.フィジカルアセスメント,系統別のフィジカルアセスメント,3,便秘を訴えている患者の打診のアセスメント項目で適切なのはどれか。,固い腫瘤,筋性防御,叩打痛,鼓　腸,,D,,false,,false,notebooklm,2026-04-05T01:24:41.683Z
2018_nrs_18_am039,nursing,2018,39,4.日常生活援助技術,E.休息と睡眠,休息と睡眠を促す援助,3,夜間の睡眠を促す方法で適切なのはどれか。,朝、起床後に日光を浴びる。,2時間以上昼寝をする。,夕食後、カフェインが含まれる飲み物を摂取する。,"就寝前に過ごす部屋の照明は1,000ルクスとする。",,A,,false,,false,notebooklm,2026-04-05T01:24:41.683Z
2018_nrs_18_am040,nursing,2018,40,4.日常生活援助技術,F.清潔と衣生活,清潔行動・衣生活の自立困難な人への援助,3,歯ブラシを用いたブラッシングで歯周ポケットの清掃に適しているのはどれか。,バス法,スクラブ法,ローリング法,フォーンズ法,,A,,false,,false,notebooklm,2026-04-05T01:24:41.683Z
2018_nrs_18_am041,nursing,2018,41,5.診療に伴う看護技術,A.呼吸、循環、体温調整,排痰法の適応と方法,3,"右中葉領域で粗い断続性副雑音（水泡音）が聴取された場合の体位ドレナージの体位を図に示す。,,
適切なのはどれか。",&#160;,&#160;,&#160;,&#160;,,B,,true,,false,notebooklm,2026-04-05T01:24:41.683Z
2018_nrs_18_am042,nursing,2018,42,5.診療に伴う看護技術,D.輸液・輸血管理,輸液・輸血の種類と取り扱い方法,3,20℃から24℃で保存するのはどれか。,全血製剤,血漿製剤,赤血球液,血小板製剤,,D,,false,,false,notebooklm,2026-04-05T01:24:41.683Z
2018_nrs_18_am043,nursing,2018,43,5.診療に伴う看護技術,F. 生体機能のモニタリング,検体検査（血液、尿、便、喀痰、胸水、腹水、骨髄液）,3,穿刺と穿刺部位の組合せで適切なのはどれか。,胸腔穿刺 -- 胸骨体第2肋間,腹腔穿刺 -- 剣状突起と臍窩を結ぶ直線の中間点,腰椎穿刺 -- 第1・2腰椎間,骨髄穿刺 -- 後腸骨稜,,D,,false,,false,notebooklm,2026-04-05T01:24:41.683Z
2018_nrs_18_am044,nursing,2018,44,2.成人における健康の保持・増進や疾病の予防,B.職業に関連する健康課題,職業性疾患、作業関連疾患,3,作業と健康障害の組合せで正しいのはどれか。,VDT作業 -- 栄養機能障害,有機溶剤を扱う作業 -- 呼吸機能障害,電離放射線を扱う作業 -- 造血機能障害,石綿＜アスベスト＞を扱う作業 -- 排尿機能障害,,C,,false,,false,notebooklm,2026-04-05T01:24:41.683Z
2018_nrs_18_am045,nursing,2018,45,4.救急看護、クリティカルケア,A.緊急度と重症度のアセスメント,意識レベル、神経学的所見、全身状態,3,救急外来を受診した成人患者で、治療の緊急度が最も高いのはどれか。,2時間ほど前から右上下肢に力が入らず、ろれつが回らない。,3日前にペットの葬儀が終わり、食欲がなく、夜眠れない。,プールでの日焼けによって背部全体が発赤している。,市販の風邪薬を通常の2倍量服用した。,,A,,false,,false,notebooklm,2026-04-05T01:24:41.683Z
2018_nrs_18_am046,nursing,2018,46,8.がん患者と家族への看護,C.がん患者の社会参加への支援,社会資源の活用（ピアサポートを含む）,3,がん診療連携拠点病院に設置されている「がん相談支援センター」の業務はどれか。,就労の斡旋,がん検診の実施,がんについての情報提供,セカンドオピニオン外来の開設,,C,,false,,false,notebooklm,2026-04-05T01:24:41.683Z
2018_nrs_18_am047,nursing,2018,47,10.呼吸機能障害のある患者の看護,C.治療を受ける患者の看護,胸腔ドレナージ,3,胸腔ドレーン挿入中の患者の看護で適切なのはどれか。,ミルキングは禁忌である。,持続的に陽圧となっているか観察する。,ドレーンチューブに触れた後は手指衛生を行う。,ドレーンバッグは挿入部より高い位置に設置する。,,C,,false,,false,notebooklm,2026-04-05T01:24:41.683Z
2018_nrs_18_am048,nursing,2018,48,11.循環機能障害のある患者の看護,D.病期や機能障害に応じた看護,心不全,3,慢性心不全患者の生活指導で、心臓への負担を少なくするのはどれか。,肺炎球菌ワクチン接種の回避,蛋白質を制限した食事,食直後の散歩,排泄後の休息,,D,,false,,false,notebooklm,2026-04-05T01:24:41.683Z
2018_nrs_18_am049,nursing,2018,49,12.消化・吸収機能障害のある患者への看護,D.病期や機能障害に応じた看護,炎症性腸疾患（潰瘍性大腸炎、Crohn＜クローン＞病）,3,Crohn＜クローン＞病の患者の食事指導で適切なのはどれか。,「食物繊維を多く含む食事にしましょう」,「蛋白質の多い食事にしましょう」,「脂肪分の多い食事にしましょう」,「炭水化物を控えましょう」,,B,,false,,false,notebooklm,2026-04-05T01:24:41.683Z
2018_nrs_18_am050,nursing,2018,50,14.内部環境（体液量、電解質、酸塩基平衡）調節機能障害のある患者の看護,A.原因と障害の程度のアセスメントと看護,電解質調節機能障害,3,高カリウム血症の患者でみられるのはどれか。,Trousseau＜トルソー＞徴候,心電図でのT波の増高,腸蠕動音の低下,四肢の麻痺,,B,,false,,false,notebooklm,2026-04-05T01:24:41.683Z
2018_nrs_18_am051,nursing,2018,51,17.脳・神経機能障害のある患者の看護,C.治療を受ける患者への看護,開頭術,3,開頭術を受けた患者の看護で適切なのはどれか。,頭部を水平に保つ。,緩下薬は禁忌である。,髄膜炎症状の観察を行う。,手術後1週間は絶飲食とする。,,C,,false,,false,notebooklm,2026-04-05T01:24:41.683Z
2018_nrs_18_am052,nursing,2018,52,20.排尿機能障害のある患者の看護,D.病期や機能障害に応じた看護,腎・尿路結石,3,"Aさん（47歳、男性、会社員）は、痛風の既往があり、ほぼ毎日、飲酒を伴う外食をしている。1週前に尿管結石による疝痛発作があり、体外衝撃波結石破砕術＜ESWL＞を受けた。その結果、排出された結石は尿酸結石であることがわかった。,,
Aさんへの結石の再発予防に対する生活指導で適切なのはどれか。",「飲酒量に制限はありません」,「負荷の大きい運動をしましょう」,「1日2L程度の水分摂取をしましょう」,「動物性蛋白質を多く含む食品を摂取しましょう」,,C,,false,,false,notebooklm,2026-04-05T01:24:41.683Z
2018_nrs_18_am053,nursing,2018,53,2.高齢者の生活,B.その人らしい生活の継続,時代背景に関連する人生と経験の多様性、生活史,3,高齢者に対する生活史の聴き方で適切なのはどれか。,認知機能の評価尺度を用いる。,事実と異なる聴取内容を訂正する。,話を聴く前に文書による同意を得る。,高齢者が話しやすい時代の思い出から聴く。,,D,,false,,false,notebooklm,2026-04-05T01:24:41.683Z
2018_nrs_18_am054,nursing,2018,54,2.高齢者の生活,B.その人らしい生活の継続,収入、生計,3,"平成28年（2016年）の国民生活基礎調査における高齢者世帯の所得構造を図に示す。,,
Aはどれか。",稼働所得,財産所得,公的年金・恩給,年金以外の社会保障給付金,,C,,true,,false,notebooklm,2026-04-05T01:24:41.683Z
2018_nrs_18_am055,nursing,2018,55,6.さまざまな健康状態や受療状況に応じた高齢者の看護,F.検査を受ける高齢者の看護,検査を受ける高齢者への身体機能・認知機能に応じた援助,3,"Aさん（80歳、男性）は、空腹時の胃の痛みが2週間続くため受診し、1週後に胃内視鏡検査を受けることになった。,,
検査を受けるAさんへの看護で適切なのはどれか。",検査前日の夜に下剤を服用することを伝える。,検査前に前立腺肥大症の既往の有無を確認する。,検査中は仰臥位の姿勢を保持する。,検査後はすぐに食事ができることを説明する。,,B,,false,,false,notebooklm,2026-04-05T01:24:41.683Z
2018_nrs_18_am056,nursing,2018,56,3.高齢者の健康,B.老年期における身体機能の変化,感覚器系,3,軽度の老人性難聴の特徴はどれか。,ゆっくり話すと聞き取りにくい。,母音よりも子音が聞き分けにくい。,高音よりも低音が聞き取りにくい。,イントネーションが理解しにくい。,,B,,false,,false,notebooklm,2026-04-05T01:24:41.683Z
2018_nrs_18_am057,nursing,2018,57,8.治療・介護を必要とする高齢者の家族の看護,A.疾患や障害をもつ高齢者の家族への支援,介護状況と介護力の評価,3,"Aさん（90歳、男性）は、脳梗塞による軽度の左半身麻痺がある。要介護2。最近、娘（65歳）とその家族と同居を始めた。Aさんの受診に付き添ってきた娘が看護師に「同居を始めてから疲れます」と話した。,,
この時の娘に対する看護師の対応で最も適切なのはどれか。",心療内科の受診を勧める。,娘の幼少期の親子関係を聞く。,Aさんの介護老人保健施設への入所を勧める。,同居後に家族の生活がどのように変化したかを聞く。,,D,,false,,false,notebooklm,2026-04-05T01:24:41.683Z
2018_nrs_18_am058,nursing,2018,58,9.多様な場で生活する高齢者を支える看護,C.地域でサービスを利用しながら暮らす高齢者の暮らしと看護,福祉用具・介護用品の活用,3,"Aさん（75歳、女性）は、腰部脊柱管狭窄症と診断されており、要介護1、障害高齢者の日常生活自立度判定基準A-1である。,,
Aさんが介護保険による貸与を受けられる福祉用具はどれか。",車椅子,歩行器,電動ベッド,入浴用椅子,,B,,false,,false,notebooklm,2026-04-05T01:24:41.683Z
2018_nrs_18_am059,nursing,2018,59,1.子どもと家族を取り巻く環境,C.子どもと家族を取り巻く社会資源の活用,母子保健施策の活用,3,乳幼児健康診査を規定しているのはどれか。,母子保健法,児童福祉法,次世代育成支援対策推進法,児童虐待の防止等に関する法律,,A,,false,,false,notebooklm,2026-04-05T01:24:41.683Z
2018_nrs_18_am060,nursing,2018,60,2.子どもの成長・発達,C.小児期における成長・発達の特徴,呼吸器系,3,小児の呼吸法が、腹式呼吸から成人と同じ胸式呼吸に変化する時期はどれか。,生後6か月,3歳,7歳,12歳,,C,,false,,false,notebooklm,2026-04-05T01:24:41.683Z
2018_nrs_18_am061,nursing,2018,61,7.早期新生児期の看護,C.早期新生児とその家族への看護,清潔,3,新生児の養育者に対する看護師の指導で正しいのはどれか。,「脂漏性湿疹は石けんで洗いましょう」,「臍帯はおむつで覆いましょう」,「うつぶせ寝にしましょう」,「日光浴をしましょう」,,A,,false,,false,notebooklm,2026-04-05T01:24:41.683Z
2018_nrs_18_am062,nursing,2018,62,3.基本的な病因とその成り立ち,B.生体の障害,遺伝子異常、先天異常,3,先天異常で正しいのはどれか。,軟骨無形成症は低身長になる。,Turner＜ターナー＞症候群は高身長になる。,Klinefelter＜クラインフェルター＞症候群は低身長になる。,Pierre Robin＜ピエール・ロバン＞症候群は巨舌症がある。,,A,,false,,false,notebooklm,2026-04-05T01:24:41.683Z
2018_nrs_18_am063,nursing,2018,63,2.母性看護の基盤となる概念,A.リプロダクティブ・ヘルスに関する概念,性の多様性,3,"平成16年（2004年）に性同一性障害者の性別の取扱いの特例に関する法律が施行され、戸籍上の性別を変更することが可能になった。,,
その変更の条件で正しいのはどれか。",15歳以上であること,うつ症状を呈していること,現に未成年の子がいないこと,両親の同意が得られていること,,C,,false,,false,notebooklm,2026-04-05T01:24:41.683Z
2018_nrs_18_am064,nursing,2018,64,1.社会・家族機能と生活基盤の変化,B.家族機能の変化,出生、死亡,3,"日本における母の年齢階級別出生率の推移を図に示す。,,
図の矢印で示してある年齢階級はどれか。",20～24歳,25～29歳,30～34歳,35～39歳,,C,,true,,false,notebooklm,2026-04-05T01:24:41.683Z
2018_nrs_18_am065,nursing,2018,65,2.母性看護の基盤となる概念,C.女性や母子へのケアに関する概念,女性を中心としたケア＜Women-centered care＞,3,女性を中心としたケア＜Women centered care＞の概念で適切なのはどれか。,父権主義を否定している。,周産期にある女性を対象とする。,全人的な女性という視点を重視する。,女性特有の疾患に関する看護を行う。,,C,,false,,false,notebooklm,2026-04-05T01:24:41.683Z
2018_nrs_18_am066,nursing,2018,66,6.さまざまな健康状態や受療状況に応じた高齢者の看護,B.急性期の高齢者への看護,急性期における高齢者の看護,3,入院患者のせん妄に対する予防的介入で適切なのはどれか。,可能な限り離床を促す。,昼間は部屋を薄暗くする。,家族や知人の面会は必要最低限にする。,夕方に短時間の睡眠をとることを勧める。,,A,,false,,false,notebooklm,2026-04-05T01:24:41.683Z
2018_nrs_18_am067,nursing,2018,67,2.主な精神疾患・障害の特徴と看護,K.小児期・青年期に発症する行動・情緒の障害,臨床検査および心理検査と看護薬物療法と看護,3,注意欠如・多動性障害＜ADHD＞の症状はどれか。,音声チックが出現する。,計算を習得することが困難である。,課題や活動に必要なものをしばしば失くしてしまう。,読んでいるものの意味を理解することが困難である。,,C,,false,,false,notebooklm,2026-04-05T01:24:41.683Z
2018_nrs_18_am068,nursing,2018,68,6.精神保健医療福祉の変遷と法や施策,A.患者の権利擁護＜アドボカシー＞,精神医療審査会,3,精神医療審査会で審査を行うのはどれか。,精神保健指定医の認定,入院患者からの退院請求,退院後生活環境相談員の選任,心神喪失等の状態で重大な他害行為を行った者の医療及び観察等に関する法律による処遇の要否,,B,,false,,false,notebooklm,2026-04-05T01:24:41.683Z
2018_nrs_18_am069,nursing,2018,69,6.精神保健医療福祉の変遷と法や施策,B.精神保健医療福祉の変遷と看護,日本における精神医療の変遷,3,精神保健及び精神障害者福祉に関する法律で、平成25年（2013年）に改正された内容はどれか。,保護者制度の廃止,自立支援医療の新設,精神保健指定医制度の導入,精神分裂病から統合失調症への呼称変更,,A,,false,,false,notebooklm,2026-04-05T01:24:41.683Z
2018_nrs_18_am070,nursing,2018,70,1.地域・在宅看護の対象,B.在宅療養者のいる家族の理解と健康課題,キーパーソン,3,平成28年（2016年）の国民生活基礎調査において、要介護者等のいる世帯に同居している主な介護者全数の特徴で正しいのはどれか。,性別は女性が多い。,続柄は子が最も多い。,年齢は70～79歳が最も多い。,介護時間は「ほとんど終日」が最も多い。,,A,,false,,false,notebooklm,2026-04-05T01:24:41.683Z
2018_nrs_18_am071,nursing,2018,71,3.地域・在宅看護における安全と健康危機管理,A.在宅療養者の日常生活における安全管理,転倒・転落の防止,3,"Aさん（74歳、女性）は、1人暮らし。要介護1、認知症高齢者の日常生活自立度判定基準Ⅱa。頻尿のため、自室からトイレへの移動中に廊下で失禁することが頻繁にある。1日3食の高齢者向け配食サービスを利用している。,,
現時点でのAさんの日常生活で最も起こりやすいのはどれか。",窒　息,転　倒,熱　傷,徘　徊,,B,,false,,false,notebooklm,2026-04-05T01:24:41.683Z
2018_nrs_18_am072,nursing,2018,72,9.多様な場で生活する高齢者を支える看護,C.地域でサービスを利用しながら暮らす高齢者の暮らしと看護,福祉用具・介護用品の活用,3,"Aさん（77歳、男性）は、脳梗塞による左片麻痺があり、右膝の痛みにより立位が困難である。端坐位で殿部をわずかに持ち上げることはできる。妻（77歳）は小柄で、体格差のある夫の移乗の介助に負担を感じている。,,
Aさんのベッドから車椅子への移乗の際、妻の介護負担を軽減する福祉用具で適切なのはどれか。",歩行器,ベッド柵,電動介助リフト,トランスファーボード,,D,,false,,false,notebooklm,2026-04-05T01:24:41.683Z
2018_nrs_18_am073,nursing,2018,73,6.症状・疾患・治療に応じた地域・在宅看護,C.主な治療等に応じた在宅看護,人工的水分・栄養補給法＜AHN＞褥癒予防・管理,3,"Aさん（82歳、男性）は、妻（75歳）と2人暮らし。障害高齢者の日常生活自立度判定基準B-1。日中は車椅子に座っていることが多い。Aさんの仙骨部に発赤があるのを発見したため、訪問看護師は妻にAさんへの介護方法を指導することにした。,,
妻に指導する内容で正しいのはどれか。",「仙骨部をマッサージしましょう」,「夜間は2時間毎に体位変換をしましょう」,「時々お尻を浮かすよう声をかけましょう」,「車椅子に座らせるときは円座を使いましょう」,,C,,false,,false,notebooklm,2026-04-05T01:24:41.683Z
2018_nrs_18_am074,nursing,2018,74,9.地域包括ケアシステムにおける在宅看護,A.地域包括ケアシステムの概要,目的と考え方構成要素,3,地域包括ケアシステムにおける支援のあり方で、「互助」を示すのはどれか。,高齢者が生活保護を受けること,住民が定期的に体重測定すること,要介護者が介護保険サービスを利用すること,住民ボランティアが要支援者の家のごみを出すこと,,D,,false,,false,notebooklm,2026-04-05T01:24:41.683Z
2018_nrs_18_am075,nursing,2018,75,11.人々の健康を支える職種やサービス提供体制に関する法や施策,C.サービスの提供体制,医療法,3,医療提供の理念、病院・診療所等の医療を提供する場所、その管理のあり方を定めたのはどれか。,医療法,医師法,健康保険法,保健師助産師看護師法,,A,,false,,false,notebooklm,2026-04-05T01:24:41.683Z
2018_nrs_18_am076,nursing,2018,76,1.看護におけるマネジメント,E.医療安全を維持する仕組みと対策,医療事故・インシデントレポートの分析と活用,3,"看護師Aが患者Bの点滴ボトルに薬剤を注入しているとき、新人看護師から患者Cについて相談を受けた。看護師Aが作業を中断し新人看護師に対応した後、患者Bの点滴ボトルに患者Cの名前を記入するというヒヤリハットが発生した。,,
この病棟の看護師長が行う再発防止策で適切なのはどれか。",看護師Aに対策を考えさせる。,看護師Aを注射の業務から外す。,作業中断の対策を病棟チームで検討する。,再発防止カンファレンスを1か月後に計画する。,,C,,false,,false,notebooklm,2026-04-05T01:24:41.683Z
2018_nrs_18_am077,nursing,2018,77,3.国際化と看護,B.グローバルな社会における看護,看護の対象となる人々（在留外国人、在外日本人、帰国日本人、国際協力活動を必要とする人々）の健康課題,3,日本における政府開発援助＜ODA＞の実施機関として正しいのはどれか。,国際協力機構＜JICA＞,世界保健機関＜WHO＞,国連児童基金＜UNICEF＞,国連世界食糧計画＜WFP＞,,A,,false,,false,notebooklm,2026-04-05T01:24:41.683Z
2018_nrs_18_am078,nursing,2018,78,2.災害と看護,B.災害各期の特徴と看護,災害各期における要支援者を含むすべての被災者への看護,3,災害に関する記述で正しいのはどれか。,災害時の要配慮者には高齢者が含まれる。,人為的災害の被災範囲は局地災害にとどまる。,複合災害は同じ地域で複数回災害が発生することである。,発災直後に被災者診療を行う場では医療の供給が需要を上回る。,,A,,false,,false,notebooklm,2026-04-05T01:24:41.683Z
2018_nrs_18_am079,nursing,2018,79,8.体液,A.体液の構成,体液の組成,3,"血漿の電解質組成を陽イオンと陰イオンに分けたグラフを示す。,,
矢印で示すのはどれか。",ナトリウムイオン,カリウムイオン,リン酸イオン,塩化物イオン,重炭酸イオン,E,,false,,false,notebooklm,2026-04-05T01:24:41.683Z
2018_nrs_18_am080,nursing,2018,80,15.内分泌系,C.内分泌器官の構造とホルモンの機能,副甲状腺<上皮小体>,3,血液中のカルシウムイオン濃度が低下した際に、ホルモン分泌量が増加するのはどれか。,膵　島,甲状腺,下垂体,副腎皮質,副甲状腺,E,,false,,false,notebooklm,2026-04-05T01:24:41.683Z
2018_nrs_18_am081,nursing,2018,81,5.社会福祉の基本,F.児童に関する制度,児童福祉法,3,ネグレクトを受けている児の一時保護を決定するのはどれか。,家庭裁判所長,児童相談所長,保健所長,警察署長,市町村長,B,,false,,false,notebooklm,2026-04-05T01:24:41.683Z
2018_nrs_18_am082,nursing,2018,82,7.早期新生児期の看護,B.早期新生児期のアセスメント,皮膚、皮膚色,3,"新生児の殿部の写真を別に示す。,,
考えられるのはどれか。",ポートワイン母斑,サーモンパッチ,ウンナ母斑,太田母斑,蒙古斑,E,,false,,false,notebooklm,2026-04-05T01:24:41.683Z
2018_nrs_18_am083,nursing,2018,83,11.消化器系,B.消化と吸収,排便反射,3,排便反射の反射弓を構成するのはどれか。2つ選べ。,下腸間膜神経節,腹腔神経節,骨盤神経,腰　髄,仙　髄,C,E,,false,,true,notebooklm,2026-04-05T01:24:41.683Z
2018_nrs_18_am084,nursing,2018,84,3.神経系,C.末梢神経系の構造と機能,自律神経,3,アセチルコリンで収縮するのはどれか。2つ選べ。,心　筋,排尿筋,腓腹筋,立毛筋,瞳孔散大筋,B,C,,false,,true,notebooklm,2026-04-05T01:24:41.683Z
2018_nrs_18_am085,nursing,2018,85,5.感覚器系,G.内臓感覚,内蔵感覚の受容器と機能,3,内臓の痛みを引き起こすのはどれか。2つ選べ。,虚　血,氷水の摂取,48℃の白湯の摂取,平滑筋の過度の収縮,内視鏡によるポリープの切除,A,D,,false,,true,notebooklm,2026-04-05T01:24:41.683Z
2018_nrs_18_am086,nursing,2018,86,5.診療に伴う看護技術,F. 生体機能のモニタリング,生体検査（エックス線撮影、超音波、CT、MRI、心電図、内視鏡、核医学）,3,心電図検査における肢誘導はどれか。2つ選べ。,Ⅰ,V<sub>1</sub>,V<sub>2</sub>,V<sub>3R</sub>,<sub>a</sub>V<sub>R</sub>,A,E,,false,,true,notebooklm,2026-04-05T01:24:41.683Z
2018_nrs_18_am087,nursing,2018,87,4.社会保険制度の基本,B.医療保険制度,被用者保険、国民健康保険公費医療制度,3,日本の公的医療保険制度に含まれるのはどれか。2つ選べ。,年金保険,雇用保険,船員保険,組合管掌健康保険,労働者災害補償保険,C,D,,false,,true,notebooklm,2026-04-05T01:24:41.683Z
2018_nrs_18_am088,nursing,2018,88,15.内分泌機能障害のある患者の看護,D.病期や機能障害に応じた看護,2型糖尿病,3,糖尿病末梢神経障害による感覚障害のある患者へのフットケア指導で適切なのはどれか。2つ選べ。,両足部を観察する。,熱めの湯をかけて洗う。,靴ずれしない靴を選ぶ。,なるべく素足で過ごす。,爪は足趾の先端よりも短く切る。,A,C,,false,,true,notebooklm,2026-04-05T01:24:41.683Z
2018_nrs_18_am089,nursing,2018,89,7.早期新生児期の看護,B.早期新生児期のアセスメント,神経学的状態,3,出生直後の正常新生児に当てはまる特徴はどれか。2つ選べ。,生理的に多血である。,腸内細菌叢が定着している。,噴門部の括約筋は発達している。,Babinski＜バビンスキー＞反射がみられる。,胎盤を通じて母体からIgMが移行している。,A,D,,false,,true,notebooklm,2026-04-05T01:24:41.683Z
2018_nrs_18_am090,nursing,2018,90,11. 徴候と疾患,B.主要な疾患による健康障害,生活習慣病,3,"身長170cm、体重70kgの成人の体格指数＜BMI＞を求めよ。,,
ただし、小数点以下の数値が得られた場合には、小数点以下第1位を四捨五入すること。,,
,,
システムの都合上選択肢を表示できません。各自で0～9の数字を組合せて回答してください。,,
,,
解答：①②",x,x,x,x,x,,,false,,false,notebooklm,2026-04-05T01:24:41.683Z
2018_nrs_18_am091,nursing,2018,91,4.救急看護、クリティカルケア,B.救急看護・クリティカルケアの基本,ショックへの対応,3,Aさんの状態をアセスメントするために、救急外来受診時に優先して観察すべき項目はどれか。,尿の性状,腸蠕動音,脈拍数,体　温,,C,,false,,false,notebooklm,2026-04-05T01:24:41.683Z
2018_nrs_18_am092,nursing,2018,92,19.運動機能障害のある患者の看護,B.検査・処置を受ける患者への看護,関節可動域＜ROM＞検査徒手筋力テスト＜MMT＞脊髄造影、椎間板造影神経ブロック,3,"入院後3日、腹部CTの再検査で脾臓損傷は否定された。また、左膝のMRI検査では、左半月板損傷と確定診断され、自宅療養することとなった。退院準備中のAさんから「ベッドから立ち上がろうとしたら、左膝が曲がったままで伸びない。痛みはそれほどでもないです」と訴えがあった。,,
この時、医師への連絡と同時に看護師が実施することで適切なのはどれか。",作業療法士へ相談する。,下肢の関節可動域を確認する。,処方された鎮痛薬を服用させる。,下肢の徒手筋力テストを実施する。,,B,,false,,false,notebooklm,2026-04-05T01:24:41.683Z
2018_nrs_18_am093,nursing,2018,93,19.運動機能障害のある患者の看護,C.治療を受ける患者への看護,ギプス固定牽引法,3,"医師による診察の結果、退院は中止になり、入院後5日に膝関節鏡を用いた手術を受けた。手術後1週の診察で退院が決まり、医師から「取り外し可能なギプスを装着し、次の受診まで松葉杖を使い左足には負荷をかけないで生活をしてください」と説明された。,,
看護師がAさんに行う退院指導で、正しいのはどれか。",「負荷をかけない」とは痛くない程度に体重をかけることである。,患側膝関節の屈曲伸展を繰り返す運動をしてよい。,患側下肢の等尺性運動を実施する。,松葉杖は腋窩に密着させる。,,C,,false,,false,notebooklm,2026-04-05T01:24:41.683Z
2018_nrs_18_am094,nursing,2018,94,21.性・生殖・乳腺機能障害のある患者の看護,B.検査・処置を受ける患者への看護,マンモグラフィー,3,確定診断のため、Aさんに行われた検査はどれか。,MRI,針生検,PET-CT,マンモグラフィ,,B,,false,,false,notebooklm,2026-04-05T01:24:41.683Z
2018_nrs_18_am095,nursing,2018,95,8.がん患者と家族への看護,B.がん患者の集学的治療と看護,薬物療法と看護,3,"Aさんは、乳房温存療法を希望したが、腫瘤が大きいため手術前に化学療法を受けることになった。術前化学療法としてEC療法（エピルビシン、シクロホスファミド）を3週ごとに、4サイクル受ける予定である。,,
Aさんに起こりやすい障害はどれか。",嗅覚障害,リンパ浮腫,卵巣機能不全,末梢神経障害,,C,,false,,false,notebooklm,2026-04-05T01:24:41.683Z
2018_nrs_18_am096,nursing,2018,96,8.がん患者と家族への看護,B.がん患者の集学的治療と看護,薬物療法と看護,3,"Aさんは、職場の上司と相談し、仕事を継続しながら化学療法を受けることになった。2サイクル目の治療のため、化学療法センターに来院した。Aさんは「1回目の治療のあと、数日間身体がだるくて食欲もなく、体重が1キロ減りました。仕事も休みました」と看護師に話した。,,
身体所見：体温36.8℃、呼吸数16/分、脈拍70/分、血圧120/74mmHg、経皮的動脈血酸素飽和度＜SpO2＞98％。,,
検査所見：赤血球400万/μL、Hb12.5g/dL、Ht37％、白血球2,300/μL（好中球55％、単球5％、好酸球4％、好塩基球1％、リンパ球35％）、血小板18万/μL、総蛋白7.0g/dL、アルブミン4.5g/dL、尿素窒素13mg/dL、クレアチニン0.6mg/dL、CRP0.3mg/dL。,,
2サイクル目の化学療法を受けたAさんに行ってもらうセルフモニタリングで最も重要なのはどれか。",脈拍数,体　温,血　圧,体　重,,B,,false,,false,notebooklm,2026-04-05T01:24:41.683Z
2018_nrs_18_am097,nursing,2018,97,15.内分泌機能障害のある患者の看護,C.治療を受ける患者への看護,インスリン補充療法,3,Aさんに自己注射を導入できるかを判断するための情報で最も重要なのはどれか。,細かい文字が読める。,運動療法を行っている。,近所に支援をしてくれる人がいる。,食品交換表の使い方を理解できている。,,A,,false,,false,notebooklm,2026-04-05T01:24:41.683Z
2018_nrs_18_am098,nursing,2018,98,6.慢性疾患がある患者と家族の看護,C.セルフケア・自己管理を促進する看護,エンパワメント,3,"Aさんは、医師から自己注射について説明された。Aさんは医師に質問はないと答えたが、考え込んでいたため、看護師はAさんに心配なことがあるか質問した。Aさんは「10年間、食事療法をがんばってきたのに、注射になるのですね。今後どうしたら良いかわからなくなりました」と話した。,,
この時の看護師の言葉かけで適切なのはどれか。",「もう少しがんばれると良かったですね」,「治療食の配食サービスを利用しましょう」,「私たちの指導通りに行えばうまくいきます」,「これまでの食事で工夫したことを一緒に振り返りましょう」,,D,,false,,false,notebooklm,2026-04-05T01:24:41.683Z
2018_nrs_18_am099,nursing,2018,99,6.さまざまな健康状態や受療状況に応じた高齢者の看護,H.薬物治療を受ける高齢者の看護,身体機能・認知機能に応じた服薬管理支援,3,"朝食前の自己注射によって、Aさんの血糖値は安定していた。6年後、Aさんはサービス付き高齢者向け住宅に転居した。転居後の外来受診時、Aさんは外来看護師に「施設の食堂で食事をしている。食堂に行く前は化粧で忙しいが、毎日楽しい。間食はしていない」と話す。転居後2か月のHbA1c値が上昇していたため、外来看護師がAさんに質問すると「引っ越してから、注射を忘れることがあった」と話した。Aさんの自己注射の手技に問題はなく、Mini-Mental State Examination＜MMSE＞は29点だった。Aさんの娘に確認すると、Aさんの自室の冷蔵庫に、未使用のインスリンが余っていることが分かった。,,
外来の看護師からAさんと娘への助言で最も適切なのはどれか。",訪問看護師に注射を依頼する。,注射をしたらカレンダーに印をつける。,化粧で使う鏡に「朝食前に注射」のメモを貼る。,サービス付き高齢者向け住宅の職員にインスリンの残量を数えてもらう。,,C,,false,,false,notebooklm,2026-04-05T01:24:41.683Z
2018_nrs_18_am100,nursing,2018,100,5.高齢者の生活を支える看護,B.高齢者の安全な活動への援助,高齢者に多い事故（窒息、誤嗅、溺水、転倒・転落）,3,"Aさんは全身の衰弱がみられるものの、Aさんの希望で病室のトイレには歩いて行くことになった。看護師は、Aさんは転倒するリスクが高いと判断した。,,
Aさんの転倒要因はどれか。2つ選べ。",貧　血,腹水貯留,肝機能低下,低酸素血症,低カリウム血症,A,B,,false,,true,notebooklm,2026-04-05T01:24:41.683Z
2018_nrs_18_am101,nursing,2018,101,9.終末期にある患者および緩和ケアを必要とする患者と家族への看護,B.エンド・オブ・ライフ・ケア＜end-of-life care＞,家族への支援,3,"Aさんは昼間も寝ていることが多くなった。Aさんは「食事はいらないけど冷たいものはほしい」と言い、看護師が準備した氷を少量食べることがある。維持輸血を行っている。医師から家族にAさんの臨終が近いとの説明があった。家族は看護師に「食事をとらないと体力がなくなってしまう。苦痛なく最期を迎えさせてあげたいけれど、少しでも長く生きていてほしい」と言っている。,,
家族に対する看護師の説明で最も適切なのはどれか。",「食事を介助してください」,「点滴をしているので大丈夫です」,「食事に栄養補助食品を取り入れます」,「Aさんが食べたい物を持ってきてください」,,D,,false,,false,notebooklm,2026-04-05T01:24:41.683Z
2018_nrs_18_am102,nursing,2018,102,9.終末期にある患者および緩和ケアを必要とする患者と家族への看護,C.臨死期の看護,家族の悲嘆へのケア、代理意思決定支援,3,"1週後、Aさんは反応がなくなり、尿量の減少、血圧の低下、下顎呼吸、チアノーゼがみられるようになり、家族が病室に集まった。「最期に何かしてあげたいけれど、何ができるのかわかりません」と看護師に話した。,,
家族に対する看護師の対応で最も優先順位が高いのはどれか。",Aさんに話しかけるように勧める。,Aさんの全身清拭を行うように勧める。,Aさんの背部にクッションを入れるように勧める。,Aさんの好んでいた服に着がえさせるように勧める。,,A,,false,,false,notebooklm,2026-04-05T01:24:41.683Z
2018_nrs_18_am103,nursing,2018,103,4.病気や診療・入院が子どもと家族に与える影響と看護,B.プレパレーション,検査・処置を受ける子どもと家族への支援,3,Aちゃんに対する看護師の対応で最も適切なのはどれか。,四肢の抑制を行う。,気をそらすよう工夫する。,点滴静脈内注射のラインを短くする。,点滴静脈内注射の必要性を説明する。,,B,,false,,false,notebooklm,2026-04-05T01:24:41.683Z
2018_nrs_18_am104,nursing,2018,104,11.免疫機能,B.アレルギー性疾患の病態と診断・治療,アナフィラキシーショック,3,"Aちゃんの血液検査の結果は、白血球15,000/μL、血小板45万/μL、CRP4.8mg/dLであり、心臓超音波検査に異常はなかった。γ-グロブリン製剤の点滴静脈内注射が開始された。10分後にAちゃんは腹部をかきはじめ、全身にかゆみを伴う膨隆疹と喘鳴、口唇のチアノーゼが出現した。,,
Aちゃんの状態として最も考えられるのはどれか。",イレウス,心筋梗塞,アレルギー反応,グループ症候群,,C,,false,,false,notebooklm,2026-04-05T01:24:41.683Z
2018_nrs_18_am105,nursing,2018,105,8.慢性的な疾患・障害がある子どもと家族への看護,A.先天性疾患や慢性的な経過をとる疾患をもつ子どもと家族への看護,多職種連携、地域連携,3,"Aちゃんの心臓超音波検査結果では、冠状動脈瘤の所見はなかった。Aちゃんは、全身状態が安定したため退院することになった。,,
看護師からAちゃんの家族への退院指導で適切なのはどれか。",運動の制限がある。,定期受診が必要である。,水分摂取量の制限がある。,保育所への通所は2週間禁止する。,,B,,false,,false,notebooklm,2026-04-05T01:24:41.683Z
2018_nrs_18_am106,nursing,2018,106,4.妊娠期の看護,A.正常な妊娠経過と妊娠期の異常,妊娠貧血,3,Aさんの妊婦健康診査時のアセスメントで適切なのはどれか。,妊娠性貧血,膣カンジダ症,胎児発育不全＜FGR＞,妊娠高血圧症候群＜HDP＞,,A,,false,,false,notebooklm,2026-04-05T01:24:41.683Z
2018_nrs_18_am107,nursing,2018,107,1.母性看護の対象を取り巻く環境や社会の変遷,C.働く妊産婦への支援に関する法や施策,労働基準法,3,"妊婦健康診査後、Aさんは看護師に「毎朝30分、電車内で立ち続けているので職場までの通勤がとても疲れます」と話した。看護師はAさんに、就労する妊娠中の女性に関する制度について説明した。,,
Aさんがこの時点で取得できるのはどれか。",産前休業,時差出勤,就業の制限,所定労働時間の短縮,,B,,false,,false,notebooklm,2026-04-05T01:24:41.683Z
2018_nrs_18_am108,nursing,2018,108,4.妊娠期の看護,B.妊婦の健康生活とアセスメント,妊娠による不快症状（マイナートラブル）,3,"Aさんは夫に付き添われ、妊娠35週4日に妊婦健康診査を受けた。体重62kg、血圧126/76mmHg。尿蛋白（－）、尿糖（－）。浮腫（±）。子宮底長30cm、腹囲88cm。Aさんは看護師に「膝の裏の血管が膨らんで、青く浮き出てきました。夕方になると足がだるくなり、夕食の準備のため立っているとつらくなります」と言う。,,
Aさんへの指導で適切なのはどれか。2つ選べ。",「水分を控えましょう」,「体重を減らしましょう」,「ガードルを着用しましょう」,「弾性ストッキングを着用しましょう」,「寝るときは足を高くして横になりましょう」,D,E,,false,,true,notebooklm,2026-04-05T01:24:41.683Z
2018_nrs_18_am109,nursing,2018,109,7.早期新生児期の看護,B.早期新生児期のアセスメント,生理的体重減少,3,"産褥2日。乳房の緊満はなく、熱感がある。初乳から移行乳へと変化している。Aさんの児の抱き方はぎこちなく、乳頭をくわえさせるのに時間がかかっている。産褥1日から2日にかけた24時間で、14回の直接授乳をしている。児の体重は3,060gで、体重減少率は4.4％、排尿は3回/日、排便は2回/日である。Aさんは「あまり母乳が出ていないようですが、人工乳を足した方がよいですか」と看護師に相談した。,,
この時、看護師がアセスメントする項目で最も重要なのはどれか。",直接授乳の回数,母乳の分泌状態,児の体重減少率,児の排泄状況,,C,,false,,false,notebooklm,2026-04-05T01:24:41.683Z
2018_nrs_18_am110（不備問題複数回答）,nursing,2018,0,母性看護学,,,3,"産褥3日。Aさんの子宮底は臍下3横指、硬度は硬い。悪露は血性少量であった。乳房は左右とも全体的に硬く触れ、熱感と発赤があり痛みを訴えている。乳汁分泌状態は、乳管口は開口数左右5本ずつ、移行乳の分泌を認める。Aさんのバイタルサインは体温37.9℃、脈拍72/分、血圧108/60mmHgであった。,,
Aさんの状態として最も考えられるのはどれか。",産褥熱,子宮復古不全,乳腺炎,乳房緊満,,C,D,,false,,false,notebooklm,2026-04-05T01:24:41.683Z
2018_nrs_18_am111,nursing,2018,111,6.産褥期の看護,C.褥婦と家族への看護,母乳育児への支援,3,"産褥4日。Aさんは乳頭を児にうまくくわえさせられず「上手におっぱいがあげられない。退院してからも続けていけるか心配です」と言う。Aさんの乳房からは移行乳の分泌がみられる。児の体重は3,040g、排尿は5回/日、排便は4回/日である。,,
Aさんへの授乳時のアドバイスとして、適切なのはどれか。2つ選べ。",3時間ごとに授乳させる。,児が前屈姿勢になるように支える。,児が啼泣している時に授乳させる。,児の舌の上に乳頭がのるようにくわえさせる。,児が大きく口を開けたタイミングで乳頭をくわえさせる。,D,E,,false,,true,notebooklm,2026-04-05T01:24:41.683Z
2018_nrs_18_am112,nursing,2018,112,2.主な精神疾患・障害の特徴と看護,D.気分＜感情＞障害,臨床検査および心理検査と看護薬物療法と看護,3,受診後のAさんの状況に対する看護師のアセスメントで適切なのはどれか。,ストレスの増大,うつ症状の悪化,睡眠薬の持ち越し効果,SSRIの副作用＜有害事象＞,,D,,false,,false,notebooklm,2026-04-05T01:24:41.683Z
2018_nrs_18_am113,nursing,2018,113,4.精神疾患・障害がある者とその家族への看護,B.心理・社会的療法,認知行動療法,3,"受診から1か月後、Aさんは11階の職場に向かう途中、エレベーターの中でパニック発作を再び起こした。その時は、息が止まってしまうように感じた。それ以来、エレベーターを見ると、また同じようになってしまうかもしれないと思うようになり、怖くて乗れなくなり、仕事にも支障が出るようになった。,,
Aさんへの看護師の対応で最も適切なのはどれか。",「エレベーターの中で息が止まる」という認知による感情・行動を修正する。,同じ症状を持つ人々との話し合いを通じて症状の軽減を図る。,抗うつ薬の効果についての正しい知識を教育する。,ロールプレイを通じて社会生活技能を訓練する。,,A,,false,,false,notebooklm,2026-04-05T01:24:41.683Z
2018_nrs_18_am114,nursing,2018,114,4.日常生活援助技術,E.休息と睡眠,休息と睡眠を促す援助,3,"Aさんのパニック発作は消失し、不眠も改善したため、睡眠薬の処方は終了となった。Aさんは「もともと手足が冷えて寝つきが悪かったから、睡眠薬がなくなることが少し心配です。自分で工夫できることはあるでしょうか」と看護師に尋ねてきた。看護師が以前の睡眠状況を尋ねると、睡眠時間は23時から6時までの7時間であったこと、手足が冷えて眠れない時は熱いシャワーを浴びてから布団に入っていたことを話した。,,
Aさんの睡眠へのセルフケアに対する看護師の指導で適切なのはどれか。",「休日は昼まで寝るようにしましょう」,「布団に入る時間を21時に早めましょう」,「ぬるい温度のお風呂にゆっくり入るようにしましょう」,「眠れるまで布団の中でじっとしているようにしましょう」,,C,,false,,false,notebooklm,2026-04-05T01:24:41.683Z
2018_nrs_18_am115,nursing,2018,115,4.地域・在宅看護実践をめぐる制度の概要,B.地域・在宅看護におけるサービス体系の理解,通所系サービス,3,病棟看護師がAさんに行う在宅酸素療法に関する指導で適切なのはどれか。2つ選べ。,電磁調理器の使用を勧める。,外出時にデマンドバルブの作動を確認する。,在宅酸素療法の機材が介護保険で給付される。,酸素濃縮器は日当たりのよいところに設置する。,呼吸困難時にAさんの判断で酸素流量を変更してよい。,A,B,,false,,true,notebooklm,2026-04-05T01:24:41.683Z
2018_nrs_18_am116,nursing,2018,116,6.症状・疾患・治療に応じた地域・在宅看護,C.主な治療等に応じた在宅看護,人工呼吸療法,3,"退院後の生活での問題点の確認のため、カンファレンスを開催することになった。Aさんは、自宅での療養を強く希望しており、2L/分の酸素投与下で呼吸状態や日常生活動作＜ADL＞については入院前と同程度まで回復してきているが、まだ退院後の買い物や洗濯などは負荷が強く、支援が必要と判断された。また、Aさんは、呼吸困難の再発について不安を訴えている。,,
カンファレンスの検討内容で優先度が高いのはどれか。",電動ベッドの導入,娘の居宅への転居,急性増悪時の対応方法,介護予防短期入所生活介護の利用,,C,,false,,false,notebooklm,2026-04-05T01:24:41.683Z
2018_nrs_18_am117,nursing,2018,117,3.地域・在宅看護における安全と健康危機管理,B.災害による暮らしへの影響,在宅療養者・家族が行う災害時の備え,3,"Aさんの退院後、訪問介護員は日常生活の支援のために週1回、訪問看護師は健康状態の確認と在宅酸素療法等について必要な指導を行うため月2回訪問することとなった。退院後2週。訪問看護師が訪問すると、Aさんは時々、食後に軽い呼吸困難が生じると訴えた。,,
この時の訪問看護師の指導で適切なのはどれか。",1回の食事量を減らし、食事回数を増やす。,買い物を兼ねた外出の頻度を減らす。,食事の準備は訪問介護員に任せる。,食後すぐに排泄をする。,,A,,false,,false,notebooklm,2026-04-05T01:24:41.683Z
2018_nrs_18_am118,nursing,2018,118,4.救急看護、クリティカルケア,B.救急看護・クリティカルケアの基本,ショックへの対応,3,入院時のアセスメントで適切なのはどれか。,頻脈がある。,低血糖である。,フレイルである。,高度な認知機能の低下がある。,,C,,false,,false,notebooklm,2026-04-05T01:24:41.683Z
2018_nrs_18_am119,nursing,2018,119,5.療養の場に応じた地域・在宅看護,B.療養の場の移行に伴う看護,入退院支援,3,"入院後、Aさんに活性型ビタミンD製剤と鎮痛薬、胃薬が追加で処方された。追加された薬の説明は薬剤師から受けていたが、Aさんは病棟看護師に「薬は飲みたくない」と訴えた。,,
Aさんの訴えに対して病棟看護師が行う対応で最も適切なのはどれか。",医師に相談する。,薬を一包化する。,服薬の必要性を説明する。,服薬に対する思いを聞く。,薬剤師に説明してもらう。,D,,false,,false,notebooklm,2026-04-05T01:24:41.683Z
2018_nrs_18_am120,nursing,2018,120,9.終末期にある患者および緩和ケアを必要とする患者と家族への看護,B.エンド・オブ・ライフ・ケア＜end-of-life care＞,アドバンス・ケア・プランニング＜ACP＞,3,"Aさんは、入院中に要介護1と認定された。退院後は週2回の家事援助サービスを利用した。退院3か月後、Aさんは長女と病院の整形外科外来を受診した。長女は診察を待つ間、外来看護師に「母は最近、ご飯を食べたのに食べていない、と近所の人に言うので困っている。薬の飲み忘れも目立ってきた。どうしたらよいか」と話した。,,
外来看護師が長女に説明する内容で適切なのはどれか。",「介護度の見直しについて、介護支援専門員に相談しましょう」,「食べ物を目につく場所に置きましょう」,「近所に出かけないよう説明しましょう」,「入院した高齢者によくある症状です」,,A,,false,,false,notebooklm,2026-04-05T01:24:41.683Z
2018_nrs_18_pm001,nursing,2018,1,1. 健康の定義と理解,B.健康に関する指標,年齢別人口,3,日本における平成28年（2016年）の総人口に占める老年人口の割合で最も近いのはどれか。,17％,27％,37％,47％,,B,,false,,false,notebooklm,2026-04-05T01:24:41.683Z
2018_nrs_18_pm002,nursing,2018,2,1. 健康の定義と理解,C.受療状況,有病率、罹患率、受療率,3,平成28年（2016年）の国民生活基礎調査における通院者率が男女ともに最も高いのはどれか。,糖尿病,腰痛症,高血圧症,眼の病気,,C,,false,,false,notebooklm,2026-04-05T01:24:41.683Z
2018_nrs_18_pm003,nursing,2018,3,2. 健康に影響する要因,C.社会環境,労働環境,3,労働安全衛生法に規定されているのはどれか。,失業手当の給付,労働者に対する健康診断の実施,労働者に対する労働条件の明示,雇用の分野における男女の均等な機会と待遇の確保,,B,,false,,false,notebooklm,2026-04-05T01:24:41.683Z
2018_nrs_18_pm004,nursing,2018,4,4.看護における倫理,C.看護師等の役割,権利擁護<アドボカシー>,3,看護師が行う患者のアドボカシーで最も適切なのはどれか。,多職種と情報を共有する。,患者の意見を代弁する。,患者に害を与えない。,医師に指示を聞く。,,B,,false,,false,notebooklm,2026-04-05T01:24:41.683Z
2018_nrs_18_pm005,nursing,2018,5,5.看護に関わる基本的法律,A.保健師助産師看護師法,保健師・助産師・看護師の業務,3,看護師の免許の取消しを規定するのはどれか。,刑　法,医療法,保健師助産師看護師法,看護師等の人材確保の促進に関する法律,,C,,false,,false,notebooklm,2026-04-05T01:24:41.683Z
2018_nrs_18_pm006,nursing,2018,6,6. 人間の特性,A.人間と欲求,基本的欲求,3,"マズロー, A. H. の基本的欲求の階層で、食事・排泄・睡眠の欲求はどれか。",安全の欲求,自己実現の欲求,承認の欲求,生理的欲求,,D,,false,,false,notebooklm,2026-04-05T01:24:41.683Z
2018_nrs_18_pm007,nursing,2018,7,7. 人間のライフサイクル各期の特徴と生活,B.新生児・乳児期,運動能力の発達,3,生後4か月の乳児の発達を評価するのはどれか。,寝返り,お座り,首のすわり,つかまり立ち,,C,,false,,false,notebooklm,2026-04-05T01:24:41.683Z
2018_nrs_18_pm008,nursing,2018,8,7. 人間のライフサイクル各期の特徴と生活,B.新生児・乳児期,親子関係,3,"エリクソン, E. H. の乳児期の心理・社会的発達段階で正しいのはどれか。",親　密,同一性,自主性,基本的信頼,,D,,false,,false,notebooklm,2026-04-05T01:24:41.683Z
2018_nrs_18_pm009,nursing,2018,9,10. 人体の構造と機能,A.人体の基本的な構造と正常な機能,血液、体液,3,成人の体重に占める体液の割合で最も高いのはどれか。,血　漿,間質液,細胞内液,リンパ液,,C,,false,,false,notebooklm,2026-04-05T01:24:41.683Z
2018_nrs_18_pm010,nursing,2018,10,9. 主な看護活動の場と看護の機能,A.看護活動の場と機能・役割,介護保険施設,3,要介護者に対し、看護・医学的管理の下で必要な医療や日常生活上の世話を行うのはどれか。,介護老人保健施設,短期入所生活介護,保健センター,有料老人ホーム,,A,,false,,false,notebooklm,2026-04-05T01:24:41.683Z
2018_nrs_18_pm011,nursing,2018,11,10. 人体の構造と機能,A.人体の基本的な構造と正常な機能,神経系,3,運動性言語中枢はどれか。,中心後回,大脳基底核,Broca＜ブローカ＞野,Wernicke＜ウェルニッケ＞野,,C,,false,,false,notebooklm,2026-04-05T01:24:41.683Z
2018_nrs_18_pm012,nursing,2018,12,11. 徴候と疾患,A.主要な症状と徴候,意識障害,3,ジャパン・コーマ・スケール＜JCS＞のⅢ（3桁）で表現される意識レベルはどれか。,意識清明の状態,刺激すると覚醒する状態,刺激しても覚醒しない状態,刺激しなくても覚醒している状態,,C,,false,,false,notebooklm,2026-04-05T01:24:41.683Z
2018_nrs_18_pm013,nursing,2018,13,11. 徴候と疾患,A.主要な症状と徴候,不整脈,3,最も緊急性の高い不整脈はどれか。,心房細動,心室細動,心房性期外収縮,Ⅰ度房室ブロック,,B,,false,,false,notebooklm,2026-04-05T01:24:41.683Z
2018_nrs_18_pm014,nursing,2018,14,11. 徴候と疾患,A.主要な症状と徴候,浮腫,3,浮腫の原因となるのはどれか。,膠質浸透圧の上昇,リンパ還流の不全,毛細血管内圧の低下,毛細血管透過性の低下,,B,,false,,false,notebooklm,2026-04-05T01:24:41.683Z
2018_nrs_18_pm015,nursing,2018,15,12. 薬物の作用とその管理,A.主な薬物の効果と副作用（有害事象）,狭心症治療薬,3,狭心症発作時に舌下投与するのはどれか。,ヘパリン,ジゴキシン,アドレナリン,ニトログリセリン,,D,,false,,false,notebooklm,2026-04-05T01:24:41.683Z
2018_nrs_18_pm016,nursing,2018,16,12. 薬物の作用とその管理,B.薬物の管理,禁忌,3,緑内障患者への投与が禁忌なのはどれか。,コデイン,アスピリン,アトロピン,フェニトイン,,C,,false,,false,notebooklm,2026-04-05T01:24:41.683Z
2018_nrs_18_pm017,nursing,2018,17,13. 看護における基本技術,B.看護過程,計画立案,3,看護師が行う看護過程で適切なのはどれか。,問題解決思考である。,医師の指示の下で計画を立てる。,看護師の価値に基づいてゴールを設定する。,アセスメント、計画立案、評価の3段階で構成される。,,A,,false,,false,notebooklm,2026-04-05T01:24:41.683Z
2018_nrs_18_pm018,nursing,2018,18,14. 日常生活援助技術,B.排泄,浣腸,3,成人のグリセリン浣腸で肛門に挿入するチューブの深さはどれか。,2cm,5cm,12cm,15cm,,B,,false,,false,notebooklm,2026-04-05T01:24:41.683Z
2018_nrs_18_pm019,nursing,2018,19,14. 日常生活援助技術,D.清潔,寝衣交換,3,右前腕に持続点滴をしている患者の寝衣交換で適切なのはどれか。,左袖から脱ぎ、右袖から着る。,左袖から脱ぎ、左袖から着る。,右袖から脱ぎ、左袖から着る。,右袖から脱ぎ、右袖から着る。,,A,,false,,false,notebooklm,2026-04-05T01:24:41.683Z
2018_nrs_18_pm020,nursing,2018,20,15. 患者の安全・安楽を守る看護技術,B.医療安全対策,転倒・転落の防止,3,転倒・転落の危険性が高い成人の入院患者に看護師が行う対応で正しいのはどれか。,夜間はおむつを使用する。,履物はスリッパを使用する。,離床センサーの使用は控える。,端坐位時に足底が床につくベッドの高さにする。,,D,,false,,false,notebooklm,2026-04-05T01:24:41.683Z
2018_nrs_18_pm021,nursing,2018,21,16. 診療に伴う看護技術,A.栄養法,経静脈栄養法,3,中心静脈から投与しなければならないのはどれか。,脂肪乳剤,生理食塩液,5％ブドウ糖液,高カロリー輸液,,D,,false,,false,notebooklm,2026-04-05T01:24:41.683Z
2018_nrs_18_pm022,nursing,2018,22,16. 診療に伴う看護技術,F.救命救急処置,トリアージ,3,赤色のトリアージタグが意味するのはどれか。,死亡群,保留群,最優先治療群,待機的治療群,,C,,false,,false,notebooklm,2026-04-05T01:24:41.683Z
2018_nrs_18_pm023,nursing,2018,23,5.診療に伴う看護技術,A.呼吸、循環、体温調整,体温調整のための方法,3,温罨法の作用で正しいのはどれか。,平滑筋が緊張する。,局所の血管が収縮する。,還流血流量が減少する。,痛覚神経の興奮を鎮静する。,,D,,false,,false,notebooklm,2026-04-05T01:24:41.683Z
2018_nrs_18_pm024,nursing,2018,24,10. 人体の構造と機能,A.人体の基本的な構造と正常な機能,体温調節,3,体温調節中枢があるのはどれか。,橋,延　髄,小　脳,大脳皮質,視床下部,E,,false,,false,notebooklm,2026-04-05T01:24:41.683Z
2018_nrs_18_pm025,nursing,2018,25,11. 徴候と疾患,C.基本的な臨床検査値の評価,血液生化学検査,3,腎機能を示す血液検査項目はどれか。,中性脂肪,ビリルビン,AST＜GOT＞,クレアチニン,LDLコレステロール,D,,false,,false,notebooklm,2026-04-05T01:24:41.683Z
2018_nrs_18_pm026,nursing,2018,26,5.感覚器系,F.嗅覚,嗅覚の伝導路,3,嗅覚の一次中枢はどれか。,嗅　球,嗅上皮,後頭葉,上鼻甲介,,A,,false,,false,notebooklm,2026-04-05T01:24:41.683Z
2018_nrs_18_pm027,nursing,2018,27,15.内分泌系,A.ホルモンの種類,ホルモンの受容体,3,標的細胞の細胞膜に受容体があるのはどれか。,男性ホルモン,甲状腺ホルモン,糖質コルチコイド,甲状腺刺激ホルモン,,D,,false,,false,notebooklm,2026-04-05T01:24:41.683Z
2018_nrs_18_pm028,nursing,2018,28,6.循環機能,A.心臓の疾患の病態と診断・治療,心タンポナーデ,3,開心術後の心タンポナーデで正しいのはどれか。,徐　脈,心音増強,心拍出量の増加,中心静脈圧の上昇,,D,,false,,false,notebooklm,2026-04-05T01:24:41.683Z
2018_nrs_18_pm029,nursing,2018,29,4.社会保険制度の基本,C.介護保険制度,保険者、被保険者,3,介護保険の第1号被保険者で正しいのはどれか。,介護保険料は全国同額である。,介護保険被保険者証が交付される。,40歳以上65歳未満の医療保険加入者である。,介護保険給付の利用者負担は一律3割である。,,B,,false,,false,notebooklm,2026-04-05T01:24:41.683Z
2018_nrs_18_pm030,nursing,2018,30,5.社会福祉の基本,E.障害者（児）に関する制度,発達障害者支援法,3,発達障害者支援法で発達障害と定義されているのはどれか。,学習障害,記憶障害,適応障害,摂食障害,,A,,false,,false,notebooklm,2026-04-05T01:24:41.683Z
2018_nrs_18_pm031,nursing,2018,31,9.保健活動の基盤と制度,C.精神保健,自殺対策基本法,3,自殺対策基本法で都道府県に義務付けられているのはどれか。,自殺総合対策推進センターの設置,自殺総合対策大綱の策定,ゲートキーパーの養成,自殺対策計画の策定,,D,,false,,false,notebooklm,2026-04-05T01:24:41.683Z
2018_nrs_18_pm032,nursing,2018,32,1.高齢者の理解の基本となる概念,A.老年期の発達と変化,老年期の発達課題,3,"ハヴィガースト, R. J. の発達課題に関する説明で適切なのはどれか。",成長に伴い発達課題は消失する。,各発達段階の発達課題は独立している。,身体面の変化と発達課題は無関係である。,発達課題の達成は個人の生活と関連する。,,D,,false,,false,notebooklm,2026-04-05T01:24:41.683Z
2018_nrs_18_pm033,nursing,2018,33,3.看護における基本技術,F.感染防止対策,標準予防策＜スタンダードプリコーション＞と感染経路別予防策,3,風疹の疑いがある入院患者の隔離予防策で適切なのはどれか。,標準予防策,標準予防策と接触感染予防策,標準予防策と飛沫感染予防策,標準予防策と空気感染予防策,,C,,false,,false,notebooklm,2026-04-05T01:24:41.683Z
2018_nrs_18_pm034,nursing,2018,34,3.看護における基本技術,I.終末期のケア,終末期の患者のケア,3,死後の処置で適切なのはどれか。,枕は氷枕にする。,義歯を装着する。,肛門には青梅綿、脱脂綿の順で詰める。,和装の更衣の場合、襟は右前に合わせる。,,B,,false,,false,notebooklm,2026-04-05T01:24:41.683Z
2018_nrs_18_pm035,nursing,2018,35,5.高齢者の生活を支える看護,C.高齢者の食事・食生活の特徴と援助,摂食・嗅下障害,3,嚥下障害を評価する改訂水飲みテストで正しいのはどれか。,嚥下後10秒間で評価する。,嚥下動作の準備期を評価する。,嚥下後の呼吸状態を評価する。,80mLの水の嚥下状況を評価する。,,C,,false,,false,notebooklm,2026-04-05T01:24:41.683Z
2018_nrs_18_pm036,nursing,2018,36,4.日常生活援助技術,F.清潔と衣生活,清潔行動・衣生活の自立困難な人への援助,3,入浴時に全身の血液循環を促進する作用はどれか。,鎮静作用,浮力作用,抗酸化作用,静水圧作用,,D,,false,,false,notebooklm,2026-04-05T01:24:41.683Z
2018_nrs_18_pm037,nursing,2018,37,5.診療に伴う看護技術,A.呼吸、循環、体温調整,酸素吸入の適応と方法,3,1回換気量に関係なく吸入酸素濃度を調節できる器具はどれか。,鼻カニューレ,フェイスマスク,ベンチュリーマスク,リザーバー付酸素マスク,,C,,false,,false,notebooklm,2026-04-05T01:24:41.683Z
2018_nrs_18_pm038,nursing,2018,38,5.診療に伴う看護技術,C.与薬,与薬方法と効果の観察,3,成人患者への薬剤の投与方法で正しいのはどれか。,筋肉内注射は大殿筋に行う。,点眼薬は結膜嚢に滴下する。,皮下注射は前腕内側に行う。,食間の指示の経口薬は食事中に服用させる。,,B,,false,,false,notebooklm,2026-04-05T01:24:41.683Z
2018_nrs_18_pm039,nursing,2018,39,5.診療に伴う看護技術,E.救命救急処置,止血法,3,永久的止血法に含まれるのはどれか。,止血帯法,タンポン法,血管結紮法,間接圧迫止血法,,C,,false,,false,notebooklm,2026-04-05T01:24:41.684Z
2018_nrs_18_pm040,nursing,2018,40,5.診療に伴う看護技術,F. 生体機能のモニタリング,生体検査（エックス線撮影、超音波、CT、MRI、心電図、内視鏡、核医学）,3,成人に行う頭部MRI検査で正しいのはどれか。,造影を伴わない場合は検査直前まで飲食してよい。,使い捨てカイロは装着したままでよい。,検査中は手足を自由に動かしてよい。,補聴器は装着したままでよい。,,A,,false,,false,notebooklm,2026-04-05T01:24:41.684Z
2018_nrs_18_pm041,nursing,2018,41,3.急性期にある患者と家族の看護,B.急性期における看護の基本,治療の緊急度と優先度、治療選択・意思決定への支援,3,"Aさん（48歳、男性）は、仕事中に生じた胸部と右肩の違和感を主訴に来院した。バイタルサインは安定しているが、スタンフォード分類B型の急性大動脈解離と診断され、医師から手術を勧められた。,,
治療の選択で迷っている様子のAさんへの対応で適切なのはどれか。",「医師からの治療のリスクや合併症の説明で、不明な点はありますか」,「手術を受けるか受けないか、すぐに決めたほうがよいです」,「医師の判断に任せるのが一番よいと思います」,「緊急度が高いので、話はあとにしましょう」,,A,,false,,false,notebooklm,2026-04-05T01:24:41.684Z
2018_nrs_18_pm042,nursing,2018,42,8.がん患者と家族への看護,A.がん患者の抱える苦痛,転移・浸潤に伴う身体的苦痛、身体症状に伴う活動制限,3,"Aさん（64歳、男性）は、2年前に前立腺癌と診断され、内分泌療法を受けていた。1か月前から体動時に強い痛みが腰部に生じるようになり、外来を受診したところ腰椎転移と診断された。,,
Aさんに生じている痛みで最も考えられるのはどれか。",関連痛,体性痛,中枢痛,内臓痛,,B,,false,,false,notebooklm,2026-04-05T01:24:41.684Z
2018_nrs_18_pm043,nursing,2018,43,10.呼吸機能障害のある患者の看護,D.病期や機能障害に応じた看護,気管支喘息,3,成人患者の気管支喘息の治療で正しいのはどれか。,テオフィリンの投与中は血中濃度の測定が必要である。,副腎皮質ステロイド薬吸入後の含嗽は必要ない。,インフルエンザワクチン接種は禁忌である。,発作時にはβ遮断薬を内服する。,,A,,false,,false,notebooklm,2026-04-05T01:24:41.684Z
2018_nrs_18_pm044,nursing,2018,44,14.内部環境（体液量、電解質、酸塩基平衡）調節機能障害のある患者の看護,B.検査・処置を受ける患者への看護,腎組織検査,3,経皮的腎生検を受ける患者への説明で適切なのはどれか。,検査中の体位は仰臥位とする。,穿刺時にくり返し深呼吸をする。,検査後はベッド上安静とする。,検査後2日間は禁食にする。,,C,,false,,false,notebooklm,2026-04-05T01:24:41.684Z
2018_nrs_18_pm045,nursing,2018,45,15.内分泌機能障害のある患者の看護,A.原因と障害の程度のアセスメントと看護,副腎機能障害,3,糖質コルチコイドの分泌が長期に過剰となった状態の身体所見で正しいのはどれか。,眼球突出,甲状腺腫大,頻　脈,満月様顔貌,,D,,false,,false,notebooklm,2026-04-05T01:24:41.684Z
2018_nrs_18_pm046,nursing,2018,46,5.周術期にある患者と家族の看護,C.術後の看護,侵襲に対する生体反応術後の鎮痛・鎮静管理創傷管理・処置,3,慢性副鼻腔炎の手術を受けた患者に対する説明で適切なのはどれか。,咽頭にたまった分泌物は飲んでも良い。,臥床時は頭部を低く保つ。,手術当日から入浴が可能である。,物が二重に見えるときは看護師に伝える。,,D,,false,,false,notebooklm,2026-04-05T01:24:41.684Z
2018_nrs_18_pm047,nursing,2018,47,1.高齢者の理解の基本となる概念,B.加齢への適応,サクセスフルエイジング,3,サクセスフルエイジングの説明で適切なのはどれか。,老化の過程にうまく適応する。,権威のある者によって一方的に守られる。,生命あるものに共通して起こる現象である。,社会的な役割から離脱することで自由になる。,,A,,false,,false,notebooklm,2026-04-05T01:24:41.684Z
2018_nrs_18_pm048,nursing,2018,48,4.老年看護の基本,C.高齢者の生活を支える制度と施策,日常生活自立支援事業,3,判断能力が不十分な認知症高齢者の権利擁護を目的とするのはどれか。,公的年金制度,生活保護制度,後期高齢者医療制度,日常生活自立支援事業,,D,,false,,false,notebooklm,2026-04-05T01:24:41.684Z
2018_nrs_18_pm049,nursing,2018,49,14.内部環境（体液量、電解質、酸塩基平衡）調節機能障害のある患者の看護,C.治療を受ける患者への看護,食事療法,3,"Aさん（76歳、女性）は、ステージ2の慢性腎臓病と診断された。身長146cm、体重50kg。日常生活は自立し、毎日家事をしている。週2回、ビールをグラス1杯程度飲んでいる。,,
Aさんへの生活指導の内容で優先されるのはどれか。",安　静,禁　酒,減　塩,体重の減量,,C,,false,,false,notebooklm,2026-04-05T01:24:41.684Z
2018_nrs_18_pm050,nursing,2018,50,5.高齢者の生活を支える看護,A.高齢者のコミュニケーションの特徴と援助,身体機能・認知機能・個性に応じたコミュニケーションの方法,3,認知症高齢者との対話で適切なのはどれか。,表情を見せながら話す。,高齢者の横から話しかける。,会話の内容を記憶しているか確認する。,言葉が出てこない時は思い出すまで待ち続ける。,,A,,false,,false,notebooklm,2026-04-05T01:24:41.684Z
2018_nrs_18_pm051,nursing,2018,51,9.多様な場で生活する高齢者を支える看護,C.地域でサービスを利用しながら暮らす高齢者の暮らしと看護,地域密着型サービスの種類と特徴居宅サービスの種類と特徴,3,介護保険制度における地域密着型サービスはどれか。,介護老人保健施設,介護老人福祉施設,通所リハビリテーション,認知症対応型共同生活介護＜認知症高齢者グループホーム＞,,D,,false,,false,notebooklm,2026-04-05T01:24:41.684Z
2018_nrs_18_pm052,nursing,2018,52,1.子どもと家族を取り巻く環境,A.小児医療・小児看護の変遷と課題,諸統計からみた子どもと家族の健康課題,3,平成27年（2015年）の人口動態調査で、5～9歳の死因における不慮の事故の原因で最も多いのはどれか。,窒　息,交通事故,転倒・転落,溺死および溺水,,B,,false,,false,notebooklm,2026-04-05T01:24:41.684Z
2018_nrs_18_pm053,nursing,2018,53,1.子どもと家族を取り巻く環境,C.子どもと家族を取り巻く社会資源の活用,小児慢性特定疾病医療費助成制度,3,小児慢性特定疾病対策における医療費助成で正しいのはどれか。,対象は5疾患群である。,対象年齢は20歳未満である。,医療費の自己負担分の一部を助成する。,難病の患者に対する医療等に関する法律に定められている。,,C,,false,,false,notebooklm,2026-04-05T01:24:41.684Z
2018_nrs_18_pm054,nursing,2018,54,2.子どもの成長・発達,C.小児期における成長・発達の特徴,コミュニケーション、言語,3,乳幼児の正常な言語発達で正しいのはどれか。,生後1か月で喃語が出始める。,生後6か月で意味のある1語が言える。,1歳2か月で2語文を話す。,4歳で4つの色を正しく言える。,,D,,false,,false,notebooklm,2026-04-05T01:24:41.684Z
2018_nrs_18_pm055,nursing,2018,55,3.小児各期における健康増進のための子どもと家族への看護,A.栄養と食生活,離乳,3,離乳の開始で正しいのはどれか。,離乳食は1日2回から開始する。,人工乳はフォローアップミルクにする。,哺乳反射の減弱が開始時の目安のひとつである。,離乳食は歯ぐきでつぶせる硬さのものから始める。,,C,,false,,false,notebooklm,2026-04-05T01:24:41.684Z
2018_nrs_18_pm056,nursing,2018,56,8.慢性的な疾患・障害がある子どもと家族への看護,B.心身障害のある子どもと家族への看護,重症心身障害児と家族発達障害児と家族,3,障害のレベルを運動機能と知能指数で区分するのはどれか。,大島分類,NYHA分類,国際生活機能分類＜ICF＞,Hugh-Jones＜ヒュー・ジョーンズ＞分類,,A,,false,,false,notebooklm,2026-04-05T01:24:41.684Z
2018_nrs_18_pm057,nursing,2018,57,2.母性看護の基盤となる概念,A.リプロダクティブ・ヘルスに関する概念,性＜セクシュアリティ＞,3,人間の性の意義と特質の組合せで適切なのはどれか。,快楽性としての性 -- 種の保存,生殖性としての性 -- 心理・社会的属性,性役割としての性 -- 性的指向,連帯性としての性 -- 人間関係の形成,,D,,false,,false,notebooklm,2026-04-05T01:24:41.684Z
2018_nrs_18_pm058,nursing,2018,58,4.妊娠期の看護,D.妊娠期の健康問題に対する看護,出生前診断,3,出生前診断を目的とした羊水検査で適切なのはどれか。,先天性疾患のほとんどを診断することができる。,診断された染色体異常は治療が可能である。,合併症として流早産のリスクがある。,妊娠22週以降は検査できない。,,C,,false,,false,notebooklm,2026-04-05T01:24:41.684Z
2018_nrs_18_pm059,nursing,2018,59,7.早期新生児期の看護,B.早期新生児期のアセスメント,新生児マススクリーニング,3,新生児聴覚スクリーニング検査で正しいのはどれか。,空腹時に行う。,泣いていない時に行う。,タンデムマス法で行う。,生後24時間以内に行う。,,B,,false,,false,notebooklm,2026-04-05T01:24:41.684Z
2018_nrs_18_pm060,nursing,2018,60,7.精神保健医療福祉における多職種連携,B.コンサルテーションと連携,リエゾン精神看護,3,リエゾン精神看護の活動はどれか。,行動制限の指示,向精神薬の処方,他科への転棟指示,コンサルテーションへの対応,,D,,false,,false,notebooklm,2026-04-05T01:24:41.684Z
2018_nrs_18_pm061,nursing,2018,61,2.主な精神疾患・障害の特徴と看護,I.知的障害＜精神遅滞＞,臨床検査および心理検査と看護薬物療法と看護,3,知的障害＜精神遅滞＞の原因となる疾患はどれか。,統合失調症,フェニルケトン尿症,Alzheimer＜アルツハイマー＞病,Creutzfeldt-Jakob＜クロイツフェルト・ヤコブ＞病,,B,,false,,false,notebooklm,2026-04-05T01:24:41.684Z
2018_nrs_18_pm062,nursing,2018,62,2.主な精神疾患・障害の特徴と看護,F.生理的障害および身体的要因に関連した行動症候群,臨床検査および心理検査と看護薬物療法と看護,3,"Aさん（24歳、男性）は、昼間の過剰な眠気を主訴に来院した。半年前に居眠り運転で交通事故を起こした。入眠時の幻視や睡眠と覚醒の移行期に体を動かせなくなることがある。また、笑ったり、怒ったりしたときに脱力してしまうこともある。,,
最も考えられる疾患はどれか。",睡眠時遊行症,ナルコレプシー,睡眠時無呼吸症候群,睡眠・覚醒スケジュール障害,,B,,false,,false,notebooklm,2026-04-05T01:24:41.684Z
2018_nrs_18_pm063,nursing,2018,63,6.精神保健医療福祉の変遷と法や施策,B.精神保健医療福祉の変遷と看護,日本における精神医療の変遷,3,現在の日本の精神医療で正しいのはどれか。,精神保健福祉センターは各市町村に設置されている。,精神病床に入院している患者の疾患別内訳では認知症が最も多い。,精神障害者保健福祉手帳制度によって通院医療費の給付が行われる。,人口当たりの精神病床数は経済協力開発機構＜OECD＞加盟国の中では最も多い。,,D,,false,,false,notebooklm,2026-04-05T01:24:41.684Z
2018_nrs_18_pm064,nursing,2018,64,7.精神保健医療福祉における多職種連携,A.多職種連携と看護の役割,連携する他職種（医師、歯科医師、保健師、助産師、精神保健福祉士、作業療法士、介護支援専門員、精神保健福祉相談員、゜アサポーター、薬剤師、公認心理師）の役割,3,"Aさん（60歳、女性）は、統合失調症で10年間入院していた。来月退院予定となったため、Aさん、医師、看護師でチームを作り、退院支援計画を立てることになった。Aさんは「両親も亡くなってしまい、これからの生活費や住む場所がとても心配だ」と訴えてきた。,,
退院支援を進めるにあたり、チームに加わるメンバーで最も適切なのはどれか。",薬剤師,精神保健福祉士,ピアサポーター,臨床心理技術者（臨床心理士・公認心理師等）,,B,,false,,false,notebooklm,2026-04-05T01:24:41.684Z
2018_nrs_18_pm065,nursing,2018,65,4.地域・在宅看護実践をめぐる制度の概要,A.訪問看護制度の理解,訪問看護の対象と提供方法,3,訪問看護制度で正しいのはどれか。,管理栄養士による訪問は保険請求できる。,精神科訪問看護は医療保険から給付される。,医療処置がなければ訪問看護指示書は不要である。,訪問看護事業所の開設には常勤換算で3人以上の看護職員が必要である。,,B,,false,,false,notebooklm,2026-04-05T01:24:41.684Z
2018_nrs_18_pm066,nursing,2018,66,3.地域・在宅看護における安全と健康危機管理,A.在宅療養者の日常生活における安全管理,転倒・転落の防止,3,"Aさん（85歳、女性）は、1人暮らし。日常生活は自立しており、健康のために毎日20～30分のウォーキングをしている。夜間は、廊下を歩いて1、2回トイレに行く。,,
Aさんの現時点での家屋環境の整備で最も優先されるのはどれか。",便座の高さを高くする。,廊下に手すりを設置する。,トイレの扉を引き戸にする。,廊下に足元照明を設置する。,,D,,false,,false,notebooklm,2026-04-05T01:24:41.684Z
2018_nrs_18_pm067,nursing,2018,67,8.がん患者と家族への看護,C.がん患者の社会参加への支援,就労継続・環境の調整,3,"Aさん（52歳、男性、独身）は、銀行員。切除不能の大腸癌と診断され、外来で抗癌薬の点滴静脈内注射を受けることになった。Aさんは「治療を受けながら仕事を続けたいのですが、どうすれば良いか教えてください」と外来看護師に相談した。,,
外来看護師が行うAさんへの助言で最も適切なのはどれか。",「所属部署の変更を上司に申し出ましょう」,「副作用が出てから対応を考えましょう」,「会社の健康管理部門に相談しましょう」,「有給休暇を使って治療を受けましょう」,,C,,false,,false,notebooklm,2026-04-05T01:24:41.684Z
2018_nrs_18_pm068,nursing,2018,68,4.老年看護の基本,B.老年看護の倫理,高齢者の権利擁護＜アドボカシー＞,3,"家族からネグレクトを受けている高齢者について、地域包括支援センターに通報があった。,,
この通報を受けた地域包括支援センターが行う業務はどれか。",権利擁護,総合相談支援,介護予防ケアマネジメント,包括的・継続的ケアマネジメント支援,,A,,false,,false,notebooklm,2026-04-05T01:24:41.684Z
2018_nrs_18_pm069,nursing,2018,69,1.看護におけるマネジメント,C.看護業務のマネジメント,複数の看護業務が同時に発生した場合の判断や対処方法,3,"病院では、育児中の時短勤務、夜勤専従、非常勤など多様な労働時間や雇用形態の看護師が働いている。,,
看護管理者が行うマネジメントで最も優先するのはどれか。",夜勤専従の看護師の休暇を増やす。,育児中の看護師の院内研修を免除する。,非常勤看護師は患者の受け持ちを免除する。,特定の看護師に仕事が集中しないよう調整する。,,D,,false,,false,notebooklm,2026-04-05T01:24:41.684Z
2018_nrs_18_pm070,nursing,2018,70,11.人々の健康を支える職種やサービス提供体制に関する法や施策,D.その他の役割,診療記録と情報公開,3,診療情報の取り扱いで適切なのはどれか。,診療情報の開示請求は患者本人に限られる。,医療者は患者が情報提供を受けることを拒んでも説明する。,2類感染症の届出は患者本人の同意を得なければならない。,他院へのセカンドオピニオンを希望する患者に診療情報を提供する。,,D,,false,,false,notebooklm,2026-04-05T01:24:41.684Z
2018_nrs_18_pm071,nursing,2018,71,1.看護におけるマネジメント,E.医療安全を維持する仕組みと対策,安全管理体制整備、医療安全文化の醸成,3,医療法における病院の医療安全管理体制で正しいのはどれか。,医療安全管理のために必要な研修を2年に1回行わなければならない。,医療安全管理のための指針を整備しなければならない。,特定機能病院の医療安全管理者は兼任でよい。,医薬品安全管理責任者の配置は義務ではない。,,B,,false,,false,notebooklm,2026-04-05T01:24:41.684Z
2018_nrs_18_pm072,nursing,2018,72,11.人々の健康を支える職種やサービス提供体制に関する法や施策,A.看護職に関する法,看護師等の人材確保の促進に関する法律,3,看護師等の人材確保の促進に関する法律における離職等の届出で適切なのはどれか。,届出は義務である。,届出先は保健所である。,離職を予定する場合に事前に届け出なければならない。,免許取得後すぐに就職しない場合は届け出るよう努める。,,D,,false,,false,notebooklm,2026-04-05T01:24:41.684Z
2018_nrs_18_pm073,nursing,2018,73,3.国際化と看護,A.グローバル化に伴う世界の健康目標と課題,世界共通の健康目標人間の安全保障,3,国際社会が抱えるヘルスケアを含む課題に対して、すべての国に適用される普遍的（ユニバーサル）な目標で、2015年の国連サミットで採択されたのはどれか。,ヘルスフォーオール21（Health For All in the 21st century：HFA21）,ミレニアム開発目標（Millennium Development Goals：MDGs）,持続可能な開発目標（Sustainable Development Goals：SDGs）,国連開発目標（International Development Goals：IDGs）,,C,,false,,false,notebooklm,2026-04-05T01:24:41.684Z
2018_nrs_18_pm074,nursing,2018,74,7.血液,B.止血機構,血液凝固,3,"採血の際、血液が凝固するのを防ぐために試験管にクエン酸の結晶を入れておくことがある。,,
クエン酸によって血液から除かれるのはどれか。",トロンビン,プラスミン,カルシウムイオン,ナトリウムイオン,フィブリノーゲン,C,,false,,false,notebooklm,2026-04-05T01:24:41.684Z
2018_nrs_18_pm075,nursing,2018,75,11.消化器系,B.消化と吸収,胃の構造と機能,3,胃底腺の主細胞の分泌物に由来するタンパク分解酵素はどれか。,アミラーゼ,キモトリプシン,トリプシン,ペプシン,リパーゼ,D,,false,,false,notebooklm,2026-04-05T01:24:41.684Z
2018_nrs_18_pm076,nursing,2018,76,4.運動器系,A.骨と骨格,骨の構造と機能,3,成人で、骨髄が脂肪組織になっているのはどれか。,寛　骨,胸　骨,大腿骨の骨幹,椎骨の椎体,肋　骨,C,,false,,false,notebooklm,2026-04-05T01:24:41.684Z
2018_nrs_18_pm077,nursing,2018,77,15.内分泌系,C.内分泌器官の構造とホルモンの機能,膵島,3,臓器と産生されるホルモンの組合せで正しいのはどれか。,膵　臓 -- グルカゴン,副　腎 -- プロラクチン,腎　臓 -- アルドステロン,脳下垂体 -- インクレチン,視床下部 -- テストステロン,A,,false,,false,notebooklm,2026-04-05T01:24:41.684Z
2018_nrs_18_pm078,nursing,2018,78,8.内部環境調節機能,A.内分泌系の疾患の病態と診断・治療,甲状腺疾患（甲状腺機能充進症、甲状腺機能低下症、甲状腺炎）,3,抗甲状腺薬の副作用（有害事象）で正しいのはどれか。,頻　脈,肝障害,低血糖,不整脈,眼球突出,B,,false,,false,notebooklm,2026-04-05T01:24:41.684Z
2018_nrs_18_pm079,nursing,2018,79,2.高齢者の生活,A.高齢者の機能と評価,日常生活動作＜ADL＞,3,Barthel＜バーセル＞インデックスで評価するのはどれか。,栄養状態,疼痛の強さ,褥瘡の深さ,日常生活動作,呼吸困難の程度,D,,false,,false,notebooklm,2026-04-05T01:24:41.684Z
2018_nrs_18_pm080,nursing,2018,80,6.循環機能,A.心臓の疾患の病態と診断・治療,虚血性心疾患（狭心症、急性冠症候群）,3,急性心筋梗塞患者の合併症を早期に発見するための徴候で正しいのはどれか。,皮疹の出現,頻脈の出現,時間尿の増加,腹壁静脈の怒張,うっ血乳頭の出現,B,,false,,false,notebooklm,2026-04-05T01:24:41.684Z
2018_nrs_18_pm081,nursing,2018,81,12.神経機能,A.中枢神経系の疾患の病態と診断・治療,認知症（Alzheimer＜アルツハイマー＞病、血管性認知症、Lewy＜レビー＞小体型認知症、前頭側頭型認知症）,3,Alzheimer＜アルツハイマー＞型認知症の患者にみられる実行機能障害はどれか。,シャツを前後反対に着る。,調理の手順がわからなくなる。,物音がすると食事を中断する。,鏡に映った自分の姿に話しかける。,歯ブラシで髪の毛をとかそうとする。,B,,false,,false,notebooklm,2026-04-05T01:24:41.684Z
2018_nrs_18_pm082,nursing,2018,82,3.神経系,C.末梢神経系の構造と機能,脳神経,3,副交感神経を含む脳神経はどれか。2つ選べ。,嗅神経,視神経,動眼神経,三叉神経,迷走神経,C,E,,false,,true,notebooklm,2026-04-05T01:24:41.684Z
2018_nrs_18_pm083,nursing,2018,83,8.内部環境調節機能,B.代謝異常の疾患の病態と診断・治療,糖尿病,3,糖尿病性腎症の食事療法で制限するのはどれか。2つ選べ。,脂　質,塩　分,蛋白質,炭水化物,ビタミン,B,C,,false,,true,notebooklm,2026-04-05T01:24:41.684Z
2018_nrs_18_pm084,nursing,2018,84,11.免疫機能,B.アレルギー性疾患の病態と診断・治療,アナフィラキシーショック,3,アナフィラキシーショックで正しいのはどれか。2つ選べ。,徐脈になる。,重症例では死に至る。,気道粘膜の浮腫を生じる。,Ⅲ型アレルギー反応である。,副腎皮質ステロイドは禁忌である。,B,C,,false,,true,notebooklm,2026-04-05T01:24:41.684Z
2018_nrs_18_pm085,nursing,2018,85,16.生殖機能,A.生殖器系の疾患の病態と診断・治療,男性生殖器の疾患（前立腺炎、前立腺肥大）,3,前立腺肥大症で正しいのはどれか。2つ選べ。,進行すると水腎症となる。,外科治療は経尿道的前立腺切除術を行う。,直腸診で石の様な硬さの前立腺を触知する。,前立腺を縮小させるために男性ホルモン薬を用いる。,前立腺特異抗原＜prostate specific antigen：PSA＞値が100ng/mL以上となる。,A,B,,false,,true,notebooklm,2026-04-05T01:24:41.684Z
2018_nrs_18_pm086,nursing,2018,86,7.公衆衛生における感染症と対策,A.感染症の基本,感染症の予防及び感染症の患者に対する医療に関する法律＜感染症法＞,3,感染症の予防及び感染症の患者に対する医療に関する法律＜感染症法＞に基づく五類感染症はどれか。2つ選べ。,後天性免疫不全症候群＜AIDS＞,腸管出血性大腸菌感染症,つつが虫病,日本脳炎,梅　毒,A,E,,false,,true,notebooklm,2026-04-05T01:24:41.684Z
2018_nrs_18_pm087,nursing,2018,87,3.看護における基本技術,A.コミュニケーション,コミュニケーションに障害のある人々への対応,3,感覚性失語のある成人患者とのコミュニケーションで適切なのはどれか。2つ選べ。,短文で話しかける。,身振りを加えて話す。,多くの話題を提供する。,耳元に近づき大きな声で話す。,open-ended question＜開かれた質問＞を用いる。,A,B,,false,,true,notebooklm,2026-04-05T01:24:41.684Z
2018_nrs_18_pm088,nursing,2018,88,7.リハビリテーションの特徴と看護,E.患者の社会参加への支援,就労条件・環境の調整,3,"交通事故によって脊髄損傷で入院した下肢に麻痺のある成人患者。,,
職場復帰に向けて、看護師が患者に説明する内容で適切なのはどれか。2つ選べ。",自己導尿は自宅で行う。,仕事中は飲水を制限する。,車椅子には体圧分散マットを使用する。,残業する場合の休憩時間は不要である。,職場の担当者に自分の病気について伝える。,C,E,,false,,true,notebooklm,2026-04-05T01:24:41.684Z
2018_nrs_18_pm089,nursing,2018,89,12.消化・吸収機能障害のある患者への看護,C.治療を受ける患者への看護,人工肛門造設術,3,人工肛門を造設した患者へのストーマケアの指導内容で適切なのはどれか。2つ選べ。,装具の交換は便が漏れない限り不要である。,装具をはがした時は皮膚保護材の溶解の程度を観察する。,洗浄後のストーマはドライヤーで乾かす。,装具の穴はストーマと同じ大きさにする。,装具を貼る時は腹壁のしわを伸ばす。,B,E,,false,,true,notebooklm,2026-04-05T01:24:41.684Z
2018_nrs_18_pm090,nursing,2018,90,4.妊娠期の看護,E.妊娠期のケアに必要な技術,胎児心拍数陣痛図、ノンストレステスト＜NST＞胎児の超音波断層法の介助,3,"妊娠36週の妊婦にNST＜non-stress test＞を行うため、分娩監視装置を装着することになった。,,
妊婦への説明で正しいのはどれか。2つ選べ。",「胎児の健康状態を判定します」,「所要時間は10分です」,「排尿を済ませて下さい」,「仰向けで行います」,「固定用ベルトを1本使用します」,A,C,,false,,true,notebooklm,2026-04-05T01:24:41.684Z
2018_nrs_18_pm091,nursing,2018,91,12.消化・吸収機能障害のある患者への看護,D.病期や機能障害に応じた看護,肝硬変,3,入院時のAさんの状態として考えられるのはどれか。,急性アルコール中毒,食道静脈瘤破裂,迷走神経反射,低血糖発作,,B,,false,,false,notebooklm,2026-04-05T01:24:41.684Z
2018_nrs_18_pm092,nursing,2018,92,13.栄養代謝機能障害のある患者の看護,B.検査・処置を受ける患者への看護,腹部超音波検査,3,"入院から4日が経過し、Aさんは医師から「C型肝炎、肝硬変の患者は肝細胞癌を発症することがある」と説明を受けた。Aさんはスクリーニングの目的で、肝臓から骨盤内臓器までの範囲で腹部超音波検査を受けることになった。,,
検査前日に看護師が行う説明で正しいのはどれか。",「検査直前に排尿を済ませてください」,「おならは検査が終わるまで我慢してください」,「造影剤のアレルギーがあれば教えてください」,「検査当日は、起床時から飲食物を摂取しないでください」,,D,,false,,false,notebooklm,2026-04-05T01:24:41.684Z
2018_nrs_18_pm093,nursing,2018,93,13.栄養代謝機能障害のある患者の看護,D.病期や機能障害に応じた看護,肝硬変,3,"検査の結果、C型肝炎に対し抗ウイルス療法が開始され、退院後は定期的に外来通院することになった。,,
退院に向けたAさんへの食事指導で適切なのはどれか。2つ選べ。",禁酒する。,食物繊維を控える。,高蛋白食を摂取する。,カリウム制限をする。,熱い食べものを避ける。,A,E,,false,,true,notebooklm,2026-04-05T01:24:41.684Z
2018_nrs_18_pm094,nursing,2018,94,17.脳・神経機能障害のある患者の看護,D.病期や機能障害に応じた看護,脳血管障害,3,Aさんの脳梗塞の原因で考えられるのはどれか。2つ選べ。,糖尿病,胃潰瘍,高血圧症,心房細動,心房粗動,C,D,,false,,true,notebooklm,2026-04-05T01:24:41.684Z
2018_nrs_18_pm095,nursing,2018,95,7.リハビリテーションの特徴と看護,C.障害に対する受容と適応への看護,心理的葛藤への援助,3,"入院から3週が経過し、リハビリテーションによって日常生活動作＜ADL＞は改善しているが、夜間は眠れず、食欲も低下している。Aさんは「なかなか良くならない。何もできなくなってしまった」と話している。,,
現在のAさんへの声かけで、最も適切なのはどれか。",「時間が経てば良くなりますよ」,「リハビリをがんばりましょう」,「同じ病気の患者さんをご紹介しますね」,「なかなか良くならないと感じているのですね」,,D,,false,,false,notebooklm,2026-04-05T01:24:41.684Z
2018_nrs_18_pm096,nursing,2018,96,7.リハビリテーションの特徴と看護,D.チームアプローチと社会資源の活用,多職種連携,3,"転棟から6週が経過し、退院に向けて多職種チームでカンファレンスを開催することになった。Aさんは、外来でのリハビリテーションを継続しながら元の職場への復帰を希望している。,,
Aさんの退院前のカンファレンスで適切なのはどれか。",チームリーダーの職種は医師である。,カンファレンスにAさんの妻の参加は不要である。,Aさんのリハビリテーションの目標は医師が決定する。,Aさんのリハビリテーションの内容はチームで評価する。,,D,,false,,false,notebooklm,2026-04-05T01:24:41.684Z
2018_nrs_18_pm097,nursing,2018,97,7.高齢者に特有な症候・疾患・障害と看護,"""※各小項目の共通の中項目",,3,外来の看護師が介護職員から追加で収集するAさんの情報で、最も優先するのはどれか。,過去1週間の体温の変動,昨日の睡眠状態,全身の皮膚状態,入所時の体重,,A,,false,,false,notebooklm,2026-04-05T01:24:41.684Z
2018_nrs_18_pm098,nursing,2018,98,6.さまざまな健康状態や受療状況に応じた高齢者の看護,B.急性期の高齢者への看護,急性期における高齢者の看護,3,"Aさんは入院し、点滴静脈内注射が開始された。Aさんの顔色は良くなり眠っているため、介護職員は施設に戻った。看護師がAさんの様子を確認するため病室へ行くと、目が覚めたAさんは「誰かいないの」と大声を出し、興奮した様子で点滴静脈内注射のラインを外そうとしていた。,,
看護師の対応で適切なのはどれか。2つ選べ。",睡眠薬を与薬する。,入院中であることを伝える。,興奮が落ち着くまで身体拘束を行う。,息子に退院まで付き添うよう連絡する。,点滴静脈内注射のラインを見えないようにする。,B,E,,false,,true,notebooklm,2026-04-05T01:24:41.684Z
2018_nrs_18_pm099,nursing,2018,99,7.高齢者に特有な症候・疾患・障害と看護,"""※各小項目の共通の中項目",,3,"入院後3日。Aさんは開始された食事を全量摂取し、活気が出てきた。Aさんは自ら水分を摂ることはなかったが、看護師がお茶を勧めると、少量ずつ摂取している。体重47kg。Aさんの尿の性状は淡黄色で尿臭はなく、血液検査データは改善して基準値となったため、点滴静脈内注射が中止となり、退院が決まった。,,
Aさんが外来受診時と同じ状態を起こさないために、看護師が介護職員に伝える予防策で適切なのはどれか。",室温は30℃に保つ。,8g/日の食塩を摂取する。,カフェインを含む水分を摂取する。,熱の放散を抑制する衣類を選択する。,"食事を含めて1,300mL/日の水分を摂取する。",E,,false,,false,notebooklm,2026-04-05T01:24:41.684Z
2018_nrs_18_pm100,nursing,2018,100,7.急性期にある子どもと家族への看護,A.急性症状のある子どもと家族への看護,呼吸困難,3,"Aちゃんは、学校から帰ってきた後から咳嗽がみられ、元気がなかった。夕食はあまり食べずに就寝した。夜間になり「苦しくて眠れない」と訴え、母親とともに救急外来を受診した。口元での喘鳴が著明であり、問診すると途切れ途切れに話した。救急外来受診時のバイタルサインは、体温36.9℃、呼吸数36/分、心拍数120/分、経皮的動脈血酸素飽和度＜SpO2＞92％であった。,,
Aちゃんの気管支喘息の発作強度はどれか。",小発作,中発作,大発作,呼吸不全,,B,,false,,false,notebooklm,2026-04-05T01:24:41.684Z
2018_nrs_18_pm101,nursing,2018,101,5.診療に伴う看護技術,A.呼吸、循環、体温調整,排痰法の適応と方法,3,"救急外来で気管支拡張薬の吸入が行われたが、吸入後も呼吸数32/分、経皮的動脈血酸素飽和度＜SpO2＞94％であったため入院することになった。入院後、鼻カニューレによる酸素投与と点滴静脈内注射が開始され、1日3回のステロイド薬の静脈内注射と1日4回の気管支拡張薬の吸入が開始された。翌日、酸素投与は中止された。バイタルサインは、体温36.8℃、呼吸数22/分、心拍数94/分、経皮的動脈血酸素飽和度＜SpO2＞97％。聴診で喘鳴が聴取された。Aちゃんは「楽になった」と話し、笑顔が見られるようになった。,,
この時のAちゃんへの看護で適切なのはどれか。",排痰を促す。,胸式呼吸を促す。,水分摂取を控える。,ベッド上安静とする。,,A,,false,,false,notebooklm,2026-04-05T01:24:41.684Z
2018_nrs_18_pm102,nursing,2018,102,8.慢性的な疾患・障害がある子どもと家族への看護,C.医療的ケアを必要とする子どもと家族への看護,学校・保育所での支援,3,"気管支喘息による発作は軽快して点滴静脈内注射が中止された。咳嗽が軽度あるが全身状態は良好であるため、退院が決定した。Aちゃんに学校での生活状況を確認すると「最近、喘息発作はなかったけど、体育の時は咳が出たり苦しくなったりすることが時々あった」と話した。そのため、Aちゃんと母親に、退院後も抗アレルギー薬の内服と副腎皮質ステロイド薬の吸入を続けるように医師から説明された。,,
看護師のAちゃんに対する退院後の指導で適切なのはどれか。",「咳が出なくても体育の授業は見学しましょう」,「学校で咳が続くときは先生に伝えましょう」,「咳が出なくなったら薬はやめましょう」,「部屋の空気の入れ替えはやめましょう」,,B,,false,,false,notebooklm,2026-04-05T01:24:41.684Z
2018_nrs_18_pm103,nursing,2018,103,7.急性期にある子どもと家族への看護,A.急性症状のある子どもと家族への看護,下痢、嘔吐,3,浣腸後に想定される反応便はどれか。,兎糞便,タール便,灰白色便,米のとぎ汁様便,イチゴゼリー様便,E,,false,,false,notebooklm,2026-04-05T01:24:41.684Z
2018_nrs_18_pm104,nursing,2018,104,5.検査や処置を受ける子どもと家族への看護,A.小児特有の診療（検査、処置）に伴う技術と看護,（処置に伴う鎮静）,3,"Aちゃんへの腹部超音波検査の結果、腸重積症の診断が確定し、静脈内注射による鎮静下で高圧浣腸が行われることになった。,,
看護師が一連の処置の準備をするにあたり、最も重要な物品はどれか。",潤滑ゼリー,替えのおむつ,ガーグルベースン,経皮的動脈血酸素飽和度＜SpO<sub>2</sub>＞モニター,,D,,false,,false,notebooklm,2026-04-05T01:24:41.684Z
2018_nrs_18_pm105,nursing,2018,105,8.慢性的な疾患・障害がある子どもと家族への看護,A.先天性疾患や慢性的な経過をとる疾患をもつ子どもと家族への看護,疾患による子どもと家族の生活の変化,3,"Aちゃんは、高圧浣腸により重積が整復され、経過観察のため入院した。翌朝、経口摂取が可能となり、状態も落ちついているため退院が決定した。保護者から「退院後に注意することはありますか」と看護師に質問があった。,,
保護者への説明で適切なのはどれか。",「月1回の受診をしてください」,「3日間は入浴を控えてください」,「1週間は離乳食を1日1回にしてください」,「同じような症状が出たら受診してください」,,D,,false,,false,notebooklm,2026-04-05T01:24:41.684Z
2018_nrs_18_pm106,nursing,2018,106,7.早期新生児期の看護,A.早期新生児の生理的変化と異常,低血糖症,3,児への対応で最も優先するのはどれか。,沐　浴,血糖値の測定,経皮的黄疸計での測定,ビタミンK<sub>2</sub>シロップの与薬,,B,,false,,false,notebooklm,2026-04-05T01:24:41.684Z
2018_nrs_18_pm107,nursing,2018,107,6.産褥期の看護,D.産褥期の健康問題に対する看護,帝王切開術後,3,"手術後1日。Aさんのバイタルサインは、体温37.3℃、脈拍68/分、血圧124/66mmHgであった。排ガスはあるが、排便はない。Aさんは膀胱留置カテーテルの抜去後、看護師に付き添われ歩いて室内のトイレに行った。排尿後、すぐにベッドに横になった。Aさんは「起き上がってから頭が痛くなりました。めまいやふらつきはありませんでした」と看護師に話す。子宮底の高さは臍高、子宮は硬く触れ、血性悪露が中等量みられた。後陣痛はない。,,
Aさんへの対応で適切なのはどれか。",手術前から着用している弾性ストッキングを脱がせる。,腹部の冷罨法を行う。,床上排泄を促す。,水分摂取を促す。,,D,,false,,false,notebooklm,2026-04-05T01:24:41.684Z
2018_nrs_18_pm108,nursing,2018,108,6.産褥期の看護,C.褥婦と家族への看護,退院後の生活調整、産後のサポート,3,"手術後7日。Aさんの術後の経過は良好である。Aさんの母乳分泌は良好で、母乳で育てていくことを希望している。Aさんは「2年後にもう1人、子どもが欲しいと思っています。避妊をどうしたらいいでしょうか」と話す。,,
Aさんに対する看護師の説明で適切なのはどれか。",「子宮内避妊器具＜IUD＞は使用できません」,「低用量ピルは産後1か月から使用できます」,「母乳を与えている間は避妊の必要はありません」,「コンドームは性生活を再開するときから使用できます」,,D,,false,,false,notebooklm,2026-04-05T01:24:41.684Z
2018_nrs_18_pm109,nursing,2018,109,3.精神看護の対象の理解と支援のための概念,B.セルフケアへの援助,活動と休息,3,"Aさんは、入院後10日から日中に臥床するようになった。夜間は熟睡している。食事の時間に食堂に遅れてくることが多い。看護師と会話をするようになったが、他の入院患者への被害妄想がある。,,
この時期の看護師の対応で最も適切なのはどれか。",食事介助をする。,一緒に院内を散歩する。,他の入院患者との交流を促す。,日中に臥床しているときは声かけを控える。,,B,,false,,false,notebooklm,2026-04-05T01:24:41.684Z
2018_nrs_18_pm110,nursing,2018,110,2.主な精神疾患・障害の特徴と看護,C.統合失調症、統合失調症型障害および妄想性障害,臨床検査および心理検査と看護薬物療法と看護,3,"入院後1か月。Aさんは洗面所でボーッとしていることが多くなり、頭痛や倦怠感を訴えることが多くなった。,,
身体所見：身長170cm、6時の体重60kg、17時の体重63kg、体温36.4℃、呼吸数18/分、脈拍76/分、血圧124/70mmHg。,,
検査所見：クレアチンキナーゼ＜CK＞190IU/L＜U/L＞、空腹時血糖102mg/dL、HｂA1c5.0％、Na128mEq/L、K3.5mEｑ/L、総コレステロール180mg/dL、HDLコレステロール45mg/dL。,,
Aさんの状況で最も考えられるのはどれか。",水中毒,悪性症候群,セロトニン症候群,メタボリック症候群,,A,,false,,false,notebooklm,2026-04-05T01:24:41.684Z
2018_nrs_18_pm111,nursing,2018,111,4.精神疾患・障害がある者とその家族への看護,B.心理・社会的療法,心理教育的アプローチ,3,"入院後2か月。Aさんは症状も落ち着いてきたため、退院の準備をすることになった。Aさんは看護師に「病気はすっかりよくなったのに、ずっと薬を飲まなければならないのか。体がだるく、体力が落ちた気がする。朝から学校へ行けるかどうか心配だ」と話した。,,
Aさんの退院の準備のために行う支援で優先度が高いのはどれか。",服薬心理教育,食事への援助,筋力トレーニングの指導,アサーティブトレーニングの指導,,A,,false,,false,notebooklm,2026-04-05T01:24:41.684Z
2018_nrs_18_pm112,nursing,2018,112,5.安全な治療環境の提供,A.安全管理＜セーフティマネジメント＞,自傷行為、自殺企図、自殺予防,3,入院時の看護師のAさんに対する関わりで適切なのはどれか。,いま死にたい気持ちがあるか尋ねる。,命を大切にしたほうがよいと伝える。,死ぬ気があれば何でもできると話をする。,家族が悲しむから死んではいけないと伝える。,,A,,false,,false,notebooklm,2026-04-05T01:24:41.684Z
2018_nrs_18_pm113,nursing,2018,113,2.主な精神疾患・障害の特徴と看護,D.気分＜感情＞障害,臨床検査および心理検査と看護薬物療法と看護,3,"入院後1か月、Aさんのうつ症状は改善を認めたが、同室患者とトラブルが続き、不眠や多弁傾向となった。また焦燥感が強く落ち着いて食事ができなくなった。そのため双極性障害と診断され、主治医から炭酸リチウムの内服の指示が出た。Aさんは炭酸リチウムを服用して1週後、手の震え、嘔気が出現した。,,
Aさんの手の震え、嘔気の原因を判断するための検査で最も適切なのはどれか。",尿検査,髄液検査,頭部MRI検査,薬物血中濃度検査,,D,,false,,false,notebooklm,2026-04-05T01:24:41.684Z
2018_nrs_18_pm114,nursing,2018,114,4.精神疾患・障害がある者とその家族への看護,G.精神保健医療福祉に関する社会資源の活用と調整,精神科デイケア、精神科ナイトケア,3,"入院後3か月、Aさんは退院予定となり、元の職場に戻るための準備をすることになった。Aさんは「すぐに仕事に戻るのではなく、規則正しく生活することなどから、段階的に取り組むほうがいいのではないか」と訴えていた。,,
Aさんの職場復帰を含めた退院後の生活を支援するために適切なのはどれか。",自立訓練,就労移行支援,就労継続支援,精神科デイケア,,D,,false,,false,notebooklm,2026-04-05T01:24:41.684Z
2018_nrs_18_pm115,nursing,2018,115,4.地域・在宅看護実践をめぐる制度の概要,B.地域・在宅看護におけるサービス体系の理解,通所系サービス,3,Aさんが利用する在宅サービスで最も優先度が高いのはどれか。,定期巡回・随時対応型訪問介護看護,通所リハビリテーション,短期入所生活介護,療養通所介護,,D,,false,,false,notebooklm,2026-04-05T01:24:41.684Z
2018_nrs_18_pm116,nursing,2018,116,6.症状・疾患・治療に応じた地域・在宅看護,C.主な治療等に応じた在宅看護,人工呼吸療法,3,"退院から1週後に妻から訪問看護ステーションに連絡があり「人工呼吸器のアラームが鳴り続けていて、どうしたらいいのかわかりません。低圧アラームが点灯しています。気管カニューレも抜けていないし、呼吸もいつも通りにしているように見えます」と尋ねた。,,
この時の訪問看護師の妻への回答で正しいのはどれか。",「気管内の吸引を行ってください」,「回路にゆるみがないか確認してください」,「電源プラグが抜けていないか確認してください」,「ウォータートラップに水が溜まっていないか確認してください」,,B,,false,,false,notebooklm,2026-04-05T01:24:41.684Z
2018_nrs_18_pm117,nursing,2018,117,3.地域・在宅看護における安全と健康危機管理,B.災害による暮らしへの影響,在宅療養者・家族が行う災害時の備え,3,"退院から2週後、妻から「昨日、私が透析を受けている病院で災害が発生した場合の診療について説明がありました。在宅での生活にも少し慣れてきたし、夫のことも気になるので、あらためて災害に備えておきたいのですが、何から始めればよいでしょうか」と訪問看護師に相談があった。,,
訪問看護師が妻に指導する内容で最も優先度が高いのはどれか。",予備の電源の選び方,福祉避難所への移動手段,災害用持ち出し物品の準備,足踏み式吸引器の使用方法,,A,,false,,false,notebooklm,2026-04-05T01:24:41.684Z
2018_nrs_18_pm118,nursing,2018,118,4.救急看護、クリティカルケア,B.救急看護・クリティカルケアの基本,ショックへの対応,3,Aさんの状態で考えられるのはどれか。,出血性ショック,イレウス,低血糖,脱　水,,A,,false,,false,notebooklm,2026-04-05T01:24:41.684Z
2018_nrs_18_pm119,nursing,2018,119,5.療養の場に応じた地域・在宅看護,B.療養の場の移行に伴う看護,入退院支援,3,"Aさんは緊急入院となり、医師から「少なくとも2週間程度の入院が必要です」と説明を受けた。立ち会っていた看護師長にAさんは「最近、父の物忘れがひどくて、1人でどこかに行ってしまったこともあるので、家に帰せません。何とかなりませんか」と訴えた。父親は要介護認定を受けているが、現在は介護保険サービスを利用せず、Aさんが介護をしながら生活していた。,,
Aさんの父親に対する看護師長の対応で適切なのはどれか。",自院への入院を調整する。,地域包括支援センターに相談する。,精神保健福祉センターに相談する。,特別養護老人ホームに入所相談する。,,B,,false,,false,notebooklm,2026-04-05T01:24:41.684Z
2018_nrs_18_pm120,nursing,2018,120,9.終末期にある患者および緩和ケアを必要とする患者と家族への看護,B.エンド・オブ・ライフ・ケア＜end-of-life care＞,アドバンス・ケア・プランニング＜ACP＞,3,"Aさんは、医師から「検査の結果、スキルス胃癌でした。膵臓や広範囲な腹膜への転移があって手術ができない状態でした。おそらく余命半年だと思います」と告知され、1週後に退院となった。退院後3か月、Aさんは外来看護師に「ずいぶん腰痛と腹痛がひどく、腹水が溜まって動くのも大変になってきました。最期は人工呼吸器の装着など延命をしたくないのですが、それを意識がなくなったあとにも医師に伝える方法はありますか」と尋ねた。そこで、看護師はAさんにリビングウィルの説明をすることにした。,,
Aさんに対して看護師が行うリビングウィルの説明で正しいのはどれか。",「法律で定められた文書です」,「父親のグリーフケアに必要な書類です」,「Aさんの自由意思で作成することができます」,「一度作成すると内容を変更することはできません」,,C,,false,,false,notebooklm,2026-04-05T01:24:41.684Z
2019_nrs_19_am001,nursing,2019,1,1. 健康の定義と理解,B.健康に関する指標,死因の概要,3,平成29年（2017年）の人口動態統計における主要死因別の死亡率で心疾患の順位はどれか。,1位,2位,3位,4位,,B,,false,,false,notebooklm,2026-04-05T01:24:41.684Z
2019_nrs_19_am002,nursing,2019,2,2. 健康に影響する要因,A.生活行動・習慣,活動と運動、レクリエーション,3,運動習慣が身体機能にもたらす効果はどれか。,肺活量の減少,耐糖能の低下,免疫力の向上,中性脂肪の増加,,C,,false,,false,notebooklm,2026-04-05T01:24:41.684Z
2019_nrs_19_am003,nursing,2019,3,3.看護で活用する社会保障,B.介護保険制度の基本,被保険者,3,"介護保険の第2号被保険者は、（　）歳以上65歳未満の医療保険加入者である。,,
（　）に入る数字はどれか。",30,40,50,60,,B,,false,,false,notebooklm,2026-04-05T01:24:41.684Z
2019_nrs_19_am004,nursing,2019,4,3.看護で活用する社会保障,A.医療保険精度の基本,給付の内容,3,健康保険法による療養の給付の対象はどれか。,手　術,健康診査,予防接種,人間ドック,,A,,false,,false,notebooklm,2026-04-05T01:24:41.684Z
2019_nrs_19_am005,nursing,2019,5,7. 人間のライフサイクル各期の特徴と生活,E.思春期,第二次性徴,3,第二次性徴の発現に関与するホルモンはどれか。,抗利尿ホルモン＜ADH＞,黄体形成ホルモン＜LH＞,副甲状腺ホルモン＜PTH＞,甲状腺刺激ホルモン＜TSH＞,,B,,false,,false,notebooklm,2026-04-05T01:24:41.684Z
2019_nrs_19_am006,nursing,2019,6,10. 人体の構造と機能,A.人体の基本的な構造と正常な機能,妊娠・分娩・産褥の経過,3,児の吸啜刺激によって分泌が亢進し、分娩後の母体の子宮筋の収縮を促すのはどれか。,オキシトシン,プロラクチン,テストステロン,プロゲステロン,,A,,false,,false,notebooklm,2026-04-05T01:24:41.684Z
2019_nrs_19_am007,nursing,2019,7,1. 健康の定義と理解,B.健康に関する指標,世帯数,3,平成29年（2017年）の国民生活基礎調査における平均世帯人数はどれか。,1.47,2.47,3.47,4.47,,B,,false,,false,notebooklm,2026-04-05T01:24:41.684Z
2019_nrs_19_am008,nursing,2019,8,4.地域・在宅看護実践をめぐる制度の概要,B.地域・在宅看護におけるサービス体系の理解,施設系サービス（入所、短期入所）,3,レスパイトケアの目的はどれか。,介護者の休息,介護者同士の交流,介護者への療養指導,療養者の自己決定支援,,A,,false,,false,notebooklm,2026-04-05T01:24:41.685Z
2019_nrs_19_am009,nursing,2019,9,10. 人体の構造と機能,B.人間の死,死の三徴候,3,死の三徴候に含まれるのはどれか。,筋の弛緩,角膜の混濁,呼吸の停止,呼名反応の消失,,C,,false,,false,notebooklm,2026-04-05T01:24:41.685Z
2019_nrs_19_am010,nursing,2019,10,10. 人体の構造と機能,A.人体の基本的な構造と正常な機能,運動系,3,球関節はどれか。,肩関節,膝関節,下橈尺関節,手根中手関節,,A,,false,,false,notebooklm,2026-04-05T01:24:41.685Z
2019_nrs_19_am011,nursing,2019,11,10. 人体の構造と機能,A.人体の基本的な構造と正常な機能,呼吸器系,3,健康な成人の1回換気量はどれか。,約150mL,約350mL,約500mL,"約1,000mL",,C,,false,,false,notebooklm,2026-04-05T01:24:41.685Z
2019_nrs_19_am012,nursing,2019,12,11. 徴候と疾患,A.主要な症状と徴候,不整脈,3,脳塞栓症を生じやすい不整脈はどれか。,心室頻拍,心房細動,心房性期外収縮,完全房室ブロック,,B,,false,,false,notebooklm,2026-04-05T01:24:41.685Z
2019_nrs_19_am013,nursing,2019,13,11. 徴候と疾患,C.基本的な臨床検査値の評価,血液学検査,3,貧血を診断する際の指標となる血液検査項目はどれか。,アルブミン＜Alb＞,ヘモグロビン＜Hb＞,フィブリノゲン,プロトロンビン時間＜PT＞,,B,,false,,false,notebooklm,2026-04-05T01:24:41.685Z
2019_nrs_19_am014,nursing,2019,14,12. 薬物の作用とその管理,B.薬物の管理,保存・管理方法,3,"医薬品、医療機器等の品質、有効性及び安全性の確保等に関する法律＜医薬品医療機器等法＞による毒薬の表示を別に示す。,,
正しいのはどれか。",A,B,C,D,,D,,false,,false,notebooklm,2026-04-05T01:24:41.685Z
2019_nrs_19_am015,nursing,2019,15,13. 看護における基本技術,C.フィジカルアセスメント,バイタルサインの観察,3,成人の橈骨動脈における脈拍の測定方法で正しいのはどれか。,&#160;,&#160;,&#160;,&#160;,,B,,false,,false,notebooklm,2026-04-05T01:24:41.685Z
2019_nrs_19_am016,nursing,2019,16,14. 日常生活援助技術,A.食事,誤嚥の予防,3,誤嚥しやすい患者の食事の援助で適切なのはどれか。,食材は細かく刻む。,水分の摂取を促す。,粘りの強い食品を選ぶ。,頸部を前屈した体位をとる。,,D,,false,,false,notebooklm,2026-04-05T01:24:41.685Z
2019_nrs_19_am017,nursing,2019,17,14. 日常生活援助技術,D.清潔,陰部洗浄,3,陰部洗浄に使用する湯の温度で最も適切なのはどれか。,30～31℃,34～35℃,38～39℃,42～43℃,,C,,false,,false,notebooklm,2026-04-05T01:24:41.685Z
2019_nrs_19_am018,nursing,2019,18,15. 患者の安全・安楽を守る看護技術,C.感染対策対策,無菌操作,3,滅菌物の取り扱いで正しいのはどれか。,鉗子の先端は水平より高く保つ。,鑷子の先端を閉じた状態で取り出す。,滅菌パックはハサミを用いて開封する。,滅菌包みは布の内側の端を手でつまんで開く。,,B,,false,,false,notebooklm,2026-04-05T01:24:41.685Z
2019_nrs_19_am019,nursing,2019,19,16. 診療に伴う看護技術,F.救命救急処置,直流除細動器,3,直流除細動器の使用目的はどれか。,血圧の上昇,呼吸の促進,洞調律の回復,意識レベルの回復,,C,,false,,false,notebooklm,2026-04-05T01:24:41.685Z
2019_nrs_19_am020,nursing,2019,20,16. 診療に伴う看護技術,A.栄養法,経管・経腸栄養法,3,経鼻経管栄養法を受ける成人患者の体位で適切なのはどれか。,砕石位,半坐位,腹臥位,Sims＜シムス＞位,,B,,false,,false,notebooklm,2026-04-05T01:24:41.685Z
2019_nrs_19_am021,nursing,2019,21,11. 徴候と疾患,B.主要な疾患による健康障害,がん,3,胃がんのVirchow＜ウィルヒョウ＞転移が生じる部位はどれか。,腋　窩,鼠径部,右季肋部,左鎖骨上窩,,D,,false,,false,notebooklm,2026-04-05T01:24:41.685Z
2019_nrs_19_am022,nursing,2019,22,5.診療に伴う看護技術,B.皮膚・創傷管理,洗浄、保護、包帯法,3,"包帯の巻き方を別に示す。,,
環行帯の巻き方で正しいのはどれか。",A,B,C,D,,A,,false,,false,notebooklm,2026-04-05T01:24:41.685Z
2019_nrs_19_am023,nursing,2019,23,16. 診療に伴う看護技術,B.薬物療法,予約方法,3,皮下注射で適切なのはどれか。,注射部位を伸展する。,注射針は18～20Gを使用する。,針の刺入角度は45～90度にする。,皮下脂肪が5mm以上の部位を選択する。,,D,,false,,false,notebooklm,2026-04-05T01:24:41.685Z
2019_nrs_19_am024,nursing,2019,24,10. 人体の構造と機能,A.人体の基本的な構造と正常な機能,免疫系,3,細菌感染による急性炎症で最初に反応する白血球はどれか。,単　球,好酸球,好中球,好塩基球,リンパ球,C,,false,,false,notebooklm,2026-04-05T01:24:41.685Z
2019_nrs_19_am025,nursing,2019,25,1. 健康の定義と理解,C.受療状況,有訴者の状況,3,平成28年（2016年）の国民生活基礎調査で、男性の有訴者の症状が最も多いのはどれか。,腰　痛,もの忘れ,体がだるい,目のかすみ,手足の関節が痛む,A,,false,,false,notebooklm,2026-04-05T01:24:41.685Z
2019_nrs_19_am026,nursing,2019,26,6.循環器系,A.心臓の構造と機能,心臓の構造,3,固有心筋の特徴はどれか。,平滑筋である。,骨格筋よりも不応期が短い。,活動電位にプラトー相がみられる。,筋層は右心室の方が左心室より厚い。,,C,,false,,false,notebooklm,2026-04-05T01:24:41.685Z
2019_nrs_19_am027,nursing,2019,27,5.呼吸機能,A.呼吸器系の疾患の病態と診断・治療,腫瘍（肺癌、中皮腫）,3,小細胞癌で正しいのはどれか。,患者数は非小細胞癌より多い。,肺末梢側に発生しやすい。,悪性度の低い癌である。,治療は化学療法を行う。,,D,,false,,false,notebooklm,2026-04-05T01:24:41.685Z
2019_nrs_19_am028,nursing,2019,28,4.疾病にたいする医療,A.診断の基本と方法,画像検査,3,脳梗塞を最も早期に検出できる画像検査はどれか。,シンチグラフィ,磁気共鳴画像＜MRI＞,磁気共鳴血管画像＜MRA＞,コンピュータ断層撮影＜CT＞,,B,,false,,false,notebooklm,2026-04-05T01:24:41.685Z
2019_nrs_19_am029,nursing,2019,29,4.社会保険制度の基本,B.医療保険制度,被用者保険、国民健康保険公費医療制度,3,公費医療と法の組合せで正しいのはどれか。,未熟児の養育医療 -- 医療法,結核児童の療養給付 -- 児童福祉法,麻薬中毒者の措置入院 -- 精神保健及び精神障害者福祉に関する法律＜精神保健福祉法＞,定期予防接種による健康被害の救済措置 -- 感染症の予防及び感染症の患者に対する医療に関する法律＜感染症法＞,,B,,false,,false,notebooklm,2026-04-05T01:24:41.685Z
2019_nrs_19_am030,nursing,2019,30,3.看護における基本技術,F.感染防止対策,感染性廃棄物の取り扱い,3,廃棄する物とその区分との組合せで正しいのはどれか。,滅菌パックの袋 -- 産業廃棄物,エックス線フィルム -- 一般廃棄物,血液の付着したメスの刃 -- 感染性産業廃棄物,pH12.5以上のアルカリ性の廃液 -- 感染性一般廃棄物,,C,,false,,false,notebooklm,2026-04-05T01:24:41.685Z
2019_nrs_19_am031,nursing,2019,31,2.看護の展開,A.対象との関係の形成,援助関係,3,患者と看護師の間の専門的な援助関係で適切なのはどれか。,自然発生的に成立する。,援助方法は看護師に一任される。,患者のニーズに焦点がおかれる。,日常的な会話を中心に展開する。,,C,,false,,false,notebooklm,2026-04-05T01:24:41.685Z
2019_nrs_19_am032,nursing,2019,32,3.看護における基本技術,F.感染防止対策,手洗い、消毒、滅菌法、無菌操作,3,細菌の芽胞を死滅させるのはどれか。,紫外線,ポビドンヨード,70％アルコール,酸化エチレンガス,,D,,false,,false,notebooklm,2026-04-05T01:24:41.685Z
2019_nrs_19_am033,nursing,2019,33,3.看護における基本技術,F.感染防止対策,標準予防策＜スタンダードプリコーション＞と感染経路別予防策,3,"クロストリジウム・ディフィシレ（ディフィシル）による下痢を発症している患者の陰部洗浄をベッド上で行う際の個人防護具を着用した看護師の写真を別に示す。,,
適切なのはどれか。",A,B,C,D,,D,,false,,false,notebooklm,2026-04-05T01:24:41.685Z
2019_nrs_19_am034,nursing,2019,34,3.看護における基本技術,G.安全管理＜セーフティマネジメント＞,医療安全の概念,3,インシデントレポートで適切なのはどれか。,責任追及のためには使用されない。,インシデントの発生から1か月後に提出する。,主な記述内容はインシデントの再発防止策である。,実施前に発見されたインシデントの報告は不要である。,,A,,false,,false,notebooklm,2026-04-05T01:24:41.685Z
2019_nrs_19_am035,nursing,2019,35,4.日常生活援助技術,E.休息と睡眠,休息と睡眠に影響する要因休息と睡眠のアセスメント,3,成人の睡眠で正しいのはどれか。,レム睡眠中は骨格筋が弛緩する。,入眠前の喫煙は睡眠導入時間を短くする。,ノンレム睡眠中はエネルギー代謝が亢進する。,睡眠周期は90分のレム睡眠と数分のノンレム睡眠を繰り返す。,,A,,false,,false,notebooklm,2026-04-05T01:24:41.685Z
2019_nrs_19_am036,nursing,2019,36,7.リハビリテーションの特徴と看護,C.障害に対する受容と適応への看護,廃用症候群の予防,3,片麻痺のある成人の臥床患者の患側の良肢位で適切なのはどれか。,肩関節は内転10度,肘関節は屈曲10度,股関節は外転10度,足関節は背屈10度,,C,,false,,false,notebooklm,2026-04-05T01:24:41.685Z
2019_nrs_19_am037,nursing,2019,37,5.診療に伴う看護技術,F. 生体機能のモニタリング,経皮的動脈血酸素飽和度＜SpO2＞の測定、血糖測定,3,クリップ式のプローブを用いて手指で経皮的動脈血酸素飽和度＜SpO2＞を測定する方法で適切なのはどれか。,同じ指で24時間連続で測定する。,マニキュアをしたままで測定する。,装着部位に冷感がある場合は温める。,指を挟んだプローブはテープで固定する。,,C,,false,,false,notebooklm,2026-04-05T01:24:41.685Z
2019_nrs_19_am038,nursing,2019,38,3.看護における基本技術,E.フィジカルアセスメント,全身の診察（全身の観察、バイタルサイン）,3,"熱型を図に示す。,,
熱型の種類と図の組合せで正しいのはどれか。",間欠熱 -- A,稽留熱 -- B,弛張熱 -- C,波状熱 -- D,,B,,true,,false,notebooklm,2026-04-05T01:24:41.685Z
2019_nrs_19_am039,nursing,2019,39,5.診療に伴う看護技術,C.与薬,与薬方法と効果の観察,3,薬の内服方法における頓用で正しいのはどれか。,週に1回服用する。,食事の前に服用する。,指定された時間に服用する。,症状が現れたときに服用する。,,D,,false,,false,notebooklm,2026-04-05T01:24:41.685Z
2019_nrs_19_am040,nursing,2019,40,1.成人の特徴と生活,A.成人期の発達の特徴,身体的・心理的・社会的な特徴,3,壮年期の身体的特徴で正しいのはどれか。,運動耐久力の向上,明暗順応の低下,持久力の向上,臓器の萎縮,,B,,false,,false,notebooklm,2026-04-05T01:24:41.685Z
2019_nrs_19_am041,nursing,2019,41,3.急性期にある患者と家族の看護,A.急性期にある患者と家族の特徴,身体的特徴心理的特徴,3,急性期患者の生体反応で正しいのはどれか。,異化が亢進する。,症状の変化は緩やかである。,サイトカイン分泌が低下する。,副腎皮質ホルモンの分泌が低下する。,,A,,false,,false,notebooklm,2026-04-05T01:24:41.685Z
2019_nrs_19_am042,nursing,2019,42,5.周術期にある患者と家族の看護,B.術中の看護,手術方法による影響と援助手術体位による影響と援助麻酔による影響と援助,3,砕石位による手術で起こりやすい合併症はどれか。,猿　手,尖　足,下垂手,腸骨部の褥瘡,,B,,false,,false,notebooklm,2026-04-05T01:24:41.685Z
2019_nrs_19_am043,nursing,2019,43,11.循環機能障害のある患者の看護,C.治療を受ける患者への看護,ペースメーカー,3,ペースメーカー植込みの有無を事前に確認すべき検査はどれか。,超音波検査,エックス線撮影,骨シンチグラフィ,磁気共鳴画像＜MRI＞,,D,,false,,false,notebooklm,2026-04-05T01:24:41.685Z
2019_nrs_19_am044,nursing,2019,44,13.栄養代謝機能障害のある患者の看護,C.治療を受ける患者への看護,肝動脈塞栓術,3,肝動脈塞栓術＜TAE＞の適応となる疾患はどれか。,脂肪肝,急性A型肝炎,肝細胞癌＜HCC＞,アメーバ性肝膿瘍,,C,,false,,false,notebooklm,2026-04-05T01:24:41.685Z
2019_nrs_19_am045,nursing,2019,45,16.身体防御機能の障害のある患者の看護,D.病期や機能障害に応じた看護,ヒト免疫不全ウイルス<HIV>感染症,3,ヒト免疫不全ウイルス＜HIV＞に感染している患者で、後天性免疫不全症候群＜AIDS＞の状態にあると判断できる疾患はどれか。,季節性インフルエンザ,ニューモシスチス肺炎,ノロウイルス性腸炎,単純性膀胱炎,,B,,false,,false,notebooklm,2026-04-05T01:24:41.685Z
2019_nrs_19_am046,nursing,2019,46,17.脳・神経機能障害のある患者の看護,D.病期や機能障害に応じた看護,脳炎、髄膜炎,3,細菌性髄膜炎の症状はどれか。,羞　明,羽ばたき振戦,Raynaud＜レイノー＞現象,Blumberg＜ブルンベルグ＞徴候,,A,,false,,false,notebooklm,2026-04-05T01:24:41.685Z
2019_nrs_19_am047,nursing,2019,47,9.造血機能,A.血液・造血器の疾患の病態と診断・治療,貧血（鉄欠乏性貧血、巨赤芽球性貧血、溶血性貧血、骨髄異形成症候群、二次性貧血）,3,"貧血を伴う患者の爪の写真を別に示す。,,
欠乏している栄養素はどれか。",ビタミンB<sub>12</sub>,ビタミンC,葉　酸,鉄,,D,,false,,false,notebooklm,2026-04-05T01:24:41.685Z
2019_nrs_19_am048,nursing,2019,48,15.内分泌機能障害のある患者の看護,A.原因と障害の程度のアセスメントと看護,下垂体機能障害,3,手術後に無排卵になるのはどれか。,脳下垂体全摘出術,単純子宮摘出術,低位前方切除術,片側卵巣切除術,,A,,false,,false,notebooklm,2026-04-05T01:24:41.685Z
2019_nrs_19_am049,nursing,2019,49,2.高齢者の生活,A.高齢者の機能と評価,心理・情緒機能の評価,3,被験者が図形を描き写す内容が含まれる認知機能の評価はどれか。,認知症高齢者の日常生活自立度判定基準,Mini-Mental State Examination＜MMSE＞,高齢者の総合機能評価CGA簡易版＜CGA7＞,改訂長谷川式簡易知能評価スケール＜HDS-R＞,,B,,false,,false,notebooklm,2026-04-05T01:24:41.685Z
2019_nrs_19_am050,nursing,2019,50,3.高齢者の健康,B.老年期における身体機能の変化,免疫系,3,老化による免疫機能の変化はどれか。,胸腺の肥大,T細胞の増加,獲得免疫の反応の低下,炎症性サイトカインの産生の減少,,C,,false,,false,notebooklm,2026-04-05T01:24:41.685Z
2019_nrs_19_am051,nursing,2019,51,5.高齢者の生活を支える看護,G.高齢者における性＜セクシュアリティ＞,高齢者にとっての性＜セクシュアリティ＞の理解と対応,3,高齢者の性について正しいのはどれか。,女性の性交痛は起こりにくくなる。,男性は性ホルモンの分泌量が保たれる。,高齢になると異性に対する羞恥心は減退する。,セクシュアリティの尊重はQOLの維持に影響する。,,D,,false,,false,notebooklm,2026-04-05T01:24:41.685Z
2019_nrs_19_am052,nursing,2019,52,6.さまざまな健康状態や受療状況に応じた高齢者の看護,H.薬物治療を受ける高齢者の看護,高齢者の薬物動態の特徴高齢者の服薬行動の特徴ポリファーマシー,3,老化による身体機能の変化と薬物動態への影響との組合せで正しいのはどれか。,血中蛋白の低下 -- 薬効の減少,腎血流量の低下 -- 薬効の減少,肝血流量の低下 -- 薬効の増大,消化機能の低下 -- 薬効の増大,,C,,false,,false,notebooklm,2026-04-05T01:24:41.685Z
2019_nrs_19_am053（不備問題複数回答）,nursing,2019,0,老年看護学,,,3,軽度認知障害で正しいのはどれか。,一過性の障害である。,実行機能障害がある。,物忘れを自覚している。,日常生活動作＜ADL＞が障害される。,,B,C,,false,,false,notebooklm,2026-04-05T01:24:41.685Z
2019_nrs_19_am054,nursing,2019,54,9.多様な場で生活する高齢者を支える看護,F.多職種連携、チームアプローチ,多職種の中での専門性の発揮目標達成に向けた連携の方法,3,認知症が疑われる人や認知症の人およびその家族を訪問し、複数の専門職でアセスメントや自立生活の支援を行うのはどれか。,成年後見人,介護認定審査会,認知症対応型通所介護,認知症初期集中支援チーム,,D,,false,,false,notebooklm,2026-04-05T01:24:41.685Z
2019_nrs_19_am055,nursing,2019,55,2.子どもの成長・発達,B.子どもの成長・発達のアセスメント,発達検査,3,日本で用いているDENVERⅡ（デンバー発達判定法）で6か月児の90％ができるのはどれか。,寝返りをする。,積み木をもちかえる。,喃語様のおしゃべりをする。,自分で食べ物を口へもっていく。,,A,,false,,false,notebooklm,2026-04-05T01:24:41.685Z
2019_nrs_19_am056,nursing,2019,56,3.小児各期における健康増進のための子どもと家族への看護,F.感染症と予防,予防接種,3,幼児を対象とする定期予防接種はどれか。,DTワクチン（二種混合）,ロタウイルスワクチン,BCGワクチン,水痘ワクチン,,D,,false,,false,notebooklm,2026-04-05T01:24:41.685Z
2019_nrs_19_am057,nursing,2019,57,2.子どもの成長・発達,C.小児期における成長・発達の特徴,大泉門、小泉門,3,大泉門の説明で正しいのはどれか。,2歳まで増大する。,陥没している場合は髄膜炎を疑う。,閉鎖が早すぎる場合は小頭症を疑う。,頭頂骨と後頭骨に囲まれた部分である。,,C,,false,,false,notebooklm,2026-04-05T01:24:41.685Z
2019_nrs_19_am058,nursing,2019,58,7.急性期にある子どもと家族への看護,B.救急救命処置が必要な子どもと家族への看護,子どもの一次救命処置＜BLS＞,3,幼児の心肺蘇生における胸骨圧迫の方法で正しいのはどれか。,胸骨中央下部を圧迫する。,実施者の示指と中指とで行う。,1分間に60回を目安に行う。,1回の人工呼吸につき3回行う。,,A,,false,,false,notebooklm,2026-04-05T01:24:41.685Z
2019_nrs_19_am059,nursing,2019,59,1.細胞と組織,C.細胞分裂,減数分裂,3,配偶子の形成で正しいのはどれか。,卵子の形成では減数分裂が起こる。,精子の形成では極体の放出が起こる。,成熟卵子はXまたはY染色体をもつ。,精子は23本の常染色体と1本の性染色体をもつ。,,A,,false,,false,notebooklm,2026-04-05T01:24:41.685Z
2019_nrs_19_am060,nursing,2019,60,3.女性のライフサイクル各期における看護,A.思春期・成熟期女性の健康維持への看護,第二次性徴,3,女子の思春期の特徴で正しいのはどれか。,9歳で初経が発来する。,月経開始後に身長の発育が加速する。,陰毛が発生した後に乳房の発育が始まる。,性腺刺激ホルモン放出ホルモン＜GnRH＞によって月経が開始する。,,D,,false,,false,notebooklm,2026-04-05T01:24:41.685Z
2019_nrs_19_am061,nursing,2019,61,4.妊娠期の看護,E.妊娠期のケアに必要な技術,胎児心拍数陣痛図、ノンストレステスト＜NST＞胎児の超音波断層法の介助,3,妊娠37週の妊婦の胎児心拍数陣痛図の所見で正常なのはどれか。,胎児心拍数基線が110～160bpmである。,胎児心拍数基線細変動を認めない。,一過性頻脈を認めない。,一過性徐脈を認める。,,A,,false,,false,notebooklm,2026-04-05T01:24:41.685Z
2019_nrs_19_am062,nursing,2019,62,6.産褥期の看護,B.褥婦の健康と生活のアセスメント,子宮復古,3,子宮復古状態を観察する手順で正しいのはどれか。,観察は排尿前に行う。,褥婦にはFowler＜ファウラー＞位をとってもらう。,褥婦の膝を伸展させて子宮底の高さを測定する。,子宮底長は恥骨結合下縁から測定する。,,C,,false,,false,notebooklm,2026-04-05T01:24:41.685Z
2019_nrs_19_am063,nursing,2019,63,9.保健活動の基盤と制度,B.母子保健,健康診査、健康教育,3,正常に経過している妊娠36週の妊婦が、次に妊婦健康診査を受診する時期として推奨されるのはどれか。,4週後,3週後,2週後,1週後,,D,,false,,false,notebooklm,2026-04-05T01:24:41.685Z
2019_nrs_19_am064,nursing,2019,64,1.精神保健の基本,E.災害時の精神保健,災害派遣精神医療チーム＜DPAT＞,3,災害派遣精神医療チーム＜DPAT＞で正しいのはどれか。,厚生労働省が組織する。,被災地域の精神科医療機関と連携する。,発災1か月後に最初のチームを派遣する。,派遣チームの食事は被災自治体が用意する。,,B,,false,,false,notebooklm,2026-04-05T01:24:41.685Z
2019_nrs_19_am065,nursing,2019,65,6.精神保健医療福祉の変遷と法や施策,B.精神保健医療福祉の変遷と看護,日本における精神医療の変遷,3,平成16年（2004年）に示された精神保健医療福祉の改革ビジョンの内容で正しいのはどれか。,地域生活支援の強化,任意入院制度の新設,医療保護入院の明確化,精神障害者の定義の見直し,,A,,false,,false,notebooklm,2026-04-05T01:24:41.685Z
2019_nrs_19_am066,nursing,2019,66,2.主な精神疾患・障害の特徴と看護,C.統合失調症、統合失調症型障害および妄想性障害,臨床検査および心理検査と看護薬物療法と看護,3,"Aさん（25歳、男性）は、統合失調症と診断された。抗精神病薬の内服を開始した2日後、Aさんはそわそわして落ち着かず「足がムズムズする」と歩き回るようになった。,,
Aさんにみられている状態はどれか。",アカシジア,ジストニア,ジスキネジア,ミオクローヌス,,A,,false,,false,notebooklm,2026-04-05T01:24:41.685Z
2019_nrs_19_am067,nursing,2019,67,6.精神保健医療福祉の変遷と法や施策,A.患者の権利擁護＜アドボカシー＞,隔離、身体拘束,3,精神保健及び精神障害者福祉に関する法律＜精神保健福祉法＞に定められている隔離について正しいのはどれか。,隔離の理由は解除する時に患者に説明する。,開始した日時とその理由を診療録に記載する。,隔離室には同時に2人の患者まで入室可能である。,行動制限最小化委員会で開始の必要性を判断する。,,B,,false,,false,notebooklm,2026-04-05T01:24:41.685Z
2019_nrs_19_am068,nursing,2019,68,3.地域・在宅看護における安全と健康危機管理,A.在宅療養者の日常生活における安全管理,転倒・転落の防止,3,"Aさん（82歳、女性）は、要支援2である。,,
Aさんの屋内での転倒予防と自立の促進のため、自宅で介護する家族への指導で適切なのはどれか。",車椅子での移動とする。,移動時にスリッパを使用する。,手すりがない場所での歩行を避ける。,移動の前に立ちくらみの有無を確認する。,,D,,false,,false,notebooklm,2026-04-05T01:24:41.685Z
2019_nrs_19_am069,nursing,2019,69,4.地域・在宅看護実践をめぐる制度の概要,A.訪問看護制度の理解,訪問看護の対象と提供方法,3,"Aさん（68歳、男性）は、筋萎縮性側索硬化症＜ALS＞のため在宅療養中で、気管切開下で人工呼吸器を使用し、要介護5の認定を受けている。,,
Aさんに提供される訪問看護で適切なのはどれか。",医療保険から給付される。,特別訪問看護指示書を受けて実施される。,複数の訪問看護事業所の利用はできない。,理学療法士による訪問は給付が認められない。,,A,,false,,false,notebooklm,2026-04-05T01:24:41.685Z
2019_nrs_19_am070,nursing,2019,70,7.在宅療養生活を支える看護,C.在宅療養者の排泄を支えるケア,排泄ケア計画の立案,3,"Aさん（85歳、女性）は、要支援1で介護予防通所リハビリテーションを月2回利用している。Aさんから「最近排便が3～4日に1回しかなくて、お腹が張って困っている」と通所施設の看護師に相談があった。,,
看護師が行うAさんへの便秘に対する助言で適切なのはどれか。",毎日、朝食後に便座に座る。,就寝前に水を500mL飲む。,1日1万歩を目標に歩く。,蛋白質を多めに摂る。,,A,,false,,false,notebooklm,2026-04-05T01:24:41.685Z
2019_nrs_19_am071,nursing,2019,71,7.在宅療養生活を支える看護,C.在宅療養者の排泄を支えるケア,尿道カテーテル管理,3,"Aさん（88歳、男性）は、長女（60歳、無職）と2人暮らし。障害高齢者の日常生活自立度判定基準ランクC2。仙骨部の褥瘡の治療のため、膀胱留置カテーテルを挿入することになった。,,
膀胱留置カテーテルを挿入中のAさんを介護する長女に対して、訪問看護師が指導する内容で適切なのはどれか。",「褥瘡が治癒するまでおしりは洗浄しないでください」,「体位変換ごとに蓄尿バッグを空にしてください」,「カテーテルは太ももに固定してください」,「尿に浮遊物がないか確認してください」,,D,,false,,false,notebooklm,2026-04-05T01:24:41.685Z
2019_nrs_19_am072,nursing,2019,72,4.地域・在宅看護実践をめぐる制度の概要,B.地域・在宅看護におけるサービス体系の理解,訪問系サービス通所系サービス,3,平成28年（2016年）の介護サービス施設・事業所調査における要介護度別利用者数の構成割合で、要介護5の利用者が最も多いのはどれか。,訪問介護,訪問看護,居宅介護支援,訪問入浴介護,,D,,false,,false,notebooklm,2026-04-05T01:24:41.685Z
2019_nrs_19_am073,nursing,2019,73,11.人々の健康を支える職種やサービス提供体制に関する法や施策,C.サービスの提供体制,医療法,3,医療法における医療計画で正しいのはどれか。,国が策定する。,在宅医療が含まれる。,3年ごとに見直される。,病床の整備は含まれない。,,B,,false,,false,notebooklm,2026-04-05T01:24:41.685Z
2019_nrs_19_am074,nursing,2019,74,2.災害と看護,A.災害時の医療を支えるしくみ,災害に関する法と制度,3,災害対策基本法に定められている内容で正しいのはどれか。,物資の備蓄,避難所の設置,災害障害見舞金の支給,救護班による医療の提供,,A,,false,,false,notebooklm,2026-04-05T01:24:41.685Z
2019_nrs_19_am075,nursing,2019,75,3.国際化と看護,A.グローバル化に伴う世界の健康目標と課題,世界共通の健康目標人間の安全保障,3,2015年の経済協力開発機構＜OECD＞の報告書の日本に関する記述で正しいのはどれか。,喫煙率が最も低い。,高齢化率が最も高い。,人口千人当たりの病床数が最も少ない。,国内総生産＜GDP＞に対する医療費の割合が最も高い。,,B,,false,,false,notebooklm,2026-04-05T01:24:41.685Z
2019_nrs_19_am076,nursing,2019,76,5.感覚器系,B.視覚,眼の反射と調節機能,3,眼球に入る光の量を調節するのはどれか。,角　膜,虹　彩,瞳　孔,水晶体,毛様体,B,,false,,false,notebooklm,2026-04-05T01:24:41.685Z
2019_nrs_19_am077,nursing,2019,77,12.代謝系,B.物質代謝,核酸の代謝,3,最終代謝産物に尿酸が含まれるのはどれか。,核　酸,リン脂質,中性脂肪,グルコース,コレステロール,A,,false,,false,notebooklm,2026-04-05T01:24:41.685Z
2019_nrs_19_am078,nursing,2019,78,13.泌尿器系,C.排尿,排尿反射,3,排尿時に収縮するのはどれか。,尿　管,尿　道,膀胱平滑筋,内尿道括約筋,外尿道括約筋,C,,false,,false,notebooklm,2026-04-05T01:24:41.685Z
2019_nrs_19_am079,nursing,2019,79,14.運動機能,A.運動器系の疾患の病態と診断・治療,重症筋無力症,3,重症筋無力症で正しいのはどれか。,男性に多い。,心肥大を生じる。,朝に症状が強くなる。,自己免疫疾患である。,70歳以上に好発する。,D,,false,,false,notebooklm,2026-04-05T01:24:41.685Z
2019_nrs_19_am080,nursing,2019,80,5.診療に伴う看護技術,A.呼吸、循環、体温調整,口腔内・鼻腔内・気管内吸引の適応と方法排痰法の適応と方法,3,成人の気管内吸引の方法で適切なのはどれか。,実施前に咽頭部の分泌物を吸引する。,吸引圧は-40kPa（300mmHg）に調整する。,気管チューブと同じ内径のカテーテルを用いる。,カテーテルの挿入開始から終了まで30秒で行う。,カテーテルは気管分岐部より深い位置まで挿入する。,A,,false,,false,notebooklm,2026-04-05T01:24:41.685Z
2019_nrs_19_am081,nursing,2019,81,3.神経系,C.末梢神経系の構造と機能,自律神経,3,交感神経の作用はどれか。2つ選べ。,散　瞳,精神性発汗,腸蠕動の促進,排尿筋の収縮,グリコーゲン合成の促進,A,B,,false,,true,notebooklm,2026-04-05T01:24:41.685Z
2019_nrs_19_am082,nursing,2019,82,10.呼吸器系,A.気道の構造と機能,鼻腔、咽頭、咽頭、器官、気管支,3,気管で正しいのはどれか。2つ選べ。,軟骨は筒状である。,胸骨角の高さで分岐する。,交感神経の働きで収縮する。,吸息相の気管内圧は陰圧である。,頸部では食道の背側に位置する。,B,D,,false,,true,notebooklm,2026-04-05T01:24:41.685Z
2019_nrs_19_am083,nursing,2019,83,7.栄養の摂取・消化・吸収・代謝機能,B .上部消化管の疾患の病態と診断・治療,腫瘍(食道癌、胃癌),3,食道癌で正しいのはどれか。2つ選べ。,女性に多い。,日本では腺癌が多い。,放射線感受性は低い。,飲酒は危険因子である。,胸部中部食道に好発する。,D,E,,false,,true,notebooklm,2026-04-05T01:24:41.685Z
2019_nrs_19_am084,nursing,2019,84,7.栄養の摂取・消化・吸収・代謝機能,D.肝臓・胆・膵臓の疾患の病態と診断・治療,炎症性疾患（肝炎、胆 管炎、胆囊炎、膵炎）,3,急性膵炎で正しいのはどれか。2つ選べ。,成因はアルコール性より胆石性が多い。,重症度判定には造影CTが重要である。,血中アミラーゼ値が低下する。,鎮痛薬の投与は禁忌である。,初発症状は上腹部痛である。,B,E,,false,,true,notebooklm,2026-04-05T01:24:41.685Z
2019_nrs_19_am085（不備問題複数回答）,nursing,2019,0,疾病の成り立ちと回復の促進,,,3,もやもや病で正しいのはどれか。2つ選べ。,指定難病ではない。,遺伝的要因が関与する。,病変はくも膜下腔にある。,進行性の脳血管閉塞症である。,ウイルス感染によって誘発される。,B,C,D,,false,,true,notebooklm,2026-04-05T01:24:41.685Z
2019_nrs_19_am086,nursing,2019,86,3.社会保障制度の基本,B.社会保障制度,地域包括ケアシステム,3,地域における医療及び介護の総合的な確保を推進するための関係法律の整備等に関する法律＜医療介護総合確保推進法＞で推進するのはどれか。2つ選べ。,子育て世代包括支援センター,地域包括ケアシステム,子どもの医療費の助成,地域生活支援事業,地域医療構想,B,E,,false,,true,notebooklm,2026-04-05T01:24:41.685Z
2019_nrs_19_am087,nursing,2019,87,6.健康と公衆衛生,A.公衆衛生の理念,一次予防、二次予防、三次予防,3,アルコール依存症の一次予防はどれか。2つ選べ。,年齢確認による入手経路の制限,スクリーニングテストの実施,精神科デイケアへの参加,小学生への健康教育,患者会への参加,A,D,,false,,true,notebooklm,2026-04-05T01:24:41.685Z
2019_nrs_19_am088,nursing,2019,88,11.人々の健康を支える職種やサービス提供体制に関する法や施策,C.サービスの提供体制,医療法,3,医療法で規定されているのはどれか。2つ選べ。,保健所,特定機能病院,地方衛生研究所,市町村保健センター,医療安全支援センター,B,E,,false,,true,notebooklm,2026-04-05T01:24:41.685Z
2019_nrs_19_am089,nursing,2019,89,3.基本的な病因とその成り立ち,B.生体の障害,腫瘍,3,終末期がん患者にみられる悪液質の徴候はどれか。2つ選べ。,末梢神経障害,リンパ浮腫,がん疼痛,食欲不振,体重減少,D,E,,false,,true,notebooklm,2026-04-05T01:24:41.685Z
2019_nrs_19_am090,nursing,2019,90,3.国際化と看護,A.グローバル化に伴う世界の健康目標と課題,世界共通の健康目標人間の安全保障,3,世界保健機関＜WHO＞の主要な活動はどれか。2つ選べ。,児童労働の撲滅,保健事業の技術的協力,人類の飢餓からの解放,感染症の撲滅事業の促進,労働者の労働条件の改善,B,D,,false,,true,notebooklm,2026-04-05T01:24:41.685Z
2019_nrs_19_am091,nursing,2019,91,10.呼吸機能障害のある患者の看護,A.原因と障害の程度のアセスメントと看護,酸素化障害,3,Aさんの呼吸困難の原因で考えられるのはどれか。2つ選べ。,胸　水,気　胸,貧　血,CO<sub>2</sub>ナルコーシス,呼吸性アルカローシス,A,C,,false,,true,notebooklm,2026-04-05T01:24:41.685Z
2019_nrs_19_am092,nursing,2019,92,9.終末期にある患者および緩和ケアを必要とする患者と家族への看護,B.エンド・オブ・ライフ・ケア＜end-of-life care＞,症状アセスメントとマネジメント,3,"入院後、症状緩和のためモルヒネの内服と経鼻カニューレによる酸素療法2L/分が開始された。経皮的動脈血酸素飽和度＜SpO2＞は95％前後で維持されるようになったが、Aさんは夜間の息苦しさを訴えている。,,
Aさんの呼吸困難を緩和するための体位で適切なのはどれか。",半腹臥位,右側臥位,左側臥位,セミファウラー位,,D,,false,,false,notebooklm,2026-04-05T01:24:41.685Z
2019_nrs_19_am093,nursing,2019,93,9.終末期にある患者および緩和ケアを必要とする患者と家族への看護,C.臨死期の看護,家族の悲嘆へのケア、代理意思決定支援,3,"入院後2週、Aさんの身体状態は急激に悪化し、Aさんは「息が吸えない。苦しい。何とかしてくれ」と訴え、眉間にしわを寄せて口呼吸をしている。軽度の喘鳴がみられ、経皮的動脈血酸素飽和度＜SpO2＞は88～92％（経鼻カニューレによる酸素療法2L/分）である。また、頻繁に体位を変えて落ち着きがなく、つじつまが合わない訴えと場所の見当識障害もみられる。毎日面会に来ている妻は「どうなってしまったのでしょうか。苦しそうでかわいそう」と涙ぐみ、ベッドから離れたところで座っている。,,
Aさんの妻への看護師の説明で適切なのはどれか。",「Aさんが場所を間違っても否定しないで下さい」,「口腔内吸引をするとAさんの呼吸が楽になります」,「タッチングをするとAさんの安心感につながります」,「Aさんの病状が落ち着くまで自宅で待機して下さい」,,C,,false,,false,notebooklm,2026-04-05T01:24:41.685Z
2019_nrs_19_am094,nursing,2019,94,15.内分泌機能障害のある患者の看護,D.病期や機能障害に応じた看護,2型糖尿病,3,Aさんの現在の状況のアセスメントで適切なのはどれか。,緑内障が疑われる。,運動療法が必要である。,糖尿病性神経障害が疑われる。,高蛋白質の食事摂取が必要である。,,C,,false,,false,notebooklm,2026-04-05T01:24:41.685Z
2019_nrs_19_am095,nursing,2019,95,14.内部環境（体液量、電解質、酸塩基平衡）調節機能障害のある患者の看護,D.病期や機能障害に応じた看護,慢性腎不全,3,"Aさんは、3か月前に末期腎不全の状態で腎代替療法（血液透析）が必要であると腎臓内科の医師から説明された。シャント造設のための入院を予定していたが、仕事が忙しく延期となっていた。1週前から感冒症状があり、体重増加、全身浮腫、全身倦怠感、呼吸苦が出現したため、緊急入院となった、透析用のカテーテルを挿入し、緊急血液透析を行った。,,
入院時の身体所見：体重73kg（1週間で4kg増加）、血圧178/105mmHg。,,
入院時の検査所見：Hb9.5g/dL、血清尿素窒素72mg/dL、血清クレアチニン9.0mg/dL、血清カリウム6.8mEq/L、血清ナトリウム138.5mEq/L。,,
緊急入院時のAさんの胸部エックス線写真を別に示す。,,
Aさんが緊急血液透析となった病態で正しいのはどれか。",貧　血,心不全,低カリウム血症,低ナトリウム血症,,B,,false,,false,notebooklm,2026-04-05T01:24:41.685Z
2019_nrs_19_am096,nursing,2019,96,5.社会福祉の基本,E.障害者（児）に関する制度,障害者の日常生活及び社会生活を総合的に支援するための法律＜障害者総合支援法＞,3,"Aさんは、緊急血液透析によって全身状態が改善した。その後、シャント造設術を受け、週3回の血液透析となり、退院後は職場に近いクリニックで維持血液透析を受けることが決定した。Aさんから、退院後の生活について「仕事に復帰予定ですが、医療費の支払いが心配です」と発言があった。,,
維持血液透析により身体障害者手帳を取得したAさんが利用できる医療費助成制度はどれか。",医療扶助,自立支援医療,訪問看護療養費,認定疾病に対する医療の給付,,B,,false,,false,notebooklm,2026-04-05T01:24:41.685Z
2019_nrs_19_am097,nursing,2019,97,3.看護における基本技術,G.安全管理＜セーフティマネジメント＞,転倒・転落の予防と対策,3,Aさんの病室環境で適切なのはどれか。,座った時に膝関節が90度になる高さにベッドを調整する。,点滴スタンドをベッドに固定する。,ポータブルトイレを設置する。,離床センサーを設置する。,,A,,false,,false,notebooklm,2026-04-05T01:24:41.685Z
2019_nrs_19_am098,nursing,2019,98,17.精神機能,A.精神・心身の疾患の病態と診断・治療,せん妄,3,"入院後2日、妻がAさんについて「入院してからよく寝ています。時々ここが病院だとわからないようです。話しかけても気づかず、天井を眺めていることもあるし、しゃべり続けることもあります」と看護師に訴えた。Aさんのバイタルサインは、体温36.9℃、呼吸数20/分、脈拍88/分、血圧144/80mmHg。,,
Aさんの状態で最も考えられるのはどれか。",うつ病,せん妄,ナルコレプシー,急性ストレス反応,,B,,false,,false,notebooklm,2026-04-05T01:24:41.685Z
2019_nrs_19_am099,nursing,2019,99,12.消化・吸収機能障害のある患者への看護,D.病期や機能障害に応じた看護,胆管炎、胆石症,3,"入院後3週、Aさんは症状が改善し、退院することになった。Aさんは「退院したら孫たちと温泉旅行をして、おいしいものをたくさん食べることが楽しみです。何か気を付けることはありますか」と看護師に話した。,,
退院時のAさんへの指導で適切なのはどれか。",「上腹部の痛みがあったら受診してください」,「食事内容の制限はありません」,「運動は控えてください」,「入浴しないでください」,,A,,false,,false,notebooklm,2026-04-05T01:24:41.685Z
2019_nrs_19_am100,nursing,2019,100,5.高齢者の生活を支える看護,B.高齢者の安全な活動への援助,身体機能・認知機能に応じた安全な活動の維持・拡大の支援,3,Aさんへの歩行指導で適切なのはどれか。,歩行時の方向転換は素早く行うようにする。,目線を足元に向けて歩くようにする。,足踏みをしてから歩くようにする。,歩行時はすり足で歩くようにする。,,C,,false,,false,notebooklm,2026-04-05T01:24:41.685Z
2019_nrs_19_am101,nursing,2019,101,5.高齢者の生活を支える看護,B.高齢者の安全な活動への援助,身体機能・認知機能に応じた環境の整備,3,"入所初日の夜、Aさんはトイレに行った後、入所者Bさんの部屋に入ったという夜勤者からの申し送りがあった。,,
Aさんへの対応で最も適切なのはどれか。",Aさんの部屋の前にAさんが認識しやすい目印を掲示する。,夜間は2時間ごとにAさんを起こしてトイレに誘導する。,夜間は尿器を使用することをAさんに勧める。,AさんとBさんの部屋を入れ替える。,,A,,false,,false,notebooklm,2026-04-05T01:24:41.685Z
2019_nrs_19_am102,nursing,2019,102,9.多様な場で生活する高齢者を支える看護,C.地域でサービスを利用しながら暮らす高齢者の暮らしと看護,地域密着型サービスの種類と特徴居宅サービスの種類と特徴,3,"Aさんは「もっと歩けるようになりたい。妻の負担にならずに生活できるようになりたい」と話している。,,
退所後にAさんが利用する介護給付におけるサービスで最も適切なのはどれか。",訪問介護,療養通所介護,通所リハビリテーション,認知症対応型共同生活介護＜認知症高齢者グループホーム＞,,C,,false,,false,notebooklm,2026-04-05T01:24:41.685Z
2019_nrs_19_am103,nursing,2019,103,7.急性期にある子どもと家族への看護,A.急性症状のある子どもと家族への看護,脱水,3,入院時に確認する症状はどれか。2つ選べ。,咳　嗽,腹　痛,浮　腫,発　疹,意識レベル,B,E,,false,,true,notebooklm,2026-04-05T01:24:41.685Z
2019_nrs_19_am104,nursing,2019,104,8.慢性的な疾患・障害がある子どもと家族への看護,A.先天性疾患や慢性的な経過をとる疾患をもつ子どもと家族への看護,発達に応じたセルフケア能力の獲得・自立支援,3,"入院後、インスリンの持続点滴静脈内注射が開始された。入院後3日に血糖値が安定し、インスリンの持続点滴静脈内注射が中止された。ペン型注射器によるインスリン療法が開始され、看護師は母親とA君に自己血糖測定とインスリン自己注射について説明した。A君は「自分で注射するなんてできない」と言ってインスリン自己注射の練習が進まない。,,
A君への看護師の対応で最も適切なのはどれか。",インスリン自己注射の必要性を繰り返し説明する。,A君が納得するまで母親にインスリン注射をしてもらう。,インスリン自己注射ができるようになったら退院できると話す。,インスリン自己注射をしている同年代の糖尿病患児と話す機会を作る。,,D,,false,,false,notebooklm,2026-04-05T01:24:41.685Z
2019_nrs_19_am105,nursing,2019,105,8.慢性的な疾患・障害がある子どもと家族への看護,A.先天性疾患や慢性的な経過をとる疾患をもつ子どもと家族への看護,セルフケア能力の獲得のための養育と家族への支援,3,"A君と母親は、自己血糖測定とインスリン自己注射に関する手技を身につけて退院し、外来通院となった。退院後2か月、A君と母親が定期受診で来院した際、看護師がA君に生活の様子を尋ねたところ「学校では血糖測定もインスリン注射もやっているよ。給食は楽しみで好き嫌いなく食べているよ」と話した。母親は「帰宅時に時々手の震えや空腹感を訴え、血糖を測定すると60mg/dL台のことがあり、自分で補食を選んで食べています。なぜ日によって低血糖になることがあるのでしょうか」と話している。,,
看護師がA君の低血糖の原因をアセスメントする際に優先して収集すべき情報はどれか。",インスリン自己注射に対するA君の認識,学校内でインスリン自己注射を行う場所,学校での運動量,給食の摂取量,,C,,false,,false,notebooklm,2026-04-05T01:24:41.685Z
2019_nrs_19_am106,nursing,2019,106,4.妊娠期の看護,A.正常な妊娠経過と妊娠期の異常,妊娠の経過と胎児の発育,3,このときのAさんの状態で正しいのはどれか。,陣痛発来,正常な妊娠経過,胎児発育不全＜FGR＞,妊娠高血圧症候群＜HDP＞,,B,,false,,false,notebooklm,2026-04-05T01:24:41.685Z
2019_nrs_19_am107,nursing,2019,107,4.妊娠期の看護,B.妊婦の健康生活とアセスメント,妊娠による不快症状（マイナートラブル）,3,"妊婦健康診査後、Aさんは「数日前から頻回に尿意を感じるようになり、夜間もトイレへ行くために目が覚め、よく眠れない」と看護師に訴えてきた。Aさんに排尿時痛および残尿感はない。,,
Aさんへの看護師の対応で適切なのはどれか。",水分摂取を促す。,骨盤底筋群の運動を促す。,分娩後には改善する可能性が高いと説明する。,睡眠薬の処方について医師に相談すると伝える。,,C,,false,,false,notebooklm,2026-04-05T01:24:41.685Z
2019_nrs_19_am108,nursing,2019,108,4.妊娠期の看護,C.妊婦と家族への看護,育児の準備,3,"Aさんは「初めての育児なので不安です。実家の母が手伝いに来てくれる予定ですが、夫は忙しくていつも22時ころにならないと帰ってきません」と言う。,,
Aさんへの看護師の対応で最も適切なのはどれか。",「新生児訪問指導の時に相談してください」,「夫に早く帰ってきてもらうよう相談してください」,「実母以外にも手伝ってくれる人をみつけましょう」,「育児について不安に思っている内容を一緒に確認しましょう」,,D,,false,,false,notebooklm,2026-04-05T01:24:41.685Z
2019_nrs_19_am109,nursing,2019,109,7.早期新生児期の看護,C.早期新生児とその家族への看護,保温,3,看護師が児の体温保持のために行ったことと、それにより予防される熱の喪失経路との組合せで正しいのはどれか。,羊水をふき取ったこと -- 蒸　散,観察をインファントラジアントウォーマーの下で行ったこと -- 対　流,温めたベビー服と寝具を用いたこと -- 輻　射,風が当たらない場所にコットを配置したこと -- 伝　導,,A,,false,,false,notebooklm,2026-04-05T01:24:41.685Z
2019_nrs_19_am110,nursing,2019,110,6.産褥期の看護,C.褥婦と家族への看護,退院後の生活調整、産後のサポート,3,"生後1日。児の状態は、体温37.0℃、呼吸数48/分、心拍数120/分、呼吸音は異常なし。体重2,850g。出生後から現在までの状態は安定していた。母親も分娩時の疲労から回復し、産後の状態も安定しているため、母児同室を開始することとなった。この施設では、自律授乳を行っている。,,
母親へのオリエンテーションの内容で適切なのはどれか。",「新生児室へ行く時は、赤ちゃんをコットに寝かせて移動してください」,「沐浴の時は、赤ちゃんのネームバンドを外しましょう」,「赤ちゃんの体温は1時間おきに測ってください」,「授乳は3時間ごとにしてください」,,A,,false,,false,notebooklm,2026-04-05T01:24:41.685Z
2019_nrs_19_am111,nursing,2019,111,7.早期新生児期の看護,B.早期新生児期のアセスメント,生理的体重減少,3,"生後3日。看護師が朝の観察を行った時の児の状態は、体温37.0℃、呼吸数40/分、心拍数130/分。体重2,680g。顔面と胸部の皮膚に黄染が認められる。その他の部位は淡紅色である。手関節と足関節の皮膚に落屑がある。尿は6回/日、便は2回/日で移行便である。,,
児の状態で生理的特徴から逸脱しているのはどれか。",体　温,呼吸数,皮膚色,体重減少率,皮膚の落屑,D,,false,,false,notebooklm,2026-04-05T01:24:41.685Z
2019_nrs_19_am112,nursing,2019,112,2.主な精神疾患・障害の特徴と看護,].心理的発達の障害,臨床検査および心理検査と看護薬物療法と看護,3,看護師が入院時に聴取する情報で優先度が高いのはどれか。,業務量の変化,職場での人間関係,最近1か月の生活状況,無断欠勤に対する親の反応,,C,,false,,false,notebooklm,2026-04-05T01:24:41.685Z
2019_nrs_19_am113,nursing,2019,113,3.精神看護の対象の理解と支援のための概念,B.セルフケアへの援助,対人関係,3,"入院中のAさんは、面会や検査等の予定が急に変更になると混乱し、看護師に対して予定を繰り返し確認することがあった。,,
このときのAさんへの看護師の対応で適切なのはどれか。",文字や図を用いて説明する。,確認を繰り返す理由を尋ねる。,複数の情報を同時に提供する。,状況を考えて行動するよう説明する。,,A,,false,,false,notebooklm,2026-04-05T01:24:41.685Z
2019_nrs_19_am114,nursing,2019,114,3.精神看護の対象の理解と支援のための概念,B.セルフケアへの援助,対人関係,3,"入院後1か月、Aさんは十分な休養が得られた。退院後の職場復帰にあたり、Aさんから「仕事がうまくいかないと、すごく混乱して落ち着かなくなってしまう。そうなった時はどうしたら良いか」と看護師に相談があった。,,
Aさんへの助言で適切なのはどれか。",「混乱するAさんを職場の人がどう見ているか想像しましょう」,「多くの人からアドバイスをもらいましょう」,「混乱した原因を周囲の人に説明しましょう」,「1人で落ち着ける場所に移動しましょう」,,D,,false,,false,notebooklm,2026-04-05T01:24:41.685Z
2019_nrs_19_am115,nursing,2019,115,5.療養の場に応じた地域・在宅看護,B.療養の場の移行に伴う看護,意思決定支援,3,"Aさんは退院後に訪問診療と訪問看護を利用することになり、今後の支援の方向性を確認するため、退院前にAさんと家族も参加するカンファレンスを開催した。,,
カンファレンスで確認する内容で最も優先度が高いのはどれか。",看取りの場所,ストーマパウチの交換方法,訪問リハビリテーションの必要性,退院後の生活でAさんが行いたいこと,,D,,false,,false,notebooklm,2026-04-05T01:24:41.685Z
2019_nrs_19_am116,nursing,2019,116,6.症状・疾患・治療に応じた地域・在宅看護,C.主な治療等に応じた在宅看護,薬物療法,3,"退院後、Aさんは痛みが強くなってきたため、主治医はオキシコドン塩酸塩を増量したが、Aさんは眠気が強くなり「薬を飲みたくない」と訴えた。そのため、フェンタニル貼付剤に切り替え、レスキュー薬としてフェンタニルクエン酸塩舌下錠が処方された。,,
訪問看護師によるAさんの家族への疼痛緩和のための薬物療法の指導で適切なのはどれか。",副作用で便秘が生じた場合には貼付しない。,残ったオキシコドン塩酸塩は自宅で保管する。,レスキュー薬は使用間隔を気にせず使用してよい。,フェンタニル貼付剤の交換時に家族が貼付面に触れないようにする。,,D,,false,,false,notebooklm,2026-04-05T01:24:41.685Z
2019_nrs_19_am117,nursing,2019,117,5.療養の場に応じた地域・在宅看護,A.病期に応じた在宅療養者への看護,終末期にある在宅療養者と家族の看護,3,"退院後3か月。Aさんの食事や水分の摂取量は減り、徐々に傾眠傾向になってきた。Aさんの妻は訪問看護師に「少し怖いが、できればこのまま自宅で看ていきたい」と話した。,,
Aさんを自宅で看取るための訪問看護師の対応で適切なのはどれか。",高カロリー輸液の開始を医師と相談する。,Aさんの清潔ケアは看護師が行うことを妻に伝える。,今後起こりうるAさんの状態の変化を妻に説明する。,Aさんが亡くなるまで家族がそばを離れないように伝える。,,C,,false,,false,notebooklm,2026-04-05T01:24:41.685Z
2019_nrs_19_am118,nursing,2019,118,12.神経機能,A.中枢神経系の疾患の病態と診断・治療,脳血管障害（脳内出血、くも膜下出血、脳梗塞、もやもや病）,3,この時のAさんの症状はどれか。,痙　縮,失　語,構音障害,パーキンソニズム,,C,,false,,false,notebooklm,2026-04-05T01:24:41.685Z
2019_nrs_19_am119,nursing,2019,119,6.看護の役割と機能,B.保健・医療・福祉の連携と継続看護,施設内・施設間における継続看護,3,"検査の結果、Aさんは左脳の運動野に脳梗塞を発症していることが分かった。Aさんは3週間の入院治療を経て転院し、2か月間のリハビリテーションを行うことになった。,,
転院先の医療機関に提供する情報で最も優先するのはどれか。",診療情報提供書,要介護認定の申請書,医療相談員の相談記録,使用中の車椅子の機種,身体障害者手帳の申請書,A,,false,,false,notebooklm,2026-04-05T01:24:41.685Z
2019_nrs_19_am120,nursing,2019,120,3.看護における基本技術,G.安全管理＜セーフティマネジメント＞,転倒・転落の予防と対策,3,"Aさんは、2か月間のリハビリテーションの結果、健側をつかってベッド上で端坐位ができるようになり、補装具をつければ軽介助で歩行できる状態まで回復した。退院後はベッド柵をつけた介護用ベッドを設置し、自宅で生活をする予定である。Aさんが自宅で使用する介護用ベッドの柵の配置を図に示す。,,
ベッド柵の配置で適切なのはどれか。",&#160;,&#160;,&#160;,&#160;,,A,,true,,false,notebooklm,2026-04-05T01:24:41.685Z
2019_nrs_19_pm001,nursing,2019,1,1. 健康の定義と理解,B.健康に関する指標,平均寿命、平均寿命、健康寿命,3,平成29年（2017年）の日本における簡易生命表で女性の平均寿命に最も近いのはどれか。,77年,82年,87年,92年,,C,,false,,false,notebooklm,2026-04-05T01:24:41.685Z
2019_nrs_19_pm002,nursing,2019,2,2. 健康に影響する要因,A.生活行動・習慣,喫煙、嗜好品,3,平成29年（2017年）の国民健康・栄養調査で20歳以上の男性における喫煙習慣者の割合に最も近いのはどれか。,10％,20％,30％,40％,,C,,false,,false,notebooklm,2026-04-05T01:24:41.685Z
2019_nrs_19_pm003,nursing,2019,3,2. 健康に影響する要因,B.生活環境,水質、大気、土壌,3,じん肺に関係する物質はどれか。,フロン,アスベスト,ダイオキシン類,ホルムアルデヒド,,B,,false,,false,notebooklm,2026-04-05T01:24:41.685Z
2019_nrs_19_pm004,nursing,2019,4,4.社会保険制度の基本,A.社会保険の理念,国民皆保険,3,日本において国民皆保険制度となっているのはどれか。,医療保険,介護保険,雇用保険,労災保険,,A,,false,,false,notebooklm,2026-04-05T01:24:41.685Z
2019_nrs_19_pm005,nursing,2019,5,5.看護に関わる基本的法律,A.保健師助産師看護師法,保健師・助産師・看護師の義務（守秘義務・業務従事者届出の義務、臨床研修等を受ける努力義務）,3,保健師助産師看護師法で規定されている看護師の義務はどれか。,研究をする。,看護記録を保存する。,看護師自身の健康の保持増進を図る。,業務上知り得た人の秘密を漏らさない。,,D,,false,,false,notebooklm,2026-04-05T01:24:41.685Z
2019_nrs_19_pm006,nursing,2019,6,7. 人間のライフサイクル各期の特徴と生活,E.思春期,アイデンティティの確率,3,"エリクソン,E.H.の発達理論で青年期に生じる葛藤はどれか。",生殖性　対　停　滞,勤勉性　対　劣等感,自主性　対　罪悪感,同一性　対　同一性混乱,,D,,false,,false,notebooklm,2026-04-05T01:24:41.685Z
2019_nrs_19_pm007,nursing,2019,7,7. 人間のライフサイクル各期の特徴と生活,B.新生児・乳児期,身体の発育,3,乳児期における呼吸の型はどれか。,肩呼吸,胸式呼吸,腹式呼吸,胸腹式呼吸,,C,,false,,false,notebooklm,2026-04-05T01:24:41.685Z
2019_nrs_19_pm008,nursing,2019,8,7. 人間のライフサイクル各期の特徴と生活,G.老年期,身体的機能の変化,3,老年期にみられる身体的な変化はどれか。,血管抵抗の増大,消化管の運動の亢進,水晶体の弾性の増大,メラトニン分泌量の増加,,A,,false,,false,notebooklm,2026-04-05T01:24:41.685Z
2019_nrs_19_pm009,nursing,2019,9,1. 健康の定義と理解,B.健康に関する指標,年齢別人口,3,平成29年（2017年）の日本の人口推計で10年前より増加しているのはどれか。,総人口,年少人口,老年人口,生産年齢人口,,C,,false,,false,notebooklm,2026-04-05T01:24:41.685Z
2019_nrs_19_pm010,nursing,2019,10,9. 主な看護活動の場と看護の機能,A.看護活動の場と機能・役割,病院、診療所,3,"医療法に規定されている診療所とは、患者を入院させるための施設を有しないもの又は（　）人以下の患者を入院させるための施設を有するものをいう。,,
（　）に入る数字はどれか。",9,19,29,39,,B,,false,,false,notebooklm,2026-04-05T01:24:41.685Z
2019_nrs_19_pm011,nursing,2019,11,10. 人体の構造と機能,A.人体の基本的な構造と正常な機能,消化器系,3,大腸で吸収されるのはどれか。,脂　質,水　分,糖　質,蛋白質,,B,,false,,false,notebooklm,2026-04-05T01:24:41.685Z
2019_nrs_19_pm012,nursing,2019,12,10. 人体の構造と機能,A.人体の基本的な構造と正常な機能,神経系,3,三叉神経の機能はどれか。,視　覚,眼球の運動,顔面の知覚,表情筋の運動,,C,,false,,false,notebooklm,2026-04-05T01:24:41.685Z
2019_nrs_19_pm013,nursing,2019,13,10. 人体の構造と機能,A.人体の基本的な構造と正常な機能,栄養と代謝系,3,脂肪分解酵素はどれか。,ペプシン,リパーゼ,マルターゼ,ラクターゼ,,B,,false,,false,notebooklm,2026-04-05T01:24:41.685Z
2019_nrs_19_pm014,nursing,2019,14,11. 徴候と疾患,C.基本的な臨床検査値の評価,尿検査,3,尿ケトン体が陽性になる疾患はどれか。,肝硬変,糖尿病,尿路感染症,ネフローゼ症候群,,B,,false,,false,notebooklm,2026-04-05T01:24:41.685Z
2019_nrs_19_pm015,nursing,2019,15,11. 徴候と疾患,A.主要な症状と徴候,下痢,3,下痢によって生じやすい電解質異常はどれか。,低カリウム血症,高カルシウム血症,高ナトリウム血症,低マグネシウム血症,,A,,false,,false,notebooklm,2026-04-05T01:24:41.685Z
2019_nrs_19_pm016,nursing,2019,16,11. 徴候と疾患,A.主要な症状と徴候,意識障害,3,意識レベルを評価するスケールはどれか。,Borg＜ボルグ＞スケール,フェイススケール,ブリストルスケール,グラスゴー・コーマ・スケール＜GCS＞,,D,,false,,false,notebooklm,2026-04-05T01:24:41.685Z
2019_nrs_19_pm017,nursing,2019,17,6. 人間の特性,A.人間と欲求,社会的欲求,3,"マズロー,A.H.の基本的欲求の階層構造で承認の欲求はどれか。",尊重されたい。,休息をとりたい。,他人と関わりたい。,自分の能力を発揮したい。,,A,,false,,false,notebooklm,2026-04-05T01:24:41.685Z
2019_nrs_19_pm018,nursing,2019,18,13. 看護における基本技術,C.フィジカルアセスメント,呼吸状態の観察,3,過呼吸で正しいのはどれか。,吸気時に下顎が動く。,1回換気量が増加する。,呼吸数が24/分以上になる。,呼吸リズムが不規則になる。,,B,,false,,false,notebooklm,2026-04-05T01:24:41.685Z
2019_nrs_19_pm019,nursing,2019,19,13. 看護における基本技術,A.コミュニケーション,言語的コミュニケーション,3,患者とのコミュニケーションで適切なのはどれか。,否定的感情の表出を受けとめる。,沈黙が生じた直後に会話を終える。,看護師が伝えたいことに重点をおく。,患者の表情よりも言語による表現を重視する。,,A,,false,,false,notebooklm,2026-04-05T01:24:41.685Z
2019_nrs_19_pm020,nursing,2019,20,14. 日常生活援助技術,D.清潔,入浴、シャワー浴,3,入浴の温熱作用はどれか。,筋緊張が増す。,末梢血管が拡張する。,慢性疼痛が増強する。,循環血液量が減少する。,,B,,false,,false,notebooklm,2026-04-05T01:24:41.685Z
2019_nrs_19_pm021,nursing,2019,21,15. 患者の安全・安楽を守る看護技術,C.感染対策対策,標準予防策<スタンダードプリコーション>,3,標準予防策＜スタンダードプリコーション＞で感染源として取り扱うのはどれか。,汗,爪,唾　液,頭　髪,,C,,false,,false,notebooklm,2026-04-05T01:24:41.685Z
2019_nrs_19_pm022,nursing,2019,22,16. 診療に伴う看護技術,C.輸液・輸血管理,輸血,3,赤血球製剤の保存温度で適切なのはどれか。,-6～-2℃,2～6℃,12～16℃,22～26℃,,B,,false,,false,notebooklm,2026-04-05T01:24:41.685Z
2019_nrs_19_pm023,nursing,2019,23,11. 徴候と疾患,A.主要な症状と徴候,乏尿、無尿、頻尿、多尿,3,成人で1日の尿量が100mL以下の状態を示すのはどれか。,希　尿,頻　尿,乏　尿,無　尿,,D,,false,,false,notebooklm,2026-04-05T01:24:41.685Z
2019_nrs_19_pm024,nursing,2019,24,16. 診療に伴う看護技術,G.皮膚・創傷の管理,褥瘡の予防・処置,3,仰臥位における褥瘡の好発部位はどれか。,踵骨部,内顆部,膝関節部,大転子部,,A,,false,,false,notebooklm,2026-04-05T01:24:41.685Z
2019_nrs_19_pm025,nursing,2019,25,16. 診療に伴う看護技術,D.採血,採血方法,3,成人の静脈血採血で通常用いられる注射針の太さはどれか。,14G,18G,22G,26G,,C,,false,,false,notebooklm,2026-04-05T01:24:41.685Z
2019_nrs_19_pm026,nursing,2019,26,4.運動器系,B.関節の構造と機能,全身の関節,3,成人の骨格で線維軟骨結合があるのはどれか。,頭蓋冠,脊　柱,寛　骨,仙　骨,,B,,false,,false,notebooklm,2026-04-05T01:24:41.685Z
2019_nrs_19_pm027,nursing,2019,27,11.消化器系,A.咀嚼・嚥下,咀嚼,3,咀嚼筋はどれか。,頰　筋,咬　筋,口輪筋,胸鎖乳突筋,,B,,false,,false,notebooklm,2026-04-05T01:24:41.685Z
2019_nrs_19_pm028,nursing,2019,28,14.体温調節,B.体温の調節,熱放散と熱産生,3,体温のセットポイントが突然高く設定されたときに起こるのはどれか。,立　毛,発　汗,代謝抑制,皮膚血管拡張,,A,,false,,false,notebooklm,2026-04-05T01:24:41.685Z
2019_nrs_19_pm029,nursing,2019,29,6.循環機能,C.血圧異常の病態と診断・治療,二次性高血圧,3,二次性高血圧症の原因となるホルモンはどれか。,アルドステロン,ソマトスタチン,グルカゴン,メラトニン,,A,,false,,false,notebooklm,2026-04-05T01:24:41.685Z
2019_nrs_19_pm030,nursing,2019,30,7.栄養の摂取・消化・吸収・代謝機能,A.口腔、咽頭の疾患の病態と診断・治療,炎症性疾患（咽頭炎、扁桃炎）,3,成人の急性扁桃炎の原因となる菌はどれか。,百日咳菌＜Bordetella pertussis＞,黄色ブドウ球菌＜Staphylococcus aureus＞,インフルエンザ菌＜Haemophilus influenzae＞,ヘリコバクター・ピロリ＜Helicobacter pylori＞,,B,,false,,false,notebooklm,2026-04-05T01:24:41.685Z
2019_nrs_19_pm031,nursing,2019,31,9.造血機能,A.血液・造血器の疾患の病態と診断・治療,腫瘍（白血病、悪性リンパ腫、多発性骨髄腫）,3,急性骨髄性白血病の検査所見で正しいのはどれか。,赤血球数が増加する。,血小板数が増加する。,白血球分画に白血病裂孔を認める。,ミエロペルオキシダーゼ反応陽性が3％未満である。,,C,,false,,false,notebooklm,2026-04-05T01:24:41.685Z
2019_nrs_19_pm032,nursing,2019,32,12.神経機能,C.感覚器系の疾患の病態と診断・治療,聴覚障害（難聴、Ménière＜メニエール＞病）,3,Ménière＜メニエール＞病で正しいのはどれか。,伝音性難聴を伴う。,めまいは回転性である。,発作期に外科治療を行う。,蝸牛の機能は保たれている。,,B,,false,,false,notebooklm,2026-04-05T01:24:41.685Z
2019_nrs_19_pm033,nursing,2019,33,15.排泄機能,A.泌尿器系の疾患の病態と診断・治療,炎症性疾患（腎孟腎炎、膀脱炎）腫瘍（腎癌、尿管癌、膀脱癌） 腎・尿路結石,3,成人の急性腎盂腎炎で正しいのはどれか。,男性に多い。,両腎性が多い。,初尿を用いて細菌培養を行う。,原因菌はGram＜グラム＞陰性桿菌が多い。,,D,,false,,false,notebooklm,2026-04-05T01:24:41.685Z
2019_nrs_19_pm034,nursing,2019,34,4.社会保険制度の基本,B.医療保険制度,被用者保険、国民健康保険公費医療制度,3,国民健康保険で正しいのはどれか。,被用者保険である。,保険者は国である。,高額療養費制度がある。,保険料は加入者の年齢で算出する。,,C,,false,,false,notebooklm,2026-04-05T01:24:41.685Z
2019_nrs_19_pm035,nursing,2019,35,5.社会福祉の基本,G.高齢者に関する制度,高齢者虐待の防止、高齢者の養護者に対する支援等に関する法律＜高齢者虐待防止法＞,3,高齢者の虐待防止、高齢者の養護者に対する支援等に関する法律＜高齢者虐待防止法＞で、措置された高齢者が入所する社会福祉施設はどれか。,有料老人ホーム,特別養護老人ホーム,高齢者生活福祉センター,サービス付き高齢者向け住宅,,B,,false,,false,notebooklm,2026-04-05T01:24:41.685Z
2019_nrs_19_pm036,nursing,2019,36,6.健康と公衆衛生,D.健康に関する指標に基づく公衆衛生,死亡（死産、周産期死亡、乳児死亡を含む）、死因,3,母子保健統計の算出方法で出生数を分母としているのはどれか。,妊娠満22週以後の死産率,周産期死亡率,乳児死亡率,死産率,,C,,false,,false,notebooklm,2026-04-05T01:24:41.685Z
2019_nrs_19_pm037,nursing,2019,37,9.保健活動の基盤と制度,A.地域保健,健康増進法,3,健康増進法に基づき実施されるのはどれか。,受療行動調査,特定保健指導,アレルギー疾患対策,受動喫煙の防止対策,,D,,false,,false,notebooklm,2026-04-05T01:24:41.685Z
2019_nrs_19_pm038,nursing,2019,38,1.看護の基本となる概念,D.看護における倫理,患者の権利と擁護,3,判断能力のある成人患者へのインフォームド・コンセントにおける看護師の対応で適切なのはどれか。,患者の疑問には専門用語を用いて回答する。,今後の治療に関しては医療者に任せるように話す。,治療方針への同意は撤回できないことを説明する。,納得ができるまで医師からの説明が受けられることを伝える。,,D,,false,,false,notebooklm,2026-04-05T01:24:41.685Z
2019_nrs_19_pm039,nursing,2019,39,3.看護における基本技術,C.看護過程,アセスメント,3,看護過程における情報の分析はどれか。,脱水状態である。,尿比重は1.030である。,痛みは1～10の尺度で8である。,左腓骨骨折によるシーネ固定をしている。,,A,,false,,false,notebooklm,2026-04-05T01:24:41.685Z
2019_nrs_19_pm040,nursing,2019,40,3.神経系,B.中枢神経系の構造と機能,反射,3,第2～第4腰髄の障害を確認する方法で適切なのはどれか。,輻輳反射,膝蓋腱反射,Barré＜バレー＞徴候,Trendelenburg＜トレンデレンブルグ＞徴候,,B,,false,,false,notebooklm,2026-04-05T01:24:41.685Z
2019_nrs_19_pm041,nursing,2019,41,6.慢性疾患がある患者と家族の看護,C.セルフケア・自己管理を促進する看護,自己効力感、エンパワメント,3,成人のセルフケア行動に関する学習を促進するのはどれか。,自己効力感,パターナリズム,プレパレーション,ノンコンプライアンス,,A,,false,,false,notebooklm,2026-04-05T01:24:41.685Z
2019_nrs_19_pm042,nursing,2019,42,4.日常生活援助技術,C.排泄,自然な排泄が困難な人への援助,3,成人女性に膀胱留置カテーテルを挿入する方法で適切なのはどれか。,水溶性の滅菌潤滑剤を用いる。,カテーテルは外尿道口から15cm挿入する。,固定用バルーンを膨らませた後、尿の流出を確認する。,固定用バルーンにはクロルヘキシジングルコン酸塩液を注入する。,,A,,false,,false,notebooklm,2026-04-05T01:24:41.685Z
2019_nrs_19_pm043,nursing,2019,43,4.日常生活援助技術,B.食事と栄養,経静脈栄養法,3,中心静脈栄養法＜TPN＞で高カロリー輸液を用いる際に、起こりやすい合併症はどれか。,高血圧,高血糖,末梢静脈炎,正中神経麻痺,,B,,false,,false,notebooklm,2026-04-05T01:24:41.685Z
2019_nrs_19_pm044,nursing,2019,44,5.診療に伴う看護技術,E.救命救急処置,自動体外式除細動器<AED>,3,成人に自動体外式除細動器＜AED＞を使用する際の電極パッドの貼付で正しいのはどれか。,小児用電極パッドが代用できる。,右前胸部に縦に並べて貼付する。,貼付部の発汗は貼付前に拭き取る。,経皮吸収型テープ剤の上に貼付する。,,C,,false,,false,notebooklm,2026-04-05T01:24:41.686Z
2019_nrs_19_pm045,nursing,2019,45,5.診療に伴う看護技術,B.皮膚・創傷管理,褥瘡の予防と治癒の促進,3,Braden＜ブレーデン＞スケールの評価項目で正しいのはどれか。,湿　潤,循　環,体　圧,年　齢,,A,,false,,false,notebooklm,2026-04-05T01:24:41.686Z
2019_nrs_19_pm046,nursing,2019,46,6.看護の役割と機能,B.保健・医療・福祉の連携と継続看護,保健・医療・福祉のチームにおける看護職の役割と機能,3,医療施設において、患者の入院から退院までの看護を1人の看護師が継続して責任をもつことを重視した看護体制はどれか。,機能別看護方式,患者受け持ち方式,チームナーシングシステム,プライマリナーシングシステム,,D,,false,,false,notebooklm,2026-04-05T01:24:41.686Z
2019_nrs_19_pm047,nursing,2019,47,2.成人における健康の保持・増進や疾病の予防,A.生活習慣に関連する健康課題,健康問題の現状と推移健康行動、保健行動,3,平成29年（2017年）の国民健康・栄養調査における成人の生活習慣の特徴で正しいのはどれか。,朝食の欠食率は40歳代が最も多い。,運動習慣のある人の割合は30歳代が最も多い。,1日の平均睡眠時間は6時間以上7時間未満が最も多い。,習慣的に喫煙している人の割合は10年前に比べて増加している。,,C,,false,,false,notebooklm,2026-04-05T01:24:41.686Z
2019_nrs_19_pm048,nursing,2019,48,6.慢性疾患がある患者と家族の看護,C.セルフケア・自己管理を促進する看護,自己管理支援、セルフケア支援,3,慢性疾患をもつ成人の自己管理を促進する援助はどれか。,行動の習慣化を促す。,医療者が患者の目標を設定する。,結果を優先して評価することを促す。,うまくいかない行動に目を向けるよう促す。,,A,,false,,false,notebooklm,2026-04-05T01:24:41.686Z
2019_nrs_19_pm049,nursing,2019,49,10.呼吸機能障害のある患者の看護,B.検査・処置を受ける患者への看護,気管支鏡検査,3,気管支鏡検査を受ける成人患者への援助で正しいのはどれか。,検査の予約の際に抗凝固薬の内服の有無を確認する。,検査の1時間前から飲食しないように指導する。,検査中の咳は我慢しなくてよいと指導する。,検査後は肺気腫の症状に注意する。,,A,,false,,false,notebooklm,2026-04-05T01:24:41.686Z
2019_nrs_19_pm050,nursing,2019,50,11.免疫機能,B.アレルギー性疾患の病態と診断・治療,アナフィラキシーショック,3,"ラテックス製手袋を着用した直後に口唇・手足のしびれと喉頭の違和感を自覚した。,,
原因となる病態はどれか。",Ⅰ型アレルギー,Ⅱ型アレルギー,Ⅲ型アレルギー,Ⅳ型アレルギー,,A,,false,,false,notebooklm,2026-04-05T01:24:41.686Z
2019_nrs_19_pm051,nursing,2019,51,18.感覚機能障害のある患者の看護,C.治療を受ける患者への看護,眼底光凝固療法網膜剥離手術,3,"Aさん（59歳、女性）は裂孔原性網膜剝離と診断され、硝子体手術の際に硝子体腔中にガス注入を受けた。,,
手術直後、病室での体位で適切なのはどれか。",坐　位,腹臥位,仰臥位,側臥位,,B,,false,,false,notebooklm,2026-04-05T01:24:41.686Z
2019_nrs_19_pm052,nursing,2019,52,18.感覚機能障害のある患者の看護,B.検査・処置を受ける患者への看護,眼底検査,3,散瞳薬を用いて眼底検査を受ける成人患者への対応で適切なのはどれか。,検査中は室内を明るくする。,散瞳薬の点眼は検査直前に行う。,検査前に緑内障の有無を確認する。,検査後1時間で自動車の運転が可能になると説明する。,,C,,false,,false,notebooklm,2026-04-05T01:24:41.686Z
2019_nrs_19_pm053,nursing,2019,53,19.運動機能障害のある患者の看護,D.病期や機能障害に応じた看護,関節リウマチ,3,関節リウマチで長期にわたりメトトレキサートを服用している患者の副作用＜有害事象＞で適切なのはどれか。,便　秘,不整脈,聴力障害,間質性肺炎,,D,,false,,false,notebooklm,2026-04-05T01:24:41.686Z
2019_nrs_19_pm054,nursing,2019,54,1.高齢者の理解の基本となる概念,C.高齢者のいる家族の理解,家族構成とニーズの変化,3,平成28年（2016年）の国民生活基礎調査で、要介護者等との続柄別にみた主な介護者の構成割合のうち、「同居の家族」が占める割合に最も近いのはどれか。,20％,40％,60％,80％,,C,,false,,false,notebooklm,2026-04-05T01:24:41.686Z
2019_nrs_19_pm055,nursing,2019,55,3.高齢者の健康,B.老年期における身体機能の変化,泌尿器系,3,老化によって減少または低下するのはどれか。,重心の動揺,糸球体の数,嗅覚の閾値,前立腺の重量,,B,,false,,false,notebooklm,2026-04-05T01:24:41.686Z
2019_nrs_19_pm056,nursing,2019,56,4.老年看護の基本,B.老年看護の倫理,高齢者差別（スティグマ、エイジズム）,3,高齢者に対するエイジズムの説明で適切なのはどれか。,年齢にとらわれないこと,加齢に伴う心身機能の変化,高齢という理由で不当な扱いをすること,老化に関連した遺伝子によって引き起こされる現象,,C,,false,,false,notebooklm,2026-04-05T01:24:41.686Z
2019_nrs_19_pm057,nursing,2019,57,5.高齢者の生活を支える看護,D.高齢者の排泄の特徴と援助,便秘、下痢,3,"Aさん（90歳、女性）は、認知症で要介護3。デイサービスの送迎の際に、同居している娘から「食事は家族と同じものを食べていたのですが、昨日から下痢が続いています。発熱はなく、元気はあります」と看護師に話があった。デイサービスでは午前中に不消化便が1回あり、おむつ交換の際に、肛門周囲の発赤がみられた。,,
Aさんへの対応で適切なのはどれか。",腹部マッサージを行う。,経口補水液の摂取を促す。,食物繊維を多く含む食事にする。,石けんを使って肛門周囲を洗う。,,B,,false,,false,notebooklm,2026-04-05T01:24:41.686Z
2019_nrs_19_pm058,nursing,2019,58,2.子どもの成長・発達,B.子どもの成長・発達のアセスメント,バイタルサインの測定身体計測,3,乳児の安静時におけるバイタルサインで基準値から逸脱しているのはどれか。,体　温　37.0℃,呼吸数　35/分,心拍数　60/分,血　圧　88/60mmHg,,C,,false,,false,notebooklm,2026-04-05T01:24:41.686Z
2019_nrs_19_pm059,nursing,2019,59,5.社会福祉の基本,F.児童に関する制度,児童虐待の防止等に関する法律＜児童虐待防止法＞,3,平成28年度（2016年度）の福祉行政報告例における児童虐待で正しいのはどれか。,主たる虐待者は実父が最も多い。,性的虐待件数は身体的虐待件数より多い。,児童虐待相談件数は5年間横ばいである。,心理的虐待件数は5年前に比べて増加している。,,D,,false,,false,notebooklm,2026-04-05T01:24:41.686Z
2019_nrs_19_pm060,nursing,2019,60,9.エンド・オブ・ライフ＜ end-of-life ＞にある子どもと家族への看護,B.子どもと家族への緩和ケア,子どもの死を看取る家族の反応,3,"Aちゃん（5歳、女児）は、インフルエンザ脳症の終末期である。Aちゃんに意識はなく、付き添っている母親は「私がもっと早く病院に連れて来ればこんなことにならなかったのに」と病室で泣いている。,,
Aちゃんの母親への対応で適切なのはどれか。",母親に受診が遅くなった状況を聞く。,母親がAちゃんに対してできるケアを提案する。,病気で亡くなった子どもの親の会を母親に紹介する。,母親が泣いている間はAちゃんの病室に居ることができないと母親に説明する。,,B,,false,,false,notebooklm,2026-04-05T01:24:41.686Z
2019_nrs_19_pm061,nursing,2019,61,1.社会・家族機能と生活基盤の変化,B.家族機能の変化,出生、死亡,3,平成28年（2016年）の人口動態統計における日本の出生で正しいのはどれか。,出生数は過去10年で最低である。,出生数は100万人を上回っている。,合計特殊出生率は過去10年で最低である。,第1子出生時の母の平均年齢は30歳未満である。,,A,,false,,false,notebooklm,2026-04-05T01:24:41.686Z
2019_nrs_19_pm062,nursing,2019,62,3.女性のライフサイクル各期における看護,C.更年期・老年期女性の健康と看護,ホルモンの変化,3,エストロゲン低下によって更年期の女性に起こるのはどれか。,骨量の低下,内臓脂肪の減少,脳血流量の増加,HDLコレステロールの上昇,,A,,false,,false,notebooklm,2026-04-05T01:24:41.686Z
2019_nrs_19_pm063,nursing,2019,63,5.分娩期の看護,A.正常な分娩の経過と分娩期の異常,陣痛、産痛、陣痛異常（微弱陣痛、過強陣痛）破水、前期破水,3,"順調に分娩が進行している産婦から「膣から水っぽいものが流れ、下着が濡れた」と看護師に訴えがあった。流出したものを確認すると、量は少量で、羊水特有の臭いを認めた。,,
その時の産婦への対応で優先されるのはどれか。",更衣を促す。,体温を測定する。,食事摂取を勧める。,胎児心拍数を確認する。,,D,,false,,false,notebooklm,2026-04-05T01:24:41.686Z
2019_nrs_19_pm064,nursing,2019,64,7.早期新生児期の看護,B.早期新生児期のアセスメント,神経学的状態,3,"新生児の反応の図を示す。,,
Moro＜モロー＞反射はどれか。",&#160;,&#160;,&#160;,&#160;,,C,,true,,false,notebooklm,2026-04-05T01:24:41.686Z
2019_nrs_19_pm065,nursing,2019,65,1.精神保健の基本,B.心の機能と発達,防衛機制,3,飲酒したい欲求を抑圧した人が、酩酊状態の人の行動を必要以上に非難する防衛機制はどれか。,昇　華,転　換,合理化,反動形成,,D,,false,,false,notebooklm,2026-04-05T01:24:41.686Z
2019_nrs_19_pm066,nursing,2019,66,1.精神保健の基本,D.危機＜クライシス＞,危機介入,3,"アギュララ,D.C.が提唱した危機＜クライシス＞を回避する要因で正しいのはどれか。",情緒的サポート,適切な対処機制,問題志向のコーピング,ソーシャルインクルージョン,,B,,false,,false,notebooklm,2026-04-05T01:24:41.686Z
2019_nrs_19_pm067,nursing,2019,67,1.精神保健の基本,A.精神の健康の概念,精神障害の一次予防・二次予防・三次予防,3,精神障害の三次予防の内容で適切なのはどれか。,うつ病患者の復職支援,住民同士のつながりの強化,精神保健に関する問題の早期発見,ストレス関連障害の発症予防に関する知識の提供,,A,,false,,false,notebooklm,2026-04-05T01:24:41.686Z
2019_nrs_19_pm068,nursing,2019,68,2.主な精神疾患・障害の特徴と看護,G.パーソナリティ障害,臨床検査および心理検査と看護薬物療法と看護,3,成人期早期に、見捨てられることに対する激しい不安、物質乱用や過食などの衝動性、反復する自傷行為、慢性的な空虚感、不適切で激しい怒りがみられ、社会的、職業的に不適応を生じるのはどれか。,回避性人格＜パーソナリティ＞障害,境界性人格＜パーソナリティ＞障害,妄想性人格＜パーソナリティ＞障害,反社会性人格＜パーソナリティ＞障害,,B,,false,,false,notebooklm,2026-04-05T01:24:41.686Z
2019_nrs_19_pm069,nursing,2019,69,6.精神保健医療福祉の変遷と法や施策,C.精神保健及び精神障害者福祉に関する法律＜精神保健福祉法＞の運用,入院形態,3,医療保護入院で正しいのはどれか。,入院の期間は72時間に限られる。,患者の家族等の同意で入院させることができる。,2人以上の精神保健指定医による診察の結果で入院となる。,精神障害のために他人に害を及ぼすおそれが明らかな者が対象である。,,B,,false,,false,notebooklm,2026-04-05T01:24:41.686Z
2019_nrs_19_pm070,nursing,2019,70,7.リハビリテーションの特徴と看護,E.患者の社会参加への支援,就労条件・環境の調整,3,"Aさん（55歳、男性）は、妻と2人暮らし。建築士として主にデスクワークの仕事を行っていた。脊髄損傷のため下半身の不完全麻痺となり、リハビリテーション専門の病院へ転院した。電動車椅子を用いて室内の動作は自立できるようになった。退院調整部門の看護師との面接でAさんから「元の職場に戻りたい」と話があった。,,
Aさんの自己決定を支援する看護師の助言で適切なのはどれか。",「元の職場の仕事を在宅勤務に変更しましょう」,「デスクワークなので職場復帰は可能と思います」,「職場復帰にあたりAさんが課題と思うことを整理しましょう」,「元の職場にこだわらずAさんの障害にあった職場を探しましょう」,,C,,false,,false,notebooklm,2026-04-05T01:24:41.686Z
2019_nrs_19_pm071,nursing,2019,71,4.地域・在宅看護実践をめぐる制度の概要,A.訪問看護制度の理解,訪問看護の対象と提供方法,3,訪問看護事業所で正しいのはどれか。,24時間対応が義務付けられている。,自宅以外への訪問看護は認められない。,特定非営利活動法人＜NPO＞は事業所を開設できる。,従事する看護師は臨床経験3年以上と定められている。,,C,,false,,false,notebooklm,2026-04-05T01:24:41.686Z
2019_nrs_19_pm072,nursing,2019,72,7.在宅療養生活を支える看護,B.在宅療養者の食事・栄養を支えるケア,口腔ケア,3,"Aさん（78歳、男性）は、妻（75歳）と2人暮らし。脳梗塞の既往がある。妻から「最近、夫は食事をむせずに食べることができるが、口の中に食べ物が残っていることが多い。夫の食事について助言が欲しい」と訪問看護師に相談があった。,,
妻への訪問看護師の助言で適切なのはどれか。",「食事にとろみをつけましょう」,「自助具を使って食事をしましょう」,「口に入れる1回量を少なくしましょう」,「食事前に舌の動きを促す運動をしましょう」,,D,,false,,false,notebooklm,2026-04-05T01:24:41.686Z
2019_nrs_19_pm073,nursing,2019,73,6.症状・疾患・治療に応じた地域・在宅看護,C.主な治療等に応じた在宅看護,人工的水分・栄養補給法＜AHN＞褥癒予防・管理,3,皮下埋込みポートを用いた在宅中心静脈栄養法＜HPN＞で適切なのはどれか。,抜針して入浴することができる。,24時間持続する注入には適さない。,同居の家族がいることが必須条件である。,外出時に輸液ポンプを使うことはできない。,,A,,false,,false,notebooklm,2026-04-05T01:24:41.686Z
2019_nrs_19_pm074,nursing,2019,74,1.看護におけるマネジメント,E.医療安全を維持する仕組みと対策,医療事故・インシデントレポートの分析と活用,3,与薬の事故防止に取り組んでいる病院の医療安全管理者が行う対策で適切なのはどれか。,与薬の業務プロセスを見直す。,医師に口頭での与薬指示を依頼する。,病棟ごとに与薬マニュアルを作成する。,インシデントを起こした職員の研修会を企画する。,,A,,false,,false,notebooklm,2026-04-05T01:24:41.686Z
2019_nrs_19_pm075,nursing,2019,75,2.災害と看護,B.災害各期の特徴と看護,災害各期における要支援者を含むすべての被災者への看護,3,"Aさん（55歳、女性）は、1人暮らし。Aさんには視覚障害があり、光と輪郭がぼんやりわかる程度である。食事の準備や室内の移動は自立している。震度6の地震が発生した。Aさんは、避難所に指定されたバリアフリーの公民館に近所のBさんと避難した。公民館には複数の部屋がある。避難所の開設初日に医療救護班として看護師が派遣された。,,
避難所生活を開始するAさんへの看護師の対応で適切なのはどれか。",BさんをAさんの介助者とする。,Aさんの肩に触れてから声をかける。,Aさんにはトイレに近い部屋を割りあてる。,移動するときはAさんの手を引っ張って誘導する。,,C,,false,,false,notebooklm,2026-04-05T01:24:41.686Z
2019_nrs_19_pm076,nursing,2019,76,2.災害と看護,B.災害各期の特徴と看護,災害時の被災者・支援者の身体反応と心理過程,3,"朝9時に大規模地震が発生した。病棟の患者と職員の安全は確認できた。病棟内の壁や天井に破損はなかったが、病院は、停電によって自家発電装置が作動した。,,
病棟の看護師長が行う対応で適切なのはどれか。",災害対策本部を設置する。,災害時マニュアルを整備する。,隣接する病棟に支援を要請する。,スタッフに避難経路の安全確認を指示する。,,D,,false,,false,notebooklm,2026-04-05T01:24:41.686Z
2019_nrs_19_pm077,nursing,2019,77,3.国際化と看護,B.グローバルな社会における看護,看護の対象となる人々（在留外国人、在外日本人、帰国日本人、国際協力活動を必要とする人々）の健康課題,3,"Aさん（28歳、男性）。海外出張で訪れたアフリカ地域から帰国後1週に39℃の発熱と解熱を繰り返すため外来を受診した。腹部症状は特にない。,,
予測される感染症はどれか。",マラリア,コレラ,赤　痢,破傷風,,A,,false,,false,notebooklm,2026-04-05T01:24:41.686Z
2019_nrs_19_pm078,nursing,2019,78,5.看護に関わる基本的法律,A.保健師助産師看護師法,保健師・助産師・看護師の業務,3,看護師の特定行為で正しいのはどれか。,診療の補助である。,医師法に基づいている。,手順書は看護師が作成する。,特定行為を指示する者に歯科医師は含まれない。,,A,,false,,false,notebooklm,2026-04-05T01:24:41.686Z
2019_nrs_19_pm079,nursing,2019,79,6.循環器系,B.血管系の構造と機能,門脈系,3,"（　）の組織を還流した血液は心臓に戻る前に肝臓を通過する。,,
（　）に入るのはどれか。",舌,食　道,小　腸,腎　臓,下　肢,C,,false,,false,notebooklm,2026-04-05T01:24:41.686Z
2019_nrs_19_pm080,nursing,2019,80,10.呼吸器系,D.呼吸,換気,3,"「安静時呼吸」、「深呼吸」、「徐々に深くなっていく呼吸」に伴う肺容量の変化を図に示す。,,
肺活量を示すのはどれか。",①,②,③,④,⑤,E,,true,,false,notebooklm,2026-04-05T01:24:41.686Z
2019_nrs_19_pm081,nursing,2019,81,12.代謝系,B.物質代謝,栄養素の代謝,3,健常な成人において、血液中のグルコース濃度が低下した時に、グルカゴンの働きでグリコゲンを分解してグルコースを生成し、血液中に放出するのはどれか。,肝　臓,骨格筋,脂肪組織,心　臓,膵　臓,A,,false,,false,notebooklm,2026-04-05T01:24:41.686Z
2019_nrs_19_pm082,nursing,2019,82,19.運動機能障害のある患者の看護,B.検査・処置を受ける患者への看護,関節可動域＜ROM＞検査徒手筋力テスト＜MMT＞脊髄造影、椎間板造影神経ブロック,3,"関節運動はないが筋収縮が認められる場合、徒手筋力テストの結果は（　）/5と表記する。,,
（　）に入るのはどれか。",1,2,3,4,5,A,,false,,false,notebooklm,2026-04-05T01:24:41.686Z
2019_nrs_19_pm083,nursing,2019,83,"""※各小項目の共通の中項目",,,3,加齢黄斑変性の症状はどれか。,羞　明,霧　視,飛蚊症,眼圧の亢進,中心視野の欠損,E,,false,,false,notebooklm,2026-04-05T01:24:41.686Z
2019_nrs_19_pm084,nursing,2019,84,13.皮膚機能,A.皮膚の疾患の病態と診断・治療,感染性疾患（帯状疱疹、蜂腐織炎、白癬、カンジダ症、所癬）,3,高齢者が共同生活をする施設で、感染の拡大予防のために個室への転室などの対応を必要とするのはどれか。,白　癬,帯状疱疹,蜂窩織炎,角化型疥癬,皮膚カンジダ症,D,,false,,false,notebooklm,2026-04-05T01:24:41.686Z
2019_nrs_19_pm085,nursing,2019,85,2.子どもの成長・発達,C.小児期における成長・発達の特徴,泌尿器系,3,3歳児の排泄行動の発達に該当するのはどれか。,夜尿をしなくなる。,尿意を自覚し始める。,排便後の後始末ができる。,トイレに行くまで排尿を我慢できる。,遊びに夢中になっても排尿の失敗がなくなる。,D,,false,,false,notebooklm,2026-04-05T01:24:41.686Z
2019_nrs_19_pm086,nursing,2019,86,11.免疫機能,A.自己免疫疾患の病態と診断・治療,全身性エリテマトーデス＜SLE＞関節リウマチ,3,全身性エリテマトーデス＜SLE＞で正しいのはどれか。2つ選べ。,遺伝素因の関与が大きい。,発症には男性ホルモンが関与する。,中枢神経症状は生命予後に影響する。,Ⅰ型アレルギーによる免疫異常である。,適切に治療しても5年生存率は50％である。,A,C,,false,,true,notebooklm,2026-04-05T01:24:41.686Z
2019_nrs_19_pm087,nursing,2019,87,4.救急看護、クリティカルケア,B.救急看護・クリティカルケアの基本,外傷・熱傷・中毒の応急処置 熱中症・低体温症への応急処置,3,大量の輸液が必要と考えられる救急患者はどれか。2つ選べ。,前額部の切創で出血している。,オートバイ事故で両大腿が変形している。,プールの飛び込み事故で四肢が動かない。,デスクワーク中に胸が苦しいと言って倒れている。,火事で顔面、胸腹部、背部および両上肢にⅡ度の熱傷を負っている。,B,E,,false,,true,notebooklm,2026-04-05T01:24:41.686Z
2019_nrs_19_pm088,nursing,2019,88,7.栄養の摂取・消化・吸収・代謝機能,B .上部消化管の疾患の病態と診断・治療,炎症性疾患(逆流性食道炎、急性胃炎、慢性胃炎、ヘリコバクターピロリ感染症),3,胃食道逆流症で正しいのはどれか。2つ選べ。,青年期に多い。,高脂肪食の摂取を勧める。,食後は左側臥位で休息する。,下部食道括約筋の弛緩が関与する。,H<sub>2</sub>受容体拮抗薬によって自覚症状が緩和する。,D,E,,false,,true,notebooklm,2026-04-05T01:24:41.686Z
2019_nrs_19_pm089,nursing,2019,89,3.小児各期における健康増進のための子どもと家族への看護,H.問題行動の防止,自殺の防止,3,健やか親子21（第2次）の基盤課題Bのうち、学童期・思春期の課題の指標となっているのはどれか。2つ選べ。,十代の喫煙率,十代の自殺死亡率,十代の定期予防接種の接種率,児童・生徒における不登校の割合,児童・生徒におけるむし歯（う歯）の割合,A,B,,false,,true,notebooklm,2026-04-05T01:24:41.686Z
2019_nrs_19_pm090,nursing,2019,90,5.診療に伴う看護技術,D.輸液・輸血管理,輸液・輸血の管理方法,3,"1,500mLの輸液を朝9時からその日の17時にかけて点滴静脈内注射で実施する。,,
20滴で1mLの輸液セットを用いた場合の1分間の滴下数を求めよ。,,
ただし、小数点以下の数値が得られた場合には、小数点以下第1位を四捨五入すること。,,
,,
システムの都合上選択肢を表示できません。各自で0～9の数字を組合せて回答してください。,,
,,
解答：①②滴/分",x,x,x,x,,,,false,,false,notebooklm,2026-04-05T01:24:41.686Z
2019_nrs_19_pm091,nursing,2019,91,15.内分泌機能障害のある患者の看護,B.検査・処置を受ける患者への看護,ホルモン血中・尿中濃度測定,3,Aさんの甲状腺腫瘍の確定診断に必要な検査はどれか。,血中サイログロブリン値検査,頸部エックス線撮影,穿刺吸引細胞診,頸部CT,,C,,false,,false,notebooklm,2026-04-05T01:24:41.686Z
2019_nrs_19_pm092,nursing,2019,92,15.内分泌機能障害のある患者の看護,C.治療を受ける患者への看護,甲状腺切除術,3,"検査の結果、Aさんは甲状腺乳頭癌であり、甲状腺全摘出術を受けることになった。Aさんは、手術前オリエンテーションの際「手術後にどんな症状が起こりやすいのか教えてください」と話した。,,
この時のAさんへの看護師の説明で適切なのはどれか。",「手がつる感じがあります」,「目が閉じにくくなります」,「声が出なくなります」,「唾液が多くなります」,,A,,false,,false,notebooklm,2026-04-05T01:24:41.686Z
2019_nrs_19_pm093,nursing,2019,93,15.内分泌機能障害のある患者の看護,D.病期や機能障害に応じた看護,腫瘍（甲状腺癌、下垂体腫瘍）,3,"Aさんは、手術後に甲状腺ホルモン製剤、カルシウム製剤、ビタミンD製剤の内服が開始され、手術後1週で退院することになった。Aさんは「退院後の生活で気を付けることを教えてください。私は35歳ですし、夫と年が離れているため、できるだけ早く子どもが欲しいと思っています」と話している。,,
看護師が行うAさんへの1か月後の受診までの生活指導で適切なのはどれか。",「運動は控えましょう」,「1年間は妊娠を控えましょう」,「海藻類の摂取に制限はありません」,「飲酒量は入院前と同じでよいです」,,C,,false,,false,notebooklm,2026-04-05T01:24:41.686Z
2019_nrs_19_pm094,nursing,2019,94,12.消化・吸収機能障害のある患者への看護,A.原因と障害の程度のアセスメントと看護,胆汁分泌障害,3,Aさんの病態で正しいのはどれか。,急性胃炎,急性腎不全,閉塞性黄疸,溶血性貧血,,C,,false,,false,notebooklm,2026-04-05T01:24:41.686Z
2019_nrs_19_pm095,nursing,2019,95,12.消化・吸収機能障害のある患者への看護,B.検査・処置を受ける患者への看護,内視鏡的逆行性胆管膵管造影＜ERCP＞,3,Aさんは、緊急で内視鏡的逆行性胆管膵管造影＜ERCP＞を受ける方針となった。検査前に看護師が行う説明で正しいのはどれか。2つ選べ。,「のどに麻酔をします」,「磁力を使った検査です」,「造影剤を静脈から投与します」,「検査は仰向けで行います」,「検査後の合併症に膵炎があります」,A,E,,false,,true,notebooklm,2026-04-05T01:24:41.686Z
2019_nrs_19_pm096,nursing,2019,96,12.消化・吸収機能障害のある患者への看護,C.治療を受ける患者への看護,胆管・胆道ドレナージ,3,"Aさんには、緊急内視鏡的逆行性胆管膵管造影＜ERCP＞に続いて内視鏡的経鼻胆管ドレナージ＜ENBD＞が留置された。入院時に採取した血液培養からは大腸菌＜E.coli＞が検出されたが、抗菌薬治療とENBDにより解熱している。,,
入院後2日、Aさんは右季肋部の違和感を訴えた。バイタルサインは正常である。,,
この時の看護師の対応で正しいのはどれか。2つ選べ。",ドレナージチューブをクランプする。,ドレナージチューブから空気を注入する。,ドレナージチューブの固定位置を確認する。,ドレナージチューブからの排液量を確認する。,ドレナージチューブをアルコール綿で消毒する。,C,D,,false,,true,notebooklm,2026-04-05T01:24:41.686Z
2019_nrs_19_pm097,nursing,2019,97,20.排尿機能障害のある患者の看護,D.病期や機能障害に応じた看護,尿失示,3,"Aさんは排尿コントロールについて「脳梗塞になってから、尿意を感じるとがまんできずに大量の尿が漏れてしまう。1日に何回も漏らす」と看護師に話した。,,
Aさんの状態のアセスメントで適切なのはどれか。",過活動膀胱,腹圧性尿失禁,溢流性尿失禁,腹腔鏡下前立腺全摘除術の後遺症,,A,,false,,false,notebooklm,2026-04-05T01:24:41.686Z
2019_nrs_19_pm098,nursing,2019,98,7.高齢者に特有な症候・疾患・障害と看護,E.認知機能が低下した高齢者の看護,認知症看護の基本的視点,3,"入所後2日、Aさんは箸を使って食事をするが、いつも左側に置かれた食器には食べ残しがあった。,,
Aさんへの対応で適切なのはどれか。",スプーンの使用を勧める。,反復唾液嚥下テストを行う。,食事の途中で食器の配置を変える。,食器の下に滑り止めマットを敷く。,,C,,false,,false,notebooklm,2026-04-05T01:24:41.686Z
2019_nrs_19_pm099,nursing,2019,99,5.高齢者の生活を支える看護,E.高齢者の清潔と衣生活の特徴と援助,身体機能・認知機能に応じた清潔と衣生活の支援,3,"入所後3日、Aさんは入浴した。Aさんは自分で脱衣し、体を洗えたが、洗い残した部分を看護師が介助した。入浴後に看護師がAさんに服を手渡すと、Aさんは戸惑った表情で服を丸めたり広げたりしている。,,
Aさんへの更衣援助で最も適切なのはどれか。",着替え始めるまで待つ。,伸縮性のある素材の服を渡す。,服を着やすい向きに持たせる。,ボタンをマジックテープに変えた服を渡す。,,C,,false,,false,notebooklm,2026-04-05T01:24:41.686Z
2019_nrs_19_pm100,nursing,2019,100,4.病気や診療・入院が子どもと家族に与える影響と看護,B.プレパレーション,子どもへの説明と同意,3,"Aちゃんに腰椎穿刺を行うことになった。看護師が検査の準備を始めると、Aちゃんは「何をするの？」と不安そうな表情をして尋ねてきた。,,
看護師の適切な返答はどれか。",「泣いちゃだめだよ」,「気にしないでいいよ」,「痛いことはしないよ」,「背中にお注射するよ」,,D,,false,,false,notebooklm,2026-04-05T01:24:41.686Z
2019_nrs_19_pm101,nursing,2019,101,3.小児各期における健康増進のための子どもと家族への看護,F.感染症と予防,学校感染症,3,"検査の結果、Aちゃんはムンプス髄膜炎と診断された。父親から看護師に「先ほど主治医の先生から、面会やAの入院中の生活に制限があると聞きました。詳しく教えてください」と質問があった。,,
看護師の説明で適切なのはどれか。",「親の面会は可能です」,「Bちゃんの面会は可能です」,「Aちゃんはプレイルームで遊べます」,「Aちゃんは病室内でガウンを着てもらいます」,,A,,false,,false,notebooklm,2026-04-05T01:24:41.686Z
2019_nrs_19_pm102,nursing,2019,102,7.急性期にある子どもと家族への看護,A.急性症状のある子どもと家族への看護,急性的な経過をたどる疾患の特徴と治療,3,"Aちゃんは入院の翌日も発熱が続いたが、頭痛は軽減し嘔気は消失したため経口摂取を開始した。入院3日、体温は微熱となり食欲が回復したことから、翌日の退院が決定した。耳下腺は縮小しつつあるが圧痛がある。父親から看護師へ「退院後、何か注意することはありますか」と質問があった。,,
父親への看護師の回答で適切なのはどれか。",「Aちゃんの精巣の腫れに注意してください」,「Aちゃんは退院後1週間は登園できません」,「Aちゃんの耳の聴こえ方に注意してください」,「AちゃんからBちゃんへの感染予防には明日までのワクチン接種が効果的です」,,C,,false,,false,notebooklm,2026-04-05T01:24:41.686Z
2019_nrs_19_pm103,nursing,2019,103,7.急性期にある子どもと家族への看護,A.急性症状のある子どもと家族への看護,呼吸困難,3,"定期外来の受診時に、手術が決まったことが医師からAちゃんに伝えられた。Aちゃんは「なんで手術するの」と涙ぐんでいる。,,
扁桃腺摘出術を受けるAちゃんに対する看護師の説明で適切なのはどれか。",「寝ているときに息を止めてしまうことがあるからだよ」,「のどにいる悪い虫をとるためだよ」,「のどにお熱があるからだよ」,「いびきが大きいからだよ」,,A,,false,,false,notebooklm,2026-04-05T01:24:41.686Z
2019_nrs_19_pm104,nursing,2019,104,4.病気や診療・入院が子どもと家族に与える影響と看護,E.痛みを表現している子どもと家族への看護,痛みの客観的評価,3,"手術後1日。Aちゃんはベッド上で、静かにぬり絵をして遊んでいたが、昼食時には黙って涙ぐみ、食事や水分も摂ろうとしない。付き添っている母親は「痛くて食べられないようです」と看護師に言った。Aちゃんのバイタルサインは、体温37.6℃、血圧100/60mmHg。,,
看護師がAちゃんの痛みを把握するのに最も適切な方法はどれか。",Aちゃんの表情を観察する。,母親にAちゃんの痛みの様子を聞く。,Aちゃんに痛みの程度を話してもらう。,Aちゃんに痛みスケールを使って示してもらう。,,D,,false,,false,notebooklm,2026-04-05T01:24:41.686Z
2019_nrs_19_pm105,nursing,2019,105,7.急性期にある子どもと家族への看護,C.周手術期における子どもと家族への看護,手術後の身体状態のアセスメントと援助,3,"手術後1日。,,
看護師が行うAちゃんの術後出血の観察方法で適切なのはどれか。",口を開けて手術創を観察する。,唾液の色を観察する。,便の色を観察する。,脈拍数を測定する。,,B,,false,,false,notebooklm,2026-04-05T01:24:41.686Z
2019_nrs_19_pm106,nursing,2019,106,6.産褥期の看護,B.褥婦の健康と生活のアセスメント,子宮復古,3,この時のAさんの状態のアセスメントで適切なのはどれか。,子宮収縮は良好である。,縫合部に感染徴候がみられる。,分娩の受け止めに問題がある。,産褥日数に比べて進行性変化が遅い。,,A,,false,,false,notebooklm,2026-04-05T01:24:41.686Z
2019_nrs_19_pm107,nursing,2019,107,6.産褥期の看護,B.褥婦の健康と生活のアセスメント,排泄,3,"産褥2日。Aさんから会陰縫合部の疼痛の増強はないが、離開の不安から排便ができないと訴えがあった。看護師は縫合部の異常がないことを確認した。Aさんは妊娠中の便秘はなかった。,,
看護師の対応で優先度が高いのはどれか。",産褥体操をAさんに勧める。,水分を多く摂るようAさんに勧める。,医師に緩下薬の処方について相談する。,縫合部の離開の心配はないことをAさんに説明する。,,D,,false,,false,notebooklm,2026-04-05T01:24:41.686Z
2019_nrs_19_pm108,nursing,2019,108,7.早期新生児期の看護,B.早期新生児期のアセスメント,皮膚、皮膚色,3,"産褥4日。母子ともに出産後の経過は順調である。看護師が、Aさんへ退院に向けて育児に関する話をしていたところ「赤ちゃんの顔や胸が赤くなっているのが気になっています」と相談してきた。看護師が新生児の皮膚を観察したところ、児の顔面と胸部に中毒性紅斑が数個散在していた。,,
この時のAさんへの看護師の対応で適切なのはどれか。",紅斑を乾燥させるよう説明する。,紅斑をガーゼでよく洗うよう説明する。,自然に消失するため心配はないと説明する。,抗菌薬の軟膏の処方について医師に相談すると伝える。,,C,,false,,false,notebooklm,2026-04-05T01:24:41.686Z
2019_nrs_19_pm109,nursing,2019,109,3.精神看護の対象の理解と支援のための概念,A.援助関係の構築,信頼関係の基礎づくり,3,入院当日、Aさんに対する看護師の関わりで適切なのはどれか。,短期間の入院となることを伝える。,母親と関係修復をするように促す。,リストカットをしないように説得する。,Aさんの心身を心配していることを伝える。,,D,,false,,false,notebooklm,2026-04-05T01:24:41.686Z
2019_nrs_19_pm110,nursing,2019,110,2.主な精神疾患・障害の特徴と看護,F.生理的障害および身体的要因に関連した行動症候群,臨床検査および心理検査と看護薬物療法と看護,3,"入院翌日、母親が面会に来たが、Aさんに要求されるままお菓子を大量に持参した。Aさんは、面会室でお菓子をすべて食べた直後に、トイレにこもり、嘔吐していたところを看護師が発見した。Aさんは泣きながら「食べると止まらなくなる。太りたくない」と訴えた。主治医は、Aさんが右第2指を使って嘔吐していた痕跡を認めたこと、Aさんが「中学の時から過食と嘔吐を繰り返していた」と話したことから、神経性過食症と診断した。,,
入院時の身体所見：身長155cm、体重48kg。,,
入院時の検査所見：赤血球400万/μL、Hb12.5g/dL、白血球6,300/μL。Na135mEq/L、K2.7mEq/L、Cl98mEq/L、AST30U/L、ALT35U/L、γ-GTP32U/L。,,
Aさんの状態をアセスメントするために優先度が高い検査はどれか。",心電図,頭部CT,腹部超音波,上部消化管内視鏡,,A,,false,,false,notebooklm,2026-04-05T01:24:41.686Z
2019_nrs_19_pm111,nursing,2019,111,7.精神保健医療福祉における多職種連携,A.多職種連携と看護の役割,連携する他職種（医師、歯科医師、保健師、助産師、精神保健福祉士、作業療法士、介護支援専門員、精神保健福祉相談員、゜アサポーター、薬剤師、公認心理師）の役割,3,"入院後3週、Aさんの精神状態は落ち着き、職場に早く戻りたいと意欲があったため、退院に向けての準備をすることになった。自傷行為は、入院前の1回のみだった。Aさんは「また過食をしないか心配だ」と看護師に訴えた。そのため主治医はAさんと話し合い認知行動療法が開始となった。,,
Aさんの退院に向けて、医師、看護師のチームと連携するメンバーで最も適切なのはどれか。",栄養士,薬剤師,臨床心理士,ゲートキーパー,精神保健福祉相談員,C,,false,,false,notebooklm,2026-04-05T01:24:41.686Z
2019_nrs_19_pm112,nursing,2019,112,2.主な精神疾患・障害の特徴と看護,B.精神作用物質使用による精神・行動の障害,臨床検査および心理検査と看護薬物療法と看護,3,入院後3日までにAさんに出現する可能性が高い症状はどれか。2つ選べ。,観念奔逸,緘　黙,強迫症状,幻　覚,振　戦,D,E,,false,,true,notebooklm,2026-04-05T01:24:41.686Z
2019_nrs_19_pm113,nursing,2019,113,4.精神疾患・障害がある者とその家族への看護,E.家族への看護,家族への教育的介入と支援,3,"入院後3日。面会に来た妻は、飲酒によって多くのトラブルを抱えているAさんへの対応に困っており、Aさんの飲酒行動に対する関わり方について、今後どのようにすればよいか看護師に相談した。,,
Aさんの妻に対する助言で適切なのはどれか。",「飲酒による仕事上の失敗についてAさんと議論しましょう」,「飲酒したいというAさんの気持ちは聞かないようにしましょう」,「Aさんが飲酒したことがわかっても注意はしないようにしましょう」,「Aさんの飲酒によるトラブルを代わりに解決しないようにしましょう」,,D,,false,,false,notebooklm,2026-04-05T01:24:41.686Z
2019_nrs_19_pm114,nursing,2019,114,4.精神疾患・障害がある者とその家族への看護,H.社会資源の活用とケアマネジメント,セルフヘルプグループ、家族会自立支援医療,3,"入院中にAさんは、退院後に再び飲酒してしまうのではないかという不安を看護師に訴えた。,,
Aさんの断酒を支援するための看護師の提案で適切なのはどれか。",共同生活援助＜グループホーム＞への入居,セルフヘルプグループへの参加,行動援護の利用,生活訓練の利用,,B,,false,,false,notebooklm,2026-04-05T01:24:41.686Z
2019_nrs_19_pm115,nursing,2019,115,15.内分泌機能障害のある患者の看護,C.治療を受ける患者への看護,インスリン補充療法,3,"外来受診時にAさんの妻から外来看護師に「2人で協力してインスリン注射することには慣れてきました。たまには夜に夫とゆっくり和食を食べに行きたいのですが、外出時の注射で気を付けることを教えてほしい」と相談があった。,,
Aさんと妻への外来看護師の指導内容で適切なのはどれか。",「お店に着いたらすぐに注射を打ちましょう」,「インスリンを常温で持ち運ぶことはできません」,「注射ができる場所をお店の人に確認しましょう」,「普段よりもインスリン量を増やす必要があります」,,C,,false,,false,notebooklm,2026-04-05T01:24:41.686Z
2019_nrs_19_pm116,nursing,2019,116,6.症状・疾患・治療に応じた地域・在宅看護,B.主な疾患等に応じた在宅看護,糖尿病,3,"インスリン治療開始後3年、Aさんは妻の付き添いで散歩を取り入れ運動療法にも取り組んでいたが、靴ずれが悪化し右第5趾に潰瘍ができた。そこで要介護1の認定を受けて訪問看護が週2回導入され、フットケアの指導が行われることになった。,,
訪問看護師が行う妻への指導内容で適切なのはどれか。2つ選べ。",絆創膏は足趾全体を覆うように貼る。,浸出液の臭いの変化に注意する。,泡立てた石けんで足を洗う。,足浴には42℃の湯を使う。,大きいサイズの靴を履く。,B,C,,false,,true,notebooklm,2026-04-05T01:24:41.686Z
2019_nrs_19_pm117,nursing,2019,117,4.地域・在宅看護実践をめぐる制度の概要,B.地域・在宅看護におけるサービス体系の理解,訪問系サービス通所系サービス,3,"訪問看護が導入されて2か月、Aさんの妻が健康診査後の精査目的で数日間入院することになった。Aさんは妻の入院中もできる限り自宅で過ごしたいと考えている。妻の入院中の対応について、サービス担当者会議が開かれた。,,
この時に訪問看護師が行うAさんへの提案で優先度が高いのはどれか。",通所介護を利用する。,訪問介護を利用する。,配食サービスを利用する。,訪問看護の回数を増やす。,,D,,false,,false,notebooklm,2026-04-05T01:24:41.686Z
2019_nrs_19_pm118,nursing,2019,118,4.臨床実践場面における統合的な判断や対応,A.対象や家族に切れ目のない支援を提供するための継続した看護,,3,外来の看護師の対応で優先するのはどれか。,外国語が話せる医師を呼びに行く。,付き添ってきた友人に通訳を依頼する。,Aさんに外来の処置室で横になってもらう。,Aさんの母国語で書かれた問診表を取りに行く。,,C,,false,,false,notebooklm,2026-04-05T01:24:41.686Z
2019_nrs_19_pm119,nursing,2019,119,4.臨床実践場面における統合的な判断や対応,A.対象や家族に切れ目のない支援を提供するための継続した看護,,3,"Aさんは、急性骨髄性白血病と診断され、血液内科病棟の2人部屋に緊急入院になった。病棟看護師が入院オリエンテーションをするため病室を訪れたところ、同室の患者から「Aさんの香水の香りが強いので、つらい」と訴えがあり、看護師もその香りが気になった。,,
看護師の対応で適切なのはどれか。",同室の患者に別室への移動を勧める。,Aさんに香水を洗い流すよう説明する。,Aさんに香水の使用は医師の許可が必要と説明する。,Aさんに香りが本人および同室の患者の治療に及ぼす影響を説明する。,,D,,false,,false,notebooklm,2026-04-05T01:24:41.686Z
2019_nrs_19_pm120,nursing,2019,120,3.国際化と看護,B.グローバルな社会における看護,多様な文化を考慮した看護,3,"Aさんが入院したという知らせを受けて、Aさんの家族が来日し、病棟に見舞いに来た。Aさんの家族は、Aさんの身の回りの世話を泊まり込みで行うために、大量の私物を持ち込んでいる。,,
看護師の対応で最も適切なのはどれか。",Aさんと家族が納得できる解決策を話し合う。,希望通りAさんの病室に泊まることを許可する。,日本では家族の泊まり込みはできないと説明する。,近隣のホテルに泊まって、日中のみ通うよう勧める。,,A,,false,,false,notebooklm,2026-04-05T01:24:41.686Z
2020_nrs_20_am001,nursing,2020,1,1. 健康の定義と理解,B.健康に関する指標,総人口,3,平成30年（2018年）の日本の総人口に最も近いのはどれか。,1億人,1億600万人,"1億2,600万人","1億4,600万人",,C,,false,,false,notebooklm,2026-04-05T01:24:41.686Z
2020_nrs_20_am002,nursing,2020,2,1. 健康の定義と理解,C.受療状況,有病率、罹患率、受療率,3,平成29年（2017年）の患者調査における外来受療率（人口10万対）で最も多い傷病はどれか。,新生物＜腫瘍＞,呼吸器系の疾患,消化器系の疾患,内分泌、栄養及び代謝疾患,,C,,false,,false,notebooklm,2026-04-05T01:24:41.686Z
2020_nrs_20_am003,nursing,2020,3,2. 健康に影響する要因,B.生活環境,水質、大気、土壌,3,大気汚染物質はどれか。,フロン,カドミウム,メチル水銀,微小粒子状物質（PM2.5）,,D,,false,,false,notebooklm,2026-04-05T01:24:41.686Z
2020_nrs_20_am004,nursing,2020,4,3.看護で活用する社会保障,B.介護保険制度の基本,要介護・要支援の認定,3,要介護認定の申請先はどれか。,市町村,診療所,都道府県,介護保険審査会,,A,,false,,false,notebooklm,2026-04-05T01:24:41.686Z
2020_nrs_20_am005,nursing,2020,5,5.看護に関わる基本的法律,A.保健師助産師看護師法,保健師・助産師・看護師の定義,3,看護師免許の付与における欠格事由として保健師助産師看護師法に規定されているのはどれか。,20歳未満の者,海外に居住している者,罰金以上の刑に処せられた者,伝染性の疾病にかかっている者,,C,,false,,false,notebooklm,2026-04-05T01:24:41.686Z
2020_nrs_20_am006,nursing,2020,6,7.人間のライフサイクル各期の特徴と生活,B.新生児・乳児期,運動能力の発達,3,出生時からみられ、生後4か月ころに消失する反射はどれか。,手掌把握反射,足底把握反射,パラシュート反射,Babinski＜バビンスキー＞反射,,A,,false,,false,notebooklm,2026-04-05T01:24:41.686Z
2020_nrs_20_am007,nursing,2020,7,1. 健康の定義と理解,C.受療状況,有病率、罹患率、受療率,3,平成30年（2018年）の学校保健統計調査における学童期の異常被患率で最も高いのはどれか。,高血圧,摂食障害,心電図異常,むし歯（う歯）,,D,,false,,false,notebooklm,2026-04-05T01:24:41.686Z
2020_nrs_20_am008,nursing,2020,8,7.人間のライフサイクル各期の特徴と生活,G.老年期,心理社会的変化,3,"ハヴィガースト,R.J.が提唱する老年期の発達課題はどれか。",子どもを育てる。,退職と収入の減少に適応する。,社会的責任をともなう行動を望んでなしとげる。,男性あるいは女性としての社会的役割を獲得する。,,B,,false,,false,notebooklm,2026-04-05T01:24:41.686Z
2020_nrs_20_am009,nursing,2020,9,1. 健康の定義と理解,B.健康に関する指標,世帯数,3,平成30年（2018年）の国民生活基礎調査で65歳以上の者のいる世帯の割合に最も近いのはどれか。,10％,30％,50％,70％,,C,,false,,false,notebooklm,2026-04-05T01:24:41.686Z
2020_nrs_20_am010,nursing,2020,10,9.主な看護活動の場と看護の機能,A.看護活動の場と機能・役割,市町村、保健所,3,地域保健法に基づき設置されているのはどれか。,診療所,保健所,地域包括支援センター,訪問看護ステーション,,B,,false,,false,notebooklm,2026-04-05T01:24:41.686Z
2020_nrs_20_am011,nursing,2020,11,10.人体の構造と機能,A.人体の基本的な構造と正常な機能,神経系,3,後頭葉にあるのはどれか。,嗅覚野,視覚野,聴覚野,体性感覚野,,B,,false,,false,notebooklm,2026-04-05T01:24:41.686Z
2020_nrs_20_am012,nursing,2020,12,10.人体の構造と機能,A.人体の基本的な構造と正常な機能,消化器系,3,胃から分泌される消化管ホルモンはどれか。,ガストリン,セクレチン,胃抑制ペプチド,コレシストキニン,,A,,false,,false,notebooklm,2026-04-05T01:24:41.686Z
2020_nrs_20_am013,nursing,2020,13,6.人間の特性,B.対象の特性,疾病・障害・死の受容,3,"キューブラー・ロス,E.による死にゆく人の心理過程で第5段階はどれか。",怒　り,否　認,死の受容,取り引き,,C,,false,,false,notebooklm,2026-04-05T01:24:41.686Z
2020_nrs_20_am014,nursing,2020,14,11.徴候と疾患,A.主要な症状と徴候,意識障害,3,肝性脳症の直接的原因はどれか。,尿　酸,アンモニア,グルコース,ビリルビン,,B,,false,,false,notebooklm,2026-04-05T01:24:41.686Z
2020_nrs_20_am015,nursing,2020,15,11.徴候と疾患,A.主要な症状と徴候,吐血、喀血,3,喀血の特徴はどれか。,酸性である。,泡沫状である。,食物残渣を含む。,コーヒー残渣様である。,,B,,false,,false,notebooklm,2026-04-05T01:24:41.686Z
2020_nrs_20_am016,nursing,2020,16,8.看護の対象としての患者と家族,A.家族の機能,疾病が患者・家族に与える心理・社会的影響,3,緩和ケアの説明で適切なのはどれか。,入院が原則である。,家族もケアの対象である。,創の治癒を目的としている。,患者の意識が混濁した時点から開始する。,,B,,false,,false,notebooklm,2026-04-05T01:24:41.686Z
2020_nrs_20_am017,nursing,2020,17,12.薬物の作用とその管理,B.薬物の管理,薬理効果に影響する要因,3,カルシウム拮抗薬の血中濃度を上げる食品はどれか。,牛　乳,納　豆,ブロッコリー,グレープフルーツ,,D,,false,,false,notebooklm,2026-04-05T01:24:41.686Z
2020_nrs_20_am018,nursing,2020,18,13.看護における基本技術,B.看護過程,情報収集、アセスメント,3,患者の主観的情報はどれか。,苦悶様の顔貌,息苦しさの訴え,飲水量,脈拍数,,B,,false,,false,notebooklm,2026-04-05T01:24:41.686Z
2020_nrs_20_am019,nursing,2020,19,10.人体の構造と機能,A.人体の基本的な構造と正常な機能,泌尿器系,3,健康な成人における1日の平均尿量はどれか。,100mL,500mL,"1,500mL","2,500mL",,C,,false,,false,notebooklm,2026-04-05T01:24:41.686Z
2020_nrs_20_am020,nursing,2020,20,14.日常生活援助技術,D.清潔,手浴、足浴,3,足浴に使用する湯の温度で最も適切なのはどれか。,26～28℃,32～34℃,38～40℃,44～46℃,,C,,false,,false,notebooklm,2026-04-05T01:24:41.686Z
2020_nrs_20_am021,nursing,2020,21,15.患者の安全・安楽を守る看護技術,C.感染対策対策,手指衛生,3,感染予防のための手指衛生で正しいのはどれか。,石けんは十分に泡立てる。,洗面器に溜めた水で洗う。,水分を拭きとるタオルを共用にする。,塗布したアルコール消毒液は紙で拭き取る。,,A,,false,,false,notebooklm,2026-04-05T01:24:41.686Z
2020_nrs_20_am022,nursing,2020,22,16.診療に伴う看護技術,A.栄養法,経管・経腸栄養法,3,経鼻胃管の先端が胃内に留置されていることを確認する方法で正しいのはどれか。,腹部を打診する。,肺音の聴取を行う。,胃管に水を注入する。,胃管からの吸引物が胃内容物であることを確認する。,,D,,false,,false,notebooklm,2026-04-05T01:24:41.686Z
2020_nrs_20_am023,nursing,2020,23,16.診療に伴う看護技術,C.輸液・輸血管理,点滴静脈注射,3,輸液ポンプを使用する目的はどれか。,感染の防止,薬液の温度管理,薬物の効果判定,薬液の注入速度の調整,,D,,false,,false,notebooklm,2026-04-05T01:24:41.686Z
2020_nrs_20_am024,nursing,2020,24,16.診療に伴う看護技術,E.呼吸管理,口腔内・鼻腔内吸引,3,1回の鼻腔内吸引時間の目安で適切なのはどれか。,10～15秒,20～25秒,30～35秒,40～45秒,,A,,false,,false,notebooklm,2026-04-05T01:24:41.686Z
2020_nrs_20_am025,nursing,2020,25,16.診療に伴う看護技術,F.救命救急処置,胸骨圧迫,3,成人の心肺蘇生時の胸骨圧迫の深さの目安はどれか。,2cm,5cm,8cm,11cm,,B,,false,,false,notebooklm,2026-04-05T01:24:41.686Z
2020_nrs_20_am026,nursing,2020,26,4.運動器系,C.骨格筋の構造と機能,骨格筋の構造,3,複数の筋腹が腱で直列につながっている筋はどれか。,咬　筋,上腕二頭筋,腹直筋,大腿四頭筋,,C,,false,,false,notebooklm,2026-04-05T01:24:41.686Z
2020_nrs_20_am027,nursing,2020,27,3.基本的な病因とその成り立ち,"""""""C","人と病原体の関わり""""""",3,ウイルス性肝炎の起炎ウイルスでDNAウイルスはどれか。,A型肝炎ウイルス,B型肝炎ウイルス,C型肝炎ウイルス,E型肝炎ウイルス,,B,,false,,false,notebooklm,2026-04-05T01:24:41.686Z
2020_nrs_20_am028,nursing,2020,28,10.全身の感染性疾患,A.感染性疾患の病態と診断・治療,敗血症,3,成人の敗血症について正しいのはどれか。,徐脈となる。,高血圧となる。,血管透過性が低下する。,全身炎症性反応を認める。,,D,,false,,false,notebooklm,2026-04-05T01:24:41.686Z
2020_nrs_20_am029,nursing,2020,29,11.人々の健康を支える職種やサービス提供体制に関する法や施策,C.サービスの提供体制,医療法,3,医師、歯科医師、薬剤師、看護師その他の医療の担い手は、医療を提供するにあたり、適切な説明を行い、医療を受ける者の理解を得るよう努めなければならないことを定めているのはどれか。,医療法,健康保険法,地域保健法,個人情報の保護に関する法律,,A,,false,,false,notebooklm,2026-04-05T01:24:41.686Z
2020_nrs_20_am030,nursing,2020,30,8.公衆衛生における生活環境への対策,B.食品および食の安全,食中毒の種類と予防,3,食中毒予防の原則である「中心温度75℃以上1分以上の加熱」が有効なのはどれか。,フグ毒,毒キノコ,黄色ブドウ球菌,サルモネラ属菌,,D,,false,,false,notebooklm,2026-04-05T01:24:41.686Z
2020_nrs_20_am031,nursing,2020,31,2.社会の中の集団,A.地域や職場における機能,ソーシャルサポートネットワーク,3,ソーシャルサポートのうち、情緒的サポートはどれか。,傾聴する。,情報提供する。,外出に付き添う。,経済的支援をする。,,A,,false,,false,notebooklm,2026-04-05T01:24:41.686Z
2020_nrs_20_am032,nursing,2020,32,3.看護における基本技術,C.看護過程,情報収集,3,看護過程における情報収集で適切なのはどれか。,既往歴は情報に含めない。,看護計画立案後も情報収集を継続する。,看護問題を特定してから情報収集を開始する。,不安の内容はclosed question＜閉じた質問＞で情報収集する。,,B,,false,,false,notebooklm,2026-04-05T01:24:41.686Z
2020_nrs_20_am033,nursing,2020,33,3.看護における基本技術,H.安楽の確保,安楽を提供するためのケア,3,漸進的筋弛緩法の目的はどれか。,気道の確保,緊張の緩和,麻痺の改善,全身麻酔の導入,,B,,false,,false,notebooklm,2026-04-05T01:24:41.686Z
2020_nrs_20_am034,nursing,2020,34,4.日常生活援助技術,C.排泄,尿失示・便失示のある人への援助,3,尿失禁の種類と対応の組合せで正しいのはどれか。,溢流性尿失禁 -- 排尿間隔の記録,機能性尿失禁 -- 骨盤底筋訓練,切迫性尿失禁 -- 下腹部への軽い刺激,反射性尿失禁 -- 間欠的自己導尿,,D,,false,,false,notebooklm,2026-04-05T01:24:41.686Z
2020_nrs_20_am035,nursing,2020,35,4.日常生活援助技術,E.休息と睡眠,休息と睡眠に影響する要因,3,成人の睡眠中に分泌が増加するホルモンはどれか。,アドレナリン,オキシトシン,成長ホルモン,甲状腺ホルモン,,C,,false,,false,notebooklm,2026-04-05T01:24:41.686Z
2020_nrs_20_am036,nursing,2020,36,4.日常生活援助技術,F.清潔と衣生活,清潔行動・衣生活の自立困難な人への援助,3,患者の状態と寝衣の特徴との組合せで適切なのはどれか。,発熱がある患者 -- 防水性のもの,開腹術直後の患者 -- 上着とズボンに分かれたもの,意識障害のある患者 -- 前開きのもの,下肢に浮腫のある患者 -- 足首にゴムが入っているもの,,C,,false,,false,notebooklm,2026-04-05T01:24:41.686Z
2020_nrs_20_am037,nursing,2020,37,5.診療に伴う看護技術,D.輸液・輸血管理,輸液・輸血の管理方法,3,成人の前腕に静脈留置針を穿刺するときの刺入角度で適切なのはどれか。,10～20度,30～40度,50～60度,70～80度,,A,,false,,false,notebooklm,2026-04-05T01:24:41.686Z
2020_nrs_20_am038,nursing,2020,38,5.診療に伴う看護技術,F. 生体機能のモニタリング,生体検査（エックス線撮影、超音波、CT、MRI、心電図、内視鏡、核医学）,3,生体検査はどれか。,喀痰検査,脳波検査,便潜血検査,血液培養検査,,B,,false,,false,notebooklm,2026-04-05T01:24:41.686Z
2020_nrs_20_am039,nursing,2020,39,3.看護における基本技術,F.感染防止対策,標準予防策＜スタンダードプリコーション＞と感染経路別予防策,3,感染症の予防及び感染症の患者に対する医療に関する法律＜感染症法＞において、重症急性呼吸器症候群＜SARS＞の分類はどれか。,一類感染症,二類感染症,三類感染症,四類感染症,,B,,false,,false,notebooklm,2026-04-05T01:24:41.686Z
2020_nrs_20_am040,nursing,2020,40,9.終末期にある患者および緩和ケアを必要とする患者と家族への看護,B.エンド・オブ・ライフ・ケア＜end-of-life care＞,症状アセスメントとマネジメント,3,"Aさん（63歳、男性）は、右肺癌で化学療法を受けていたが、右腕を動かしたときに上腕から肩にかけて痛みが生じるようになった。検査を行ったところ骨転移が認められ、疼痛の原因と判断された。WHO3段階除痛ラダーに基づいてがん疼痛のコントロールを開始することになった。,,
この時点でAさんに使用する鎮痛薬で適切なのはどれか。",非オピオイド鎮痛薬,弱オピオイド鎮痛薬,強オピオイド鎮痛薬,鎮痛補助薬,,A,,false,,false,notebooklm,2026-04-05T01:24:41.686Z
2020_nrs_20_am041,nursing,2020,41,10.呼吸機能障害のある患者の看護,D.病期や機能障害に応じた看護,気胸,3,"Aさん（24歳、男性）は、突然出現した胸痛と呼吸困難があり、外来を受診した。意識は清明。身長180cm、体重51㎏、胸郭は扁平である。20歳から40本/日の喫煙をしている。バイタルサインは、体温36.2℃、呼吸数20/分（浅い）、脈拍84/分、血圧122/64mmHgである。,,
胸部エックス線写真を示す。,,
Aさんの所見から考えられるのはどれか。",抗菌薬の投与が必要である。,胸腔ドレナージは禁忌である。,右肺野の呼吸音は減弱している。,胸腔内は腫瘍で占められている。,,C,,true,,false,notebooklm,2026-04-05T01:24:41.686Z
2020_nrs_20_am042,nursing,2020,42,13.栄養代謝機能障害のある患者の看護,D.病期や機能障害に応じた看護,肝硬変,3,"Aさん（50歳、男性）は肝硬変と診断され、腹水貯留と黄疸がみられる。,,
Aさんに指導する食事内容で適切なのはどれか。",塩分の少ない食事,脂肪分の多い食事,蛋白質の多い食事,食物繊維の少ない食事,,A,,false,,false,notebooklm,2026-04-05T01:24:41.687Z
2020_nrs_20_am043,nursing,2020,43,15.内分泌機能障害のある患者の看護,A.原因と障害の程度のアセスメントと看護,副腎機能障害,3,Cushing＜クッシング＞症候群の成人女性患者にみられるのはどれか。,貧　血,月経異常,体重減少,肝機能低下,,B,,false,,false,notebooklm,2026-04-05T01:24:41.687Z
2020_nrs_20_am044,nursing,2020,44,16.身体防御機能の障害のある患者の看護,A.原因と障害の程度のアセスメントと看護,皮膚粘膜障害,3,"Aさん（64歳、男性）は、肺炎のため抗菌薬の投与目的で入院となった。治療開始後3日に全身の皮膚、眼瞼結膜および口腔粘膜に紅斑と水疱が出現した。バイタルサインは、体温38.5℃、呼吸数24/分、脈拍80/分、血圧124/80mmHg、経皮的動脈血酸素飽和度＜SpO2＞96％（room air）であった。,,
Aさんに出現している症状から考えられる病態はどれか。",後天性表皮水疱症,Sjögren＜シェーグレン＞症候群,全身性エリテマトーデス,Stevens-Johnson＜スティーブンス・ジョンソン＞症候群,,D,,false,,false,notebooklm,2026-04-05T01:24:41.687Z
2020_nrs_20_am045,nursing,2020,45,19.運動機能障害のある患者の看護,C.治療を受ける患者への看護,内視鏡下手術,3,膝関節鏡検査の説明として適切なのはどれか。,「外来の処置室で行います」,「関節内に空気を入れます」,「検査後1日は入浴できません」,「検査後に下肢の麻痺が起こることはありません」,,C,,false,,false,notebooklm,2026-04-05T01:24:41.687Z
2020_nrs_20_am046,nursing,2020,46,2.高齢者の生活,A.高齢者の機能と評価,手段的日常生活動作＜IADL＞,3,"高齢者の自立度を手段的日常生活動作＜IADL＞尺度を用いて評価した。,,
この尺度にある項目はどれか。",コミュニケーション,自分の服薬管理,トイレ動作,階段昇降,,B,,false,,false,notebooklm,2026-04-05T01:24:41.687Z
2020_nrs_20_am047,nursing,2020,47,3.高齢者の健康,C.老年期における認知機能の変化,知能,3,加齢の影響を受けにくく、高齢になっても維持されやすい認知機能はどれか。,感覚記憶,短期記憶,結晶性知能,流動性知能,,C,,false,,false,notebooklm,2026-04-05T01:24:41.687Z
2020_nrs_20_am048,nursing,2020,48,5.高齢者の生活を支える看護,F.高齢者の活動と休息のバランスの特徴と援助,高齢者の睡眠と生活リズムの特徴,3,"Aさん（80歳、男性）は、1人暮らし。高血圧症で内服治療をしているが健康状態や認知機能に問題はなく、日常生活動作＜ADL＞は自立している。毎朝30分の散歩と買い物を日課とし、週1回は老人クラブでゲートボールをしている。Aさんは受診の際に看護師に「最近、昼食後に居眠りをしてしまう。今は大丈夫だが、このままだと夜眠れなくなるのではないか」と話した。,,
Aさんへの対応で最も適切なのはどれか。",昼食後にも散歩を促す。,主治医に相談するよう勧める。,老人クラブの参加回数を増やすよう勧める。,30分程度の昼寝は夜の睡眠に影響はないと伝える。,,D,,false,,false,notebooklm,2026-04-05T01:24:41.687Z
2020_nrs_20_am049,nursing,2020,49,3.高齢者の健康,B.老年期における身体機能の変化,循環器系,3,加齢に伴う血管壁の硬化による血圧への影響はどれか。,収縮期血圧は上昇し、拡張期血圧は低下する。,収縮期血圧は低下し、拡張期血圧は上昇する。,収縮期血圧も拡張期血圧も上昇する。,収縮期血圧も拡張期血圧も低下する。,,A,,false,,false,notebooklm,2026-04-05T01:24:41.687Z
2020_nrs_20_am050,nursing,2020,50,5.高齢者の生活を支える看護,D.高齢者の排泄の特徴と援助,便秘、下痢,3,加齢によって高齢者に便秘が起こりやすくなる原因で適切なのはどれか。,経口摂取量の低下,味覚の閾値の低下,腸管での水分吸収の低下,直腸内圧感受性の閾値の低下,,A,,false,,false,notebooklm,2026-04-05T01:24:41.687Z
2020_nrs_20_am051,nursing,2020,51,6.さまざまな健康状態や受療状況に応じた高齢者の看護,F.検査を受ける高齢者の看護,検査を受ける高齢者への身体機能・認知機能に応じた援助,3,高齢者がMRI検査を受ける前に、看護師が確認する内容で適切なのはどれか。,「夜はよく眠れますか」,「義歯を装着していますか」,「呼吸が苦しいことはありますか」,「水を飲むときにむせることはありますか」,,B,,false,,false,notebooklm,2026-04-05T01:24:41.687Z
2020_nrs_20_am052,nursing,2020,52,1.子どもと家族を取り巻く環境,C.子どもと家族を取り巻く社会資源の活用,"""""""小児保健医療福祉施策の活用""""""",3,養育医療が定められている法律はどれか。,児童福祉法,母子保健法,発達障害者支援法,児童虐待の防止等に関する法律,,B,,false,,false,notebooklm,2026-04-05T01:24:41.687Z
2020_nrs_20_am053,nursing,2020,53,2.子どもの成長・発達,B.子どもの成長・発達のアセスメント,身体発育の評価,3,乳幼児身体発育調査による、身体発育曲線のパーセンタイル値で正しいのはどれか。,3パーセンタイル未満の児は、要精密検査となる。,50パーセンタイルは同年齢同性の児の平均値を示す。,10パーセンタイルは同年齢同性の児の平均より10％小さいことを示す。,75パーセンタイル以上90パーセンタイル未満の児は、要経過観察となる。,,A,,false,,false,notebooklm,2026-04-05T01:24:41.687Z
2020_nrs_20_am054,nursing,2020,54,7.急性期にある子どもと家族への看護,A.急性症状のある子どもと家族への看護,急性的な経過をたどる疾患の特徴と治療,3,"Aちゃん（11歳、女児）は、5日前から両側の眼瞼浮腫と急な体重増加があり、尿量が少ないため来院した。高度の蛋白尿もみられたため入院し、ネフローゼ症候群と診断されステロイド治療の方針となった。,,
現時点でのAちゃんへの看護で適切なのはどれか。",水分摂取を促す。,病院内を散歩して良いと伝える。,糖分の摂取制限があることを伝える。,一時的に満月様顔貌になることを説明する。,,D,,false,,false,notebooklm,2026-04-05T01:24:41.687Z
2020_nrs_20_am055,nursing,2020,55,3.小児各期における健康増進のための子どもと家族への看護,C.逝びと学習,逝びの意義,3,子どもの遊びで正しいのはどれか。,身体機能の発達を促す。,1歳でごっこ遊びが多くみられる。,感覚遊びは8歳ころからみられるようになる。,テレビの長時間視聴は乳児の言語発達を促す。,,A,,false,,false,notebooklm,2026-04-05T01:24:41.687Z
2020_nrs_20_am056,nursing,2020,56,1.母性看護の対象を取り巻く環境や社会の変遷,A.母子を取り巻く環境,周産期医療のシステム,3,日本の人口動態統計における妊産婦死亡について正しいのはどれか。,出生10万対で示す。,出産後1年までの女性の死亡をいう。,平成28年（2016年）の妊産婦死亡率は、10.1である。,間接産科的死亡に比べて、直接産科的死亡による死因が多い。,,D,,false,,false,notebooklm,2026-04-05T01:24:41.687Z
2020_nrs_20_am057,nursing,2020,57,3.女性のライフサイクル各期における看護,C.更年期・老年期女性の健康と看護,ホルモンの変化,3,更年期女性のホルモン補充療法によってリスクが低くなるのはどれか。,乳　癌,骨粗鬆症,子宮体癌,静脈血栓症,,B,,false,,false,notebooklm,2026-04-05T01:24:41.687Z
2020_nrs_20_am058,nursing,2020,58,4.妊娠期の看護,B.妊婦の健康生活とアセスメント,妊娠による不快症状（マイナートラブル）,3,妊娠の初期と後期のどちらの時期にも起こるマイナートラブルはどれか。,下肢静脈瘤,掻痒感,つわり,頻　尿,,D,,false,,false,notebooklm,2026-04-05T01:24:41.687Z
2020_nrs_20_am059,nursing,2020,59,7.早期新生児期の看護,B.早期新生児期のアセスメント,生理的黄疸,3,早期新生児の生理的黄疸で正しいのはどれか。,生後24時間以内に出現し始める。,皮膚の黄染は、腹部から始まる。,生後4、5日でピークとなる。,便が灰白色になる。,,C,,false,,false,notebooklm,2026-04-05T01:24:41.687Z
2020_nrs_20_am060,nursing,2020,60,7.精神保健医療福祉における多職種連携,A.多職種連携と看護の役割,連携する他職種（医師、歯科医師、保健師、助産師、精神保健福祉士、作業療法士、介護支援専門員、精神保健福祉相談員、゜アサポーター、薬剤師、公認心理師）の役割,3,都道府県知事の任命を受けて、精神保健福祉センターで精神障害者や家族の相談を行うのはどれか。,ゲートキーパー,ピアサポーター,精神保健福祉相談員,退院後生活環境相談員,,C,,false,,false,notebooklm,2026-04-05T01:24:41.687Z
2020_nrs_20_am061,nursing,2020,61,4.精神疾患・障害がある者とその家族への看護,F.社会復帰・社会参加への支援,入院患者の退院支援、地域移行・地域定着支援,3,"Aさん（57歳、女性）は1人暮らし。統合失調症で精神科病院への入退院を繰り返しており、今回は入院してから1年が経過している。日常生活動作＜ADL＞はほぼ自立し、服薬の自己管理ができるようになってきた。,,
Aさんが退院に向けて利用するサービスとして適切なのはどれか。",療養介護,施設入所支援,地域移行支援,自立訓練としての機能訓練,,C,,false,,false,notebooklm,2026-04-05T01:24:41.687Z
2020_nrs_20_am062,nursing,2020,62,2.主な精神疾患・障害の特徴と看護,E.神経症性障害、ストレス関連障害、身体表現性障害,臨床検査および心理検査と看護薬物療法と看護,3,選択的セロトニン再取り込み阻害薬＜SSRI＞で正しいのはどれか。,パニック障害に対して有効である。,抗コリン作用は三環系抗うつ薬よりも強い。,うつ症状が改善したら使用はすぐに中止する。,抗うつ効果の評価は使用開始後3日以内に行う。,,A,,false,,false,notebooklm,2026-04-05T01:24:41.687Z
2020_nrs_20_am063,nursing,2020,63,6.精神保健医療福祉の変遷と法や施策,C.精神保健及び精神障害者福祉に関する法律＜精神保健福祉法＞の運用,精神保健指定医,3,精神保健指定医について正しいのはどれか。,医療法で規定されている。,都道府県知事が指定する。,障害年金の支給判定を行う。,精神科病院入院患者の行動制限にかかわる医学的判定を行う。,,D,,false,,false,notebooklm,2026-04-05T01:24:41.687Z
2020_nrs_20_am064,nursing,2020,64,3.地域・在宅看護における安全と健康危機管理,A.在宅療養者の日常生活における安全管理,転倒・転落の防止,3,筋力低下のある在宅療養者の家屋環境において転倒するリスクが最も高いのはどれか。,深い浴槽,段差がない床,整理整頓された部屋,足元灯を設置した廊下,,A,,false,,false,notebooklm,2026-04-05T01:24:41.687Z
2020_nrs_20_am065,nursing,2020,65,6.症状・疾患・治療に応じた地域・在宅看護,B.主な疾患等に応じた在宅看護,認知症,3,"Aさん（75歳、男性）は妻（66歳）と2人暮らし。3か月前に認知症の診断を受けた。妻から訪問看護師に「夫は通所介護のときは穏やかに過ごしていると聞いているが、家では興奮することが多く、どう対応すればよいかわからない」と相談があった。,,
このときの妻に対する訪問看護師の最初の対応で適切なのはどれか。",主治医に相談するよう勧める。,Aさんと散歩に出かけることを勧める。,通所介護の頻度を増やすことを提案する。,Aさんが興奮する状況を妻と一緒に振り返る。,,D,,false,,false,notebooklm,2026-04-05T01:24:41.687Z
2020_nrs_20_am066,nursing,2020,66,5.療養の場に応じた地域・在宅看護,B.療養の場の移行に伴う看護,退院前カンファレンス,3,"Aさん（83歳、女性）は、1人暮らし。誤嚥性肺炎で入退院を繰り返していた。今回の退院後に、訪問看護が導入されることになり、退院前カンファレンスが行われた。,,
誤嚥性肺炎の再発を予防するために病棟看護師が訪問看護師に情報提供する内容で優先されるのはどれか。",嚥下機能検査の判定結果,栄養状態を示す検査データ,入院中の日常生活動作＜ADL＞,誤嚥性肺炎の治療に用いられた薬剤,,A,,false,,false,notebooklm,2026-04-05T01:24:41.687Z
2020_nrs_20_am067,nursing,2020,67,2.地域・在宅看護における基盤となる概念,D.地域・在宅看護の目的と特徴,ケアマネジメント,3,介護保険制度におけるケアマネジメントで適切なのはどれか。,家族の介護能力はアセスメントに含めない。,介護支援専門員が要介護状態区分を判定する。,利用者が介護サービス計画を作成することはできない。,モニタリングの結果に基づき介護サービス計画の修正を行う。,,D,,false,,false,notebooklm,2026-04-05T01:24:41.687Z
2020_nrs_20_am068,nursing,2020,68,1.看護におけるマネジメント,C.看護業務のマネジメント,複数の看護業務が同時に発生した場合の判断や対処方法,3,"夜勤帯に、A看護師がスタッフステーションで抗菌薬の点滴静脈内注射を準備しているときに、発汗した患者から寝衣交換の依頼があり、別の患者から口渇で飲水したいという希望があった。直後に患者に装着されている人工呼吸器のアラームが鳴った。他の看護師は別の病室で重症者のケアをしている。,,
A看護師が最も優先すべきなのはどれか。",点滴静脈内注射の準備,発汗した患者の寝衣交換,飲水を希望する患者への対応,人工呼吸器を装着している患者の観察,,D,,false,,false,notebooklm,2026-04-05T01:24:41.687Z
2020_nrs_20_am069,nursing,2020,69,1.看護におけるマネジメント,E.医療安全を維持する仕組みと対策,安全管理体制整備、医療安全文化の醸成,3,病院における医療安全文化の醸成につながる行動はどれか。,食事介助は30分以内で行うルールを決める。,他の病棟で起こったインシデントについて学ぶ。,薬剤を間違えても影響がない場合は患者に説明しない。,水薬の内服時にこぼれた量が少ない場合はそのままとする。,,B,,false,,false,notebooklm,2026-04-05T01:24:41.687Z
2020_nrs_20_am070,nursing,2020,70,1.看護におけるマネジメント,A.看護におけるマネジメントの目的と方法,看護組織の構成と職務,3,プリセプターシップの説明で正しいのはどれか。,仕事と生活の調和を図ること,主体的に自らのキャリアを計画し組み立てること,チームリーダーのもとに看護ケアを提供すること,経験のある看護師が新人看護師を1対1で指導・助言すること,,D,,false,,false,notebooklm,2026-04-05T01:24:41.687Z
2020_nrs_20_am071,nursing,2020,71,2.災害と看護,B.災害各期の特徴と看護,災害時に生じやすい健康被害の特徴,3,大規模災害発生後2か月が経過し、応急仮設住宅で生活を始めた被災地の住民に出現する可能性が高い健康問題はどれか。,慢性疾患の悪化,消化器感染症の発症,深部静脈血栓症の発症,急性ストレス障害の発症,,A,,false,,false,notebooklm,2026-04-05T01:24:41.687Z
2020_nrs_20_am072,nursing,2020,72,3.国際化と看護,A.グローバル化に伴う世界の健康目標と課題,世界共通の健康目標,3,国際連合＜UN＞で採択された2016年から2030年までの開発に関する世界的な取り組みはどれか。,持続可能な開発目標＜Sustainable Development Goals：SDGs＞,ミレニアム開発目標＜Millennium Development Goals：MDGs＞,プライマリヘルスケア,政府開発援助＜ODA＞,,A,,false,,false,notebooklm,2026-04-05T01:24:41.687Z
2020_nrs_20_am073,nursing,2020,73,3.国際化と看護,B.グローバルな社会における看護,看護の対象となる人々（在留外国人、在外日本人、帰国日本人、国際協力活動を必要とする人々）の健康課題,3,"Aさん（52歳、男性）は、49歳から高血圧症で内服治療と食事や運動に関する生活指導を受けている。2か月間の予定で開発途上国に出張することになり、予防接種を受ける目的で渡航外来を受診した。Aさんから「渡航にあたって何か注意することはありますか」と質問があった。,,
Aさんへの看護師の説明で適切なのはどれか。",「出張中は、減塩の必要はありません」,「出張先では有酸素運動は控えましょう」,「現地に到着してから健康診断を受診しましょう」,「持参する高血圧症の薬について、かかりつけ医に相談しましょう」,,D,,false,,false,notebooklm,2026-04-05T01:24:41.687Z
2020_nrs_20_am074,nursing,2020,74,12.代謝系,B.物質代謝,ビリルビンの代謝,3,血液中のビリルビンの由来はどれか。,核　酸,メラニン,アルブミン,グリコゲン,ヘモグロビン,E,,false,,false,notebooklm,2026-04-05T01:24:41.687Z
2020_nrs_20_am075,nursing,2020,75,9.生体の防御機構,B.特異的生体防御反応（免疫系）,細胞性免疫,3,抗原によって感作されたTリンパ球による細胞性免疫が主体となるのはどれか。,花粉症,蕁麻疹,ツベルクリン反応,アナフィラキシーショック,インフルエンザの予防接種,C,,false,,false,notebooklm,2026-04-05T01:24:41.687Z
2020_nrs_20_am076,nursing,2020,76,6.循環機能,A.心臓の疾患の病態と診断・治療,弁膜症（大動脈弁疾患、僧帽弁疾患）,3,後天性の大動脈弁狭窄症について正しいのはどれか。,二尖弁が多い。,弁尖の石灰化による。,左室壁は徐々に薄くなる。,拡張期に心雑音を聴取する。,心筋の酸素需要は減少する。,B,,false,,false,notebooklm,2026-04-05T01:24:41.687Z
2020_nrs_20_am077,nursing,2020,77,8.内部環境調節機能,A.内分泌系の疾患の病態と診断・治療,副腎皮質・髄質疾患,3,褐色細胞腫でみられるのはどれか。,高血糖,中心性肥満,満月様顔貌,血清カリウム濃度の低下,副腎皮質ホルモンの産生の亢進,A,,false,,false,notebooklm,2026-04-05T01:24:41.687Z
2020_nrs_20_am078,nursing,2020,78,12.神経機能,B.末梢神経系の疾患の病態と診断・治療,Guillain-Barré＜ギラン・バレー＞症候群顔面神経麻痺（Bell＜ベル＞麻痺）,3,Guillain-Barré＜ギラン・バレー＞症候群で正しいのはどれか。,若年者に多い。,遺伝性疾患である。,骨格筋に病因がある。,症状に日内変動がある。,抗ガングリオシド抗体が出現する。,E,,false,,false,notebooklm,2026-04-05T01:24:41.687Z
2020_nrs_20_am079,nursing,2020,79,5.社会福祉の基本,D.生活保護に関する制度,扶助の種類と内容,3,"生活保護法で実施される扶助は、生活扶助、介護扶助、住宅扶助、出産扶助を含めて（　）種類である。,,
（　）に入る数字はどれか。",5,6,7,8,9,D,,false,,false,notebooklm,2026-04-05T01:24:41.687Z
2020_nrs_20_am080,nursing,2020,80,3.看護における基本技術,A.コミュニケーション,コミュニケーションの基本的な技法,3,カウンセリングの基本的態度で適切なのはどれか。,査　定,指　示,受　容,同　化,評　価,C,,false,,false,notebooklm,2026-04-05T01:24:41.687Z
2020_nrs_20_am081,nursing,2020,81,3.看護における基本技術,E.フィジカルアセスメント,全身の診察（全身の観察、バイタルサイン）,3,"成人の人体図を示す。,,
意識清明で不整脈のある成人の脈拍測定時に一般的に使われる部位はどれか。",A,B,C,D,E,C,,true,,false,notebooklm,2026-04-05T01:24:41.687Z
2020_nrs_20_am082,nursing,2020,82,5.診療に伴う看護技術,B.皮膚・創傷管理,創傷の治癒過程,3,感染徴候のない創部の治癒を促進する要因はどれか。,圧　迫,痂　皮,湿　潤,消　毒,浮　腫,C,,false,,false,notebooklm,2026-04-05T01:24:41.687Z
2020_nrs_20_am083,nursing,2020,83,2.子どもの成長・発達,C.小児期における成長・発達の特徴,消化器系,3,小児期における消化器の特徴で正しいのはどれか。,新生児期は胃内容物が食道に逆流しやすい。,乳児期のリパーゼの活性は成人と同程度である。,ラクターゼの活性は1歳以降急速に高まる。,アミラーゼの活性は12～13歳で成人と同程度になる。,出生直後の腸内細菌叢は母親の腸内細菌叢の構成と同一である。,A,,false,,false,notebooklm,2026-04-05T01:24:41.687Z
2020_nrs_20_am084,nursing,2020,84,5.感覚器系,D.平衡感覚,平衡器官の構造,3,感覚受容にリンパ液の動きが関与するのはどれか。2つ選べ。,嗅　覚,聴　覚,味　覚,振動感覚,平衡感覚,B,E,,false,,true,notebooklm,2026-04-05T01:24:41.687Z
2020_nrs_20_am085,nursing,2020,85,8.体液,B.体液の調節,酸塩基平衡,3,血液のpH調節に関わっているのはどれか。2つ選べ。,胃,肺,心　臓,腎　臓,膵　臓,B,D,,false,,true,notebooklm,2026-04-05T01:24:41.687Z
2020_nrs_20_am086（不備問題複数回答）,nursing,2020,0,疾病の成り立ちと回復の促進,,,3,悪性貧血で正しいのはどれか。2つ選べ。,黄疸が生じる。,異食症が出現する。,小球性の貧血である。,胃癌の発症率が高い。,自己免疫機序で発症する。,A,D,E,,false,,true,notebooklm,2026-04-05T01:24:41.687Z
2020_nrs_20_am087,nursing,2020,87,4.社会保険制度の基本,E.その他の関係法規,労働者災害補償保険法,3,労働者災害補償保険法に規定されているのはどれか。2つ選べ。,通勤災害時の療養給付,失業時の教育訓練給付金,災害発生時の超過勤務手当,有害業務従事者の健康診断,業務上の事故による介護補償給付,A,E,,false,,true,notebooklm,2026-04-05T01:24:41.687Z
2020_nrs_20_am088,nursing,2020,88,20.排尿機能障害のある患者の看護,D.病期や機能障害に応じた看護,腎・尿路結石,3,尿管結石症の治療で適切なのはどれか。2つ選べ。,尿路変更術,血管拡張薬の投与,カルシウム製剤の投与,体外衝撃波砕石術＜ESWL＞,非ステロイド系抗炎症薬の投与,D,E,,false,,true,notebooklm,2026-04-05T01:24:41.687Z
2020_nrs_20_am089,nursing,2020,89,6.慢性疾患がある患者と家族の看護,D.社会的支援の獲得への援助,多職種連携,3,"Aさん（38歳、女性）は、大腸癌の終末期である。癌性腹膜炎による症状緩和の目的で入院し、鎮痛薬の静脈内注射と高カロリー輸液が開始された。Aさんは自宅で過ごしたいと希望したため、医師と看護師で検討し、症状緩和をしながら自宅退院の方向で退院支援カンファレンスを開催することになった。,,
退院支援カンファレンスの参加者で適切なのはどれか。2つ選べ。",薬剤師,言語聴覚士,臨床検査技師,介護支援専門員,ソーシャルワーカー,A,E,,false,,true,notebooklm,2026-04-05T01:24:41.687Z
2020_nrs_20_am090,nursing,2020,90,5.高齢者の生活を支える看護,B.高齢者の安全な活動への援助,活動の縮小の影響(廃用症候群、フレイル、閉じこもり）,3,身体的フレイルの評価基準はどれか。2つ選べ。,視力低下,体重減少,聴力低下,歩行速度の低下,腸蠕動運動の低下,B,D,,false,,true,notebooklm,2026-04-05T01:24:41.687Z
2020_nrs_20_am091,nursing,2020,91,5.周術期にある患者と家族の看護,A.術前の看護,術後合併症のリスクアセスメントと援助,3,手術までの自宅でのAさんの過ごし方で、優先して指導すべき内容はどれか。,食事制限,足趾の運動,ベッド上安静,体位変換の方法,,B,,false,,false,notebooklm,2026-04-05T01:24:41.687Z
2020_nrs_20_am092,nursing,2020,92,5.周術期にある患者と家族の看護,B.術中の看護,麻酔による影響と援助,3,"Aさんは入院し、手術を受けた。手術室から病室への帰室後1時間、Aさんのバイタルサインは、体温35.9℃、呼吸数16/分、いびき様呼吸、脈拍60/分、血圧145/87mmHg、経皮的動脈血酸素飽和度＜SpO2＞96％（鼻腔カニューレ3L/分酸素投与下）。大きな声で呼ぶと開眼し、簡単な指示に従うことができる。尿量は70mL/時、血糖値128mg/dLであった。,,
看護師が優先して対処すべきAさんの症状・徴候はどれか。",体温35.9℃,いびき様呼吸,血圧145/87mmHg,尿量70mL/時,血糖値128mg/dL,B,,false,,false,notebooklm,2026-04-05T01:24:41.687Z
2020_nrs_20_am093,nursing,2020,93,5.周術期にある患者と家族の看護,D.術後合併症と予防,深部静脈血栓症、肺血栓塞栓症,3,"手術後2日。Aさんはバイタルサインも安定しているため、離床の準備を始めることになった。,,
初回離床時に最も注意すべき訴えはどれか。",「息苦しい」,「腰が重い」,「痰が出る」,「傷口が引きつる」,,A,,false,,false,notebooklm,2026-04-05T01:24:41.687Z
2020_nrs_20_am094,nursing,2020,94,16.身体防御機能の障害のある患者の看護,B.検査・処置を受ける患者への看護,骨髄検査,3,Aさんの骨髄穿刺の30分後に観察すべき項目で優先度が高いのはどれか。,経皮的動脈血酸素飽和度,穿刺部の止血状態,下肢の運動障害,眼瞼結膜,,B,,false,,false,notebooklm,2026-04-05T01:24:41.687Z
2020_nrs_20_am095,nursing,2020,95,16.身体防御機能の障害のある患者の看護,C.治療を受ける患者への看護,造血幹細胞移植,3,"Aさんは急性骨髄性白血病と診断された。化学療法によって寛解し、造血幹細胞移植を行う方針となった。,,
Aさんの造血幹細胞移植で正しいのはどれか。",Aさんと骨髄提供者の性別が一致している必要がある。,移植後2週間で退院できる。,移植前処置が必要である。,手術室で行う。,,C,,false,,false,notebooklm,2026-04-05T01:24:41.687Z
2020_nrs_20_am096,nursing,2020,96,16.身体防御機能の障害のある患者の看護,C.治療を受ける患者への看護,造血幹細胞移植,3,"造血幹細胞移植後、生着が確認された。皮膚にStageⅠの移植片対宿主病を発症したが、免疫抑制薬の内服を継続しつつ退院することになった。,,
Aさんの退院に向けた看護師の指導で正しいのはどれか。2つ選べ。",「皮膚の状態がよくなれば免疫抑制薬は中止してください」,「加熱していない魚介類を食べるのは避けましょう」,「インフルエンザワクチンの接種は避けてください」,「直射日光に当たらないようにしましょう」,「入浴は最小限にしてください」,B,D,,false,,true,notebooklm,2026-04-05T01:24:41.687Z
2020_nrs_20_am097,nursing,2020,97,6.さまざまな健康状態や受療状況に応じた高齢者の看護,E.終末期にある高齢者と家族への看護,アドバンス・ケア・プランニング＜ACP＞,3,Aさんの死の迎え方を決めるために優先されるのはどれか。,主治医の治療方針,施設の職員のケア方針,入所時のAさんの意思,現在のAさんと家族の意思,,D,,false,,false,notebooklm,2026-04-05T01:24:41.687Z
2020_nrs_20_am098,nursing,2020,98,6.さまざまな健康状態や受療状況に応じた高齢者の看護,E.終末期にある高齢者と家族への看護,苦痛の緩和と安楽への援助,3,"Aさんは、食事を全く食べず、水分も取らなくなり、皮膚も乾燥してきた。家族は毎日面会にきて声をかけているが、反応がなくなってきた。,,
Aさんが死に向かう中で、穏やかに過ごすための援助で適切なのはどれか。",好きな音楽をかける。,輸液療法を検討する。,家族の面会を制限する。,皮膚の清潔ケアを頻回に行う。,,A,,false,,false,notebooklm,2026-04-05T01:24:41.687Z
2020_nrs_20_am099,nursing,2020,99,6.さまざまな健康状態や受療状況に応じた高齢者の看護,E.終末期にある高齢者と家族への看護,高齢者のエンド・オブ・ライフ・ケア,3,"3日後、Aさんは声かけに全く反応しなくなったため、看護師は死期が迫っていると判断した。,,
看護師が観察するAさんの状態はどれか。",尿量の増加,流涎の増加,下痢便の出現,下顎呼吸の出現,,D,,false,,false,notebooklm,2026-04-05T01:24:41.687Z
2020_nrs_20_am100,nursing,2020,100,9.多様な場で生活する高齢者を支える看護,C.地域でサービスを利用しながら暮らす高齢者の暮らしと看護,サービスを利用する高齢者の暮らしの特徴と看護の役割,3,"通所の初日、Aさんは、初めての場所に戸惑った様子で、施設内を歩き回っている様子がみられた。妻は「夫がデイサービスに慣れるか心配です」と言って、Aさんの様子をみている。,,
妻への看護師の声かけで最も適切なのはどれか。",「Aさんが好きなことをして過ごせるようにします」,「入口のドアに鍵をかけてあるので大丈夫です」,「毎回、Aさんに付き添ってください」,「Aさんには1人で居てもらいます」,,A,,false,,false,notebooklm,2026-04-05T01:24:41.687Z
2020_nrs_20_am101,nursing,2020,101,7.高齢者に特有な症候・疾患・障害と看護,E.認知機能が低下した高齢者の看護,認知症高齢者と家族の支援,3,"通所介護でレクリエーションが始まり、Aさんは周囲を見ていたが、しばらくするとそわそわしながら席を離れていなくなった。その後、看護師は、介護職員からAさんがゴミ箱に排尿していたという報告を受けた。,,
このときのAさんへの看護師の対応で適切なのはどれか。",目立たない場所にゴミ箱を置く。,1時間ごとに尿意を確認する。,パンツ型おむつを勧める。,トイレの際は同行する。,,D,,false,,false,notebooklm,2026-04-05T01:24:41.687Z
2020_nrs_20_am102,nursing,2020,102,7.高齢者に特有な症候・疾患・障害と看護,E.認知機能が低下した高齢者の看護,認知症高齢者と家族の支援,3,"入浴の時間になり、Aさんは浴槽を見て「あれは、何？」と興味を示したが、介護職員が入浴を勧めると「今日はやめておく」と言う。看護師が再度入浴を勧めると、Aさんは「今日は忙しくて時間がない」と答えている。,,
Aさんへの看護師の対応で最も適切なのはどれか。",全身清拭を行う。,浴槽の説明を行う。,自宅で入浴してもらう。,時間をおいてから再度入浴を勧める。,,D,,false,,false,notebooklm,2026-04-05T01:24:41.687Z
2020_nrs_20_am103,nursing,2020,103,4.病気や診療・入院が子どもと家族に与える影響と看護,B.プレパレーション,検査・処置を受ける子どもと家族への支援,3,ギプス固定にあたり、A君への看護師の説明で適切なのはどれか。,痛くないことを説明する。,すぐ終わることを説明する。,ギプスが乾くときに冷たくなると説明する。,ギプスに使うものを見せながら説明する。,,D,,false,,false,notebooklm,2026-04-05T01:24:41.687Z
2020_nrs_20_am104,nursing,2020,104,7.急性期にある子どもと家族への看護,C.周手術期における子どもと家族への看護,手術後の身体状態のアセスメントと援助,3,"A君は、整復術後の経過観察のため1泊入院することになった。,,
整復術後の合併症の観察方法で適切なのはどれか。",患側の肩の皮膚色を観察する。,患肢の観察は8時間ごとに行う。,感覚鈍麻の有無は患肢の手指を触れて観察する。,冷感はギプスの中に看護師が手を入れて観察する。,,C,,false,,false,notebooklm,2026-04-05T01:24:41.687Z
2020_nrs_20_am105,nursing,2020,105,8.慢性的な疾患・障害がある子どもと家族への看護,A.先天性疾患や慢性的な経過をとる疾患をもつ子どもと家族への看護,学習支援、復学支援,3,"退院時、A君は「明日から学校に行けるかな」と看護師に質問した。看護師は、学校には行けることを伝えた後、学校生活における注意点を説明することにした。,,
A君への説明で適切なのはどれか。",「右手の指は使わないでね」,「ギプスは濡れても大丈夫だよ」,「ギプスをぶつけないようにしてね」,「体育の授業は休まなくてもいいよ」,,C,,false,,false,notebooklm,2026-04-05T01:24:41.687Z
2020_nrs_20_am106,nursing,2020,106,4.妊娠期の看護,C.妊婦と家族への看護,マイナートラブルへの対処,3,Aさんへの説明で適切なのはどれか。,「空腹を避けましょう」,「塩味を濃くしましょう」,「規則正しく3食摂りましょう」,「市販の調理済みの食品は控えましょう」,,A,,false,,false,notebooklm,2026-04-05T01:24:41.687Z
2020_nrs_20_am107,nursing,2020,107,4.妊娠期の看護,B.妊婦の健康生活とアセスメント,食生活,3,"妊娠12週の妊婦健康診査の際、「つわりが少し楽になってきて、ついつい食べてしまいます。あまり太らない方がよいですよね」と話す。,,
Aさんの妊娠期間中の理想体重増加量の範囲について、下限と上限の組合せで正しいのはどれか。",7kg -- 10kg,7kg -- 12kg,9kg -- 10kg,9kg -- 12kg,,B,,false,,false,notebooklm,2026-04-05T01:24:41.687Z
2020_nrs_20_am108,nursing,2020,108,1.母性看護の対象を取り巻く環境や社会の変遷,C.働く妊産婦への支援に関する法や施策,育児休業、介護休業等育児又は家族介護を行う労働者の福祉に関する法律＜育児・介護休業法＞,3,"Aさんは、妊娠34週4日の妊婦健康診査を受けた。Aさんの母は祖母の介護をしており、産後の支援を期待できない。妊婦健康診査後、「産後は夫と2人で子育てをしていきます。子育てのために何か利用できる制度はありますか」と相談があった。,,
産後、Aさんの夫が適用となる制度はどれか。",育児休業,育児時間,休日労働の制限,勤務時間の変更,,A,,false,,false,notebooklm,2026-04-05T01:24:41.687Z
2020_nrs_20_am109,nursing,2020,109,7.早期新生児期の看護,B.早期新生児期のアセスメント,Apgar＜アプガー＞スコア,3,このときの児のApgar＜アプガー＞スコアは何点か。,10点,8点,6点,4点,,A,,false,,false,notebooklm,2026-04-05T01:24:41.687Z
2020_nrs_20_am110,nursing,2020,110,6.産褥期の看護,C.褥婦と家族への看護,親子の愛着形成の支援,3,"出生後1時間。児の状態は、直腸温37.0℃、呼吸数40/分、心拍数120/分、経皮的動脈血酸素飽和度＜SpO2＞96％（room air）、四肢冷感やチアノーゼを認めない。哺乳は開始していない。Aさんの経過は順調である。,,
このときの児への看護で適切なのはどれか。",ビタミンK<sub>2</sub>シロップを経口投与する。,風通しの良いところに児を寝かせる。,先天性代謝異常検査を行う。,早期母子接触を行う。,,D,,false,,false,notebooklm,2026-04-05T01:24:41.687Z
2020_nrs_20_am111,nursing,2020,111,6.産褥期の看護,B.褥婦の健康と生活のアセスメント,子宮復古,3,"産褥4日。Aさんは、血圧112/80mmHg、脈拍76/分、Hb 11.2g/dL、Ht 37.0％。子宮底を臍下4横指に硬く触れる。悪露は赤褐色で少量。凝血の混入や悪臭はない。乳房は緊満しており移行乳が分泌している。Aさんは「夜中も3時間ごとくらいに授乳をするためほとんど眠れていません」と話している。表情は穏やかである。,,
Aさんのアセスメントとして適切なのはどれか。",貧血である。,産後うつ病である。,子宮復古は順調である。,乳汁分泌が遅れている。,,C,,false,,false,notebooklm,2026-04-05T01:24:41.687Z
2020_nrs_20_am112,nursing,2020,112,2.主な精神疾患・障害の特徴と看護,C.統合失調症、統合失調症型障害および妄想性障害,臨床検査および心理検査と看護薬物療法と看護,3,職場でAさんにみられる可能性が高い行動はどれか。,仕事中に突然意識を失って倒れる。,退勤時に戸締りの確認を繰り返す。,集中して仕事をすることができない。,状況にふさわしくない単語の発声を繰り返す。,,C,,false,,false,notebooklm,2026-04-05T01:24:41.687Z
2020_nrs_20_am113,nursing,2020,113,4.精神疾患・障害がある者とその家族への看護,E.家族への看護,家族への教育的介入と支援,3,"診察後、Aさんの両親は「親としてどうしたら良かったのでしょうか、私たちの育て方に問題があったのでしょうか」と外来看護師に話した。,,
このときのAさんの両親への対応として適切なのはどれか。",「Aさんは育てにくいお子さんでしたね」,「職場の環境が悪かったことが原因です」,「ご両親の育て方が原因ではないと思いますよ」,「もっと早くAさんの問題に気が付けばよかったですね」,,C,,false,,false,notebooklm,2026-04-05T01:24:41.687Z
2020_nrs_20_am114,nursing,2020,114,4.精神疾患・障害がある者とその家族への看護,B.心理・社会的療法,生活技能訓練＜SST＞,3,"Aさんは予約した受診日を忘れてしまい、受診できないことが度々あった。Aさんは、これまで忘れないための工夫を何もしてこなかったと外来看護師に話した。,,
Aさんへの対応で最も適切なのはどれか。",「ご家族に予定を管理してもらいましょう」,「忘れてしまった理由を考えてみましょう」,「予定を忘れたことで生じる不利益を整理してみましょう」,「今予約した次回の受診日をこの場で予定表に書き込みましょう」,,D,,false,,false,notebooklm,2026-04-05T01:24:41.687Z
2020_nrs_20_am115,nursing,2020,115,4.地域・在宅看護実践をめぐる制度の概要,B.地域・在宅看護におけるサービス体系の理解,訪問系サービス,3,このときの訪問看護師が提案するAさんへのサービスで最も適切なのはどれか。,通所介護,訪問介護,短期入所生活介護,訪問リハビリテーション,,B,,false,,false,notebooklm,2026-04-05T01:24:41.687Z
2020_nrs_20_am116,nursing,2020,116,6.症状・疾患・治療に応じた地域・在宅看護,B.主な疾患等に応じた在宅看護,脳血管疾患,3,"サービス導入後1か月。今朝、妻から訪問看護師に「夫の身体が震えています。よだれを垂らして、目が合わないです」と連絡があった。訪問看護師が訪問すると、Aさんの震えは止まっており、Aさん自身は「何が起きていたのか覚えていない」と言う。訪問時の体温36.0℃、呼吸数18/分、脈拍82/分、血圧130/62mmHg、経皮的動脈血酸素飽和度＜SpO2＞95％（room air）であった。妻によると、2日間排便がなく、尿量1,500mL/日、尿の性状は黄色透明とのことだった。,,
妻からの連絡時にAさんに起きていたと考えられる状態はどれか。",感　染,脱　水,便　秘,けいれん,,D,,false,,false,notebooklm,2026-04-05T01:24:41.687Z
2020_nrs_20_am117,nursing,2020,117,7.在宅療養生活を支える看護,E.在宅療養者の移動を支えるケア,移動時の安全確保,3,"Aさんは入院したが、状態が安定し入院後3日で退院することが決まった。長女が「父が退院したら、母の腰痛が心配なので、私が父のポータブルトイレへの移動を手伝いたいと思います。介助の方法を教えてください」と訪問看護師に相談があった。,,
訪問看護師が長女に指導するベッドからポータブルトイレへの移乗の介助方法で正しいのはどれか。",ポータブルトイレをAさんの麻痺側に設置する。,ベッドから立ち上がる際はAさんに前傾姿勢になってもらう。,Aさんの健側に立って介助する。,Aさんの向きを変えるときはズボンのウエスト部分を持つ。,,B,,false,,false,notebooklm,2026-04-05T01:24:41.687Z
2020_nrs_20_am118,nursing,2020,118,2.災害と看護,B.災害各期の特徴と看護,災害時に生じやすい健康被害の特徴,3,搬送直後の夫の血液検査データで、高値が予想されるのはどれか。2つ選べ。,カリウム,カルシウム,ヘモグロビン＜Hb＞,総コレステロール,クレアチンキナーゼ＜CK＞,A,E,,false,,true,notebooklm,2026-04-05T01:24:41.687Z
2020_nrs_20_am119,nursing,2020,119,2.災害と看護,B.災害各期の特徴と看護,災害各期における要支援者を含むすべての被災者への看護,3,"被災当日にBさんはCちゃんとともに避難所に入所した。被災後1日、Bさんは巡回してきた看護師に「今妊娠20週目ですが、おなかが張ることがあります」と話した。,,
看護師が確認する項目で優先度が高いのはどれか。",下肢の浮腫の程度,食事の摂取状況,性器出血の有無,排泄状況,,C,,false,,false,notebooklm,2026-04-05T01:24:41.687Z
2020_nrs_20_am120,nursing,2020,120,2.災害と看護,A.災害時の医療を支えるしくみ,災害時の医療体制,3,"Bさんに異常は認められなかったが、Cちゃんも不安な表情でBさんの傍にいる姿をみて、看護師はBさんとCちゃんは福祉避難所への移動が必要ではないかと考えた。,,
福祉避難所への移動のために看護師が連携する者で適切なのはどれか。",精神科医,民生委員,A市の保健師,ボランティアの保育士,,C,,false,,false,notebooklm,2026-04-05T01:24:41.687Z
2020_nrs_20_pm001,nursing,2020,1,1. 健康の定義と理解,B.健康に関する指標,出生と死亡の動向,3,平成30年（2018年）の日本の出生数に最も近いのはどれか。,60万人,90万人,120万人,150万人,,B,,false,,false,notebooklm,2026-04-05T01:24:41.687Z
2020_nrs_20_pm002,nursing,2020,2,2. 健康に影響する要因,A.生活行動・習慣,活動と運動、レクリエーション,3,平成29年（2017年）の国民健康・栄養調査において、男性で運動習慣のある割合が最も多いのはどれか。,20～29歳,40～49歳,60～69歳,70歳以上,,D,,false,,false,notebooklm,2026-04-05T01:24:41.687Z
2020_nrs_20_pm003,nursing,2020,3,3.看護で活用する社会保障,A.医療保険精度の基本,国民医療費,3,平成28年（2016年）の人口1人当たりの国民医療費で最も近いのはどれか。,13万円,23万円,33万円,43万円,,C,,false,,false,notebooklm,2026-04-05T01:24:41.687Z
2020_nrs_20_pm004,nursing,2020,4,4.看護における倫理,A.基本的人権の擁護,患者の権利,3,患者の権利について適切なのはどれか。,患者は入院中に無断で外泊できる。,患者は治療後に治療費の金額を決定できる。,患者はセカンドオピニオンを受けることができる。,患者は自分と同じ疾患の患者の連絡先を入手できる。,,C,,false,,false,notebooklm,2026-04-05T01:24:41.687Z
2020_nrs_20_pm005,nursing,2020,5,5.看護に関わる基本的法律,B.看護師等の人材確保の促進に関する法律,ナースセンター,3,看護師等の人材確保の促進に関する法律に規定されている都道府県ナースセンターの業務はどれか。,訪問看護業務,看護師免許証の交付,訪問入浴サービスの提供,看護師等への無料の職業紹介,,D,,false,,false,notebooklm,2026-04-05T01:24:41.688Z
2020_nrs_20_pm006,nursing,2020,6,7.人間のライフサイクル各期の特徴と生活,A.胎児期,形態的発達と異常,3,妊娠初期の感染で児に難聴が生じる可能性が高いのはどれか。,水　痘,風　疹,麻　疹,流行性耳下腺炎,,B,,false,,false,notebooklm,2026-04-05T01:24:41.688Z
2020_nrs_20_pm007,nursing,2020,7,7.人間のライフサイクル各期の特徴と生活,C.幼児期,身体の発達,3,乳歯がすべて生えそろう年齢はどれか。,0～1歳,2～3歳,4～5歳,6～7歳,,B,,false,,false,notebooklm,2026-04-05T01:24:41.688Z
2020_nrs_20_pm008,nursing,2020,8,7.人間のライフサイクル各期の特徴と生活,E.思春期,第二次性徴,3,男子の第二次性徴による変化はどれか。,精　通,骨盤の拡大,皮下脂肪の増加,第1大臼歯の萌出,,A,,false,,false,notebooklm,2026-04-05T01:24:41.688Z
2020_nrs_20_pm009,nursing,2020,9,9.主な看護活動の場と看護の機能,A.看護活動の場と機能・役割,病院、診療所,3,医療法に基づき高度医療の提供とそれに関する研修を実施する医療施設はどれか。,診療所,特定機能病院,地域医療支援病院,臨床研究中核病院,,B,,false,,false,notebooklm,2026-04-05T01:24:41.688Z
2020_nrs_20_pm010,nursing,2020,10,9.主な看護活動の場と看護の機能,A.看護活動の場と機能・役割,チーム医療,3,チーム医療で適切なのはどれか。,他施設との間で行うことはできない。,チームメンバー間で目標を共有する。,チームリーダーは看護師に固定する。,経験年数が同等の者でチームを構成する。,,B,,false,,false,notebooklm,2026-04-05T01:24:41.688Z
2020_nrs_20_pm011,nursing,2020,11,10.人体の構造と機能,A.人体の基本的な構造と正常な機能,循環器系,3,健常な成人で心臓壁が最も厚いのはどれか。,右心室,右心房,左心室,左心房,,C,,false,,false,notebooklm,2026-04-05T01:24:41.688Z
2020_nrs_20_pm012,nursing,2020,12,10.人体の構造と機能,A.人体の基本的な構造と正常な機能,泌尿器系,3,後腹膜器官はどれか。,胃,肝　臓,空　腸,腎　臓,,D,,false,,false,notebooklm,2026-04-05T01:24:41.688Z
2020_nrs_20_pm013,nursing,2020,13,10.人体の構造と機能,A.人体の基本的な構造と正常な機能,体温調節,3,体温低下を引き起こすのはどれか。,カテコラミンの分泌亢進,甲状腺ホルモンの分泌低下,副甲状腺ホルモン＜PTH＞の分泌低下,副腎皮質刺激ホルモン＜ACTH＞の分泌亢進,,B,,false,,false,notebooklm,2026-04-05T01:24:41.688Z
2020_nrs_20_pm014,nursing,2020,14,11.徴候と疾患,A.主要な症状と徴候,運動麻痺,3,"四肢のうち麻痺している部位を斜線で図に示す。,,
片麻痺はどれか。",&#160;,&#160;,&#160;,&#160;,,C,,true,,false,notebooklm,2026-04-05T01:24:41.688Z
2020_nrs_20_pm015,nursing,2020,15,11.徴候と疾患,B.主要な疾患による健康障害,生活習慣病,3,痛風の患者の血液検査データで高値を示すのはどれか。,尿　酸,尿素窒素,アルブミン,トリグリセリド,,A,,false,,false,notebooklm,2026-04-05T01:24:41.688Z
2020_nrs_20_pm016,nursing,2020,16,12.薬物の作用とその管理,A.主な薬物の効果と副作用（有害事象）,利尿薬,3,ループ利尿薬について正しいのはどれか。,作用発現が速い。,眠前の服用が望ましい。,抗不整脈薬として用いられる。,副作用＜有害事象＞に高カリウム血症がある。,,A,,false,,false,notebooklm,2026-04-05T01:24:41.688Z
2020_nrs_20_pm017,nursing,2020,17,12.薬物の作用とその管理,B.薬物の管理,薬理効果に影響する要因,3,経口投与後の薬物が初回通過効果を受ける場所はどれか。,胃,肝　臓,小　腸,腎　臓,,B,,false,,false,notebooklm,2026-04-05T01:24:41.688Z
2020_nrs_20_pm018,nursing,2020,18,14.日常生活援助技術,A.食事,食事の環境整備、食事介助,3,自力での摂取が困難な成人患者の食事介助で適切なのはどれか。,水分の少ない食べ物を準備する。,時間をかけずに次々と食物を口に入れる。,患者に食事内容が見える位置に食器を配置する。,患者の下顎が上がるよう高い位置からスプーンを操作する。,,C,,false,,false,notebooklm,2026-04-05T01:24:41.688Z
2020_nrs_20_pm019,nursing,2020,19,13.看護における基本技術,C.フィジカルアセスメント,バイタルサインの観察,3,フィジカルアセスメントにおいて触診で有無を判断するのはどれか。,腱反射,瞳孔反射,腸蠕動運動,リンパ節の腫脹,,D,,false,,false,notebooklm,2026-04-05T01:24:41.688Z
2020_nrs_20_pm020,nursing,2020,20,14.日常生活援助技術,D.清潔,洗髪,3,患者の洗髪の介助方法で適切なのはどれか。,30℃の湯をかける。,脱脂綿で耳栓をする。,指の腹を使って洗う。,強い振動を加えて洗う。,,C,,false,,false,notebooklm,2026-04-05T01:24:41.688Z
2020_nrs_20_pm021,nursing,2020,21,15.患者の安全・安楽を守る看護技術,C.感染対策対策,感染経路別予防策,3,空気感染を予防するための医療者の個人防護具で適切なのはどれか。,手　袋,N95マスク,シューズカバー,フェイスシールド,,B,,false,,false,notebooklm,2026-04-05T01:24:41.688Z
2020_nrs_20_pm022,nursing,2020,22,16.診療に伴う看護技術,B.薬物療法,薬効・副作用（有害事象）の観察,3,薬物の有害な作用を予測するために収集する情報はどれか。,居住地,家族構成,運動障害の有無,アレルギーの既往,,D,,false,,false,notebooklm,2026-04-05T01:24:41.688Z
2020_nrs_20_pm023,nursing,2020,23,16.診療に伴う看護技術,C.輸液・輸血管理,点滴静脈注射,3,成人の持続点滴静脈内注射のために選択される部位で最も適切なのはどれか。,足　背,鼠　経,前腕内側,肘関節付近,,C,,false,,false,notebooklm,2026-04-05T01:24:41.688Z
2020_nrs_20_pm024,nursing,2020,24,16.診療に伴う看護技術,F.救命救急処置,自動体外式除細動器<AED>,3,"自動体外式除細動器＜AED＞の電極パッドの貼付位置を図に示す。,,
適切なのはどれか。",&#160;,&#160;,&#160;,&#160;,,A,,true,,false,notebooklm,2026-04-05T01:24:41.688Z
2020_nrs_20_pm025,nursing,2020,25,11.徴候と疾患,A.主要な症状と徴候,貧血,3,巨赤芽球性貧血の原因はどれか。,ビタミンA欠乏,ビタミンB<sub>12</sub>欠乏,ビタミンC欠乏,ビタミンE欠乏,ビタミンK欠乏,B,,false,,false,notebooklm,2026-04-05T01:24:41.688Z
2020_nrs_20_pm026,nursing,2020,26,17.成長,A.成長による変化,成長による組織・臓器の形態的変化,3,"生後から20歳になるまでの器官の発育発達を示した曲線（Scammon＜スカモン＞の発育発達曲線）を図に示す。,,
胸腺の成長を示すのはどれか。",①,②,③,④,,A,,true,,false,notebooklm,2026-04-05T01:24:41.688Z
2020_nrs_20_pm027,nursing,2020,27,7.栄養の摂取・消化・吸収・代謝機能,C.下部消化管の疾患の病態と診断・治療,イレウス,3,腸閉塞について正しいのはどれか。,仰臥位の腹部エックス線写真で鏡面像を認める。,経口による水分摂取は少量にする。,イレウス管を小腸に留置する。,抗菌薬の投与は禁忌である。,,C,,false,,false,notebooklm,2026-04-05T01:24:41.688Z
2020_nrs_20_pm028,nursing,2020,28,15.排泄機能,A.泌尿器系の疾患の病態と診断・治療,腫瘍（腎癌、尿管癌、膀脱癌） 腎・尿路結石,3,膀胱癌について正しいのはどれか。,女性に多い。,尿路上皮癌より腺癌が多い。,経尿道的生検によって治療法を決定する。,表在性の癌に対して膀胱全摘除術が行われる。,,C,,false,,false,notebooklm,2026-04-05T01:24:41.688Z
2020_nrs_20_pm029,nursing,2020,29,6.健康と公衆衛生,D.健康に関する指標に基づく公衆衛生,国勢調査,3,日本の人口静態統計のもとになる調査はどれか。,患者調査,国勢調査,国民生活基礎調査,国民健康・栄養調査,,B,,false,,false,notebooklm,2026-04-05T01:24:41.688Z
2020_nrs_20_pm030,nursing,2020,30,7.公衆衛生における感染症と対策,A.感染症の基本,感染症の成立と予防,3,感染症と感染経路の組合せで正しいのはどれか。,結　核 -- 接触感染,麻　疹 -- 空気感染,マラリア -- 飛沫感染,インフルエンザ -- 経口感染,,B,,false,,false,notebooklm,2026-04-05T01:24:41.688Z
2020_nrs_20_pm031,nursing,2020,31,11.人々の健康を支える職種やサービス提供体制に関する法や施策,D.その他の役割,診療記録と情報公開,3,診療記録で正しいのはどれか。,看護記録が含まれる。,開示は保健所長が行う。,1年間の保存義務がある。,閲覧は患者本人に限られる。,,A,,false,,false,notebooklm,2026-04-05T01:24:41.688Z
2020_nrs_20_pm032,nursing,2020,32,4.社会保険制度の基本,E.その他の関係法規,雇用保険法,3,雇用保険法について正しいのはどれか。,育児休業給付がある。,雇用保険は任意加入である。,雇用保険の保険者は市町村である。,雇用保険料は全額を労働者が負担する。,,A,,false,,false,notebooklm,2026-04-05T01:24:41.688Z
2020_nrs_20_pm033,nursing,2020,33,3.看護における基本技術,B.学習支援,学習支援の方法と媒体,3,小学校の児童が石けんと流水を用いた手指衛生の手技を習得するために最も適切な学習方法はどれか。,動画を視聴する。,友人と話し合う。,手洗い場で体験する。,養護教諭の話を聞く。,,C,,false,,false,notebooklm,2026-04-05T01:24:41.688Z
2020_nrs_20_pm034,nursing,2020,34,3.看護における基本技術,E.フィジカルアセスメント,系統別のフィジカルアセスメント,3,呼吸音の変化と原因の組合せで正しいのはどれか。,呼気延長 -- 胸　水,呼吸音の減弱 -- 過換気症候群,呼吸音の増強 -- 無気肺,肺野での気管支呼吸音の聴取 -- 肺　炎,,D,,false,,false,notebooklm,2026-04-05T01:24:41.688Z
2020_nrs_20_pm035,nursing,2020,35,3.看護における基本技術,G.安全管理＜セーフティマネジメント＞,医療安全の概念,3,ヒューマンエラーを起こす人間の特性で認知的特性はどれか。,同僚への依存,睡眠不足による疲労,同じ作業の連続による注意力低下,パワーハラスメントによる心理的圧迫,,C,,false,,false,notebooklm,2026-04-05T01:24:41.688Z
2020_nrs_20_pm036,nursing,2020,36,5.診療に伴う看護技術,B.皮膚・創傷管理,褥瘡の予防と治癒の促進,3,エアマットレスの使用目的で適切なのはどれか。,体圧分散,体温管理,関節拘縮の予防,末梢循環の促進,,A,,false,,false,notebooklm,2026-04-05T01:24:41.688Z
2020_nrs_20_pm037,nursing,2020,37,4.日常生活援助技術,D.活動と運動,活動と運動を促す援助,3,車椅子による移送で正しいのはどれか。,坂を上るときは、背もたれ側から進む。,段差を上るときは、小車輪を浮かせる。,方向転換をするときは、小車輪を支点にする。,乗り降りをするときは、フットレストを下げる。,,B,,false,,false,notebooklm,2026-04-05T01:24:41.688Z
2020_nrs_20_pm038,nursing,2020,38,3.看護における基本技術,E.フィジカルアセスメント,全身の診察（全身の観察、バイタルサイン）,3,成人の上腕での触診法による血圧測定で適切なのはどれか。,ゴム嚢中央が上腕の正中線に沿うように合わせる。,マンシェットの幅は13～17cmのものを使用する。,加圧後1秒ごとに10mmHg下がる速さで減圧する。,動脈の拍動が触知できなくなった値からさらに40mmHg加圧する。,,B,,false,,false,notebooklm,2026-04-05T01:24:41.688Z
2020_nrs_20_pm039,nursing,2020,39,5.診療に伴う看護技術,C.与薬,与薬の副作用（有害事象）の観察,3,経口薬と食品の関係について、正しいのはどれか。,テトラサイクリン系抗菌薬は牛乳の摂取によって吸収が高まる。,非ステロイド性抗炎症薬は炭酸飲料の摂取によって吸収が早まる。,抗ヒスタミン薬はアルコールの摂取によって副作用＜有害事象＞が出現しやすくなる。,キサンチン系気管支拡張薬は納豆の摂取によって副作用＜有害事象＞が出現しやすくなる。,,C,,false,,false,notebooklm,2026-04-05T01:24:41.688Z
2020_nrs_20_pm040,nursing,2020,40,5.診療に伴う看護技術,E.救命救急処置,一次救命処置＜BLS＞,3,"夜勤帯に看護師が病棟のトイレ内で倒れている患者を発見した。呼びかけても反応がない。,,
この看護師が最初に実施すべきなのはどれか。",脈拍を確認する。,胸骨圧迫を開始する。,トイレ内のナースコールで応援を呼ぶ。,自動体外式除細動器＜AED＞を取りに行く。,,C,,false,,false,notebooklm,2026-04-05T01:24:41.688Z
2020_nrs_20_pm041,nursing,2020,41,6.循環機能,D.ショックの病態と診断・治療,心原性ショック,3,心原性ショックで現れる症状・徴候はどれか。,顔面の紅潮,胸部不快感,血圧の上昇,尿量の増加,,B,,false,,false,notebooklm,2026-04-05T01:24:41.688Z
2020_nrs_20_pm042,nursing,2020,42,7.リハビリテーションの特徴と看護,B.機能障害のアセスメント,生活機能障害と日常生活動作＜ADL＞,3,脳梗塞による右片麻痺がある成人患者に用いる日常生活動作＜ADL＞の評価として適切なのはどれか。,NYHA分類,Borg＜ボルグ＞スケール,Barthel＜バーセル＞インデックス,主観的包括的アセスメント＜subjective global assessment＞,,C,,false,,false,notebooklm,2026-04-05T01:24:41.688Z
2020_nrs_20_pm043,nursing,2020,43,9.終末期にある患者および緩和ケアを必要とする患者と家族への看護,B.エンド・オブ・ライフ・ケア＜end-of-life care＞,アドバンス・ケア・プランニング＜ACP＞,3,"現在の日本の終末期医療において、患者の将来の自己決定能力の低下に備えて、患者・家族と医療者が今後の治療・療養についての気がかりや価値観を定期的に話し合って共有し、患者の意向に沿った医療を提供することが望ましいとされている。,,
この内容を示すのはどれか。",グリーフケア,代理意思決定の支援,アドバンス・ケア・プランニング,アドバンスディレクティブ＜事前指示＞の支援,,C,,false,,false,notebooklm,2026-04-05T01:24:41.688Z
2020_nrs_20_pm044,nursing,2020,44,10.呼吸機能障害のある患者の看護,A.原因と障害の程度のアセスメントと看護,換気障害,3,"Aさん（34歳、女性）は、気管支喘息で定期的に通院をしている。朝から喘息発作があり呼吸困難が生じたため、救急外来を受診した。,,
経皮的動脈血酸素飽和度＜SpO2＞95％、動脈血液ガス分析（room air）で動脈血酸素分圧＜PaO2＞90Torr、動脈血二酸化炭素分圧＜PaCO2＞55Torr、pH7.30、HCO3- 25mEqであった。,,
Aさんの状態で考えらえるのはどれか。",呼吸性アシドーシス,呼吸性アルカローシス,代謝性アシドーシス,代謝性アルカローシス,,A,,false,,false,notebooklm,2026-04-05T01:24:41.688Z
2020_nrs_20_pm045,nursing,2020,45,13.栄養代謝機能障害のある患者の看護,D.病期や機能障害に応じた看護,脂質異常症、肥満、高尿酸血症,3,脂質異常症の成人患者に対する食事指導の内容で正しいのはどれか。,不飽和脂肪酸の摂りすぎに注意する。,コレステロール摂取量は1日600mg未満とする。,高トリグリセリド血症では、アルコールを制限する。,高LDLコレステロール血症では、トランス脂肪酸の摂取を促す。,,C,,false,,false,notebooklm,2026-04-05T01:24:41.688Z
2020_nrs_20_pm046,nursing,2020,46,15.内分泌機能障害のある患者の看護,C.治療を受ける患者への看護,甲状腺切除術,3,成人患者の甲状腺全摘出術後における合併症とその症状との組合せで正しいのはどれか。,乳び漏 -- 嘔　気,術後出血 -- ドレーン排液の白濁,反回神経麻痺 -- 口唇のしびれ,低カルシウム血症 -- テタニー,,D,,false,,false,notebooklm,2026-04-05T01:24:41.688Z
2020_nrs_20_pm047,nursing,2020,47,19.運動機能障害のある患者の看護,C.治療を受ける患者への看護,人工関節置換術,3,"Aさんは右側の人工股関節全置換術（後方アプローチ）を受けた。,,
Aさんへの脱臼予防の生活指導で適切なのはどれか。",「靴はしゃがんで履いてください」,「右側に身体をねじらないでください」,「椅子に座るときは足を組んでください」,「浴室の椅子は膝の高さより低いものを使ってください」,,B,,false,,false,notebooklm,2026-04-05T01:24:41.688Z
2020_nrs_20_pm048,nursing,2020,48,4.老年看護の基本,C.高齢者の生活を支える制度と施策,高齢者の医療の確保に関する法律＜高齢者医療確保法＞に基づく制度,3,後期高齢者医療制度が定められているのはどれか。,介護保険法,老人福祉法,高齢者の医療の確保に関する法律,地域における医療及び介護の総合的な確保を推進するための関係法律の整備等に関する法律＜医療介護総合確保推進法＞,,C,,false,,false,notebooklm,2026-04-05T01:24:41.688Z
2020_nrs_20_pm049,nursing,2020,49,5.高齢者の生活を支える看護,A.高齢者のコミュニケーションの特徴と援助,身体機能・認知機能・個性に応じたコミュニケーションの方法,3,認知症高齢者とのコミュニケーションで適切なのはどれか。,説得するように話す。,作話があっても話を聞く。,一度に多くの情報を伝える。,同じ内容を繰り返している場合は会話を終了する。,,B,,false,,false,notebooklm,2026-04-05T01:24:41.688Z
2020_nrs_20_pm050,nursing,2020,50,3.高齢者の健康,D.老年期における心理・社会的変化と健康への影響,余暇活動と生きがい,3,平成25年（2013年）の高齢者の地域社会への参加に関する意識調査で、高齢者が参加している活動のうち割合が最も多いのはどれか。,教育・文化,子育て支援,生涯・就業,健康・スポーツ,,D,,false,,false,notebooklm,2026-04-05T01:24:41.688Z
2020_nrs_20_pm051,nursing,2020,51,15.排泄機能,A.泌尿器系の疾患の病態と診断・治療,排尿障害（過活動膀脱、腹圧性尿失禁、夜尿症）,3,"Aさん（73歳、女性）は、既往歴はなく自立した生活を送っていた。最近、尿意を我慢できず尿失禁することがあり、夜間の排尿回数も増えたため、病院を受診した。その結果、過活動膀胱と診断された。,,
Aさんへの看護師の指導内容で適切なのはどれか。",腹筋を鍛える。,膀胱訓練を行う。,水分摂取を控える。,尿意を感じたらすぐトイレに行く。,,B,,false,,false,notebooklm,2026-04-05T01:24:41.688Z
2020_nrs_20_pm052,nursing,2020,52,17.精神機能,A.精神・心身の疾患の病態と診断・治療,気分＜感情＞障害（うつ病、双極性感情障害）,3,高齢者のうつ病の症状はどれか。,意識障害,知能低下,歩行障害,強い不安感,,D,,false,,false,notebooklm,2026-04-05T01:24:41.688Z
2020_nrs_20_pm053,nursing,2020,53,1.子どもと家族を取り巻く環境,A.小児医療・小児看護の変遷と課題,諸統計からみた子どもと家族の健康課題,3,平成29年度（2017年度）の人口動態統計における、小児の年齢階級別死因のうち第1位が悪性新生物＜腫瘍＞である年齢階級はどれか。,0歳,1～4歳,5～9歳,10～14歳,,C,,false,,false,notebooklm,2026-04-05T01:24:41.688Z
2020_nrs_20_pm054,nursing,2020,54,2.子どもの成長・発達,B.子どもの成長・発達のアセスメント,身体発育の評価,3,健康な小児の成長・発達で正しいのはどれか。,情緒は快から不快が分化する。,発達とともにレム睡眠の割合は増える。,体重は出生後1年で出生時の約4倍になる。,身長は出生後1年で出生時の約1.5倍になる。,,D,,false,,false,notebooklm,2026-04-05T01:24:41.688Z
2020_nrs_20_pm055,nursing,2020,55,2.子どもの成長・発達,C.小児期における成長・発達の特徴,神経系,3,生後10か月の健康な乳児にみられる神経反射はどれか。,吸啜反射,Moro＜モロー＞反射,Landau＜ランドー＞反射,探索＜ルーティング＞反射,,C,,false,,false,notebooklm,2026-04-05T01:24:41.688Z
2020_nrs_20_pm056,nursing,2020,56,3.小児各期における健康増進のための子どもと家族への看護,A.栄養と食生活,離乳,3,フォローアップミルクで正しいのはどれか。,母乳の代替品である。,鉄分が添加されている。,離乳食を食べる直前に与える。,離乳食開始の時期から与え始める。,,B,,false,,false,notebooklm,2026-04-05T01:24:41.688Z
2020_nrs_20_pm057,nursing,2020,57,4.妊娠期の看護,A.正常な妊娠経過と妊娠期の異常,着床,3,受精と着床についての説明で正しいのはどれか。,卵子が受精能をもつ期間は排卵後48時間である。,卵管采で受精が起こる。,受精卵は受精後4、5日で子宮に到達する。,受精卵は桑実胚の段階で着床する。,,C,,false,,false,notebooklm,2026-04-05T01:24:41.688Z
2020_nrs_20_pm058,nursing,2020,58,1.母性看護の対象を取り巻く環境や社会の変遷,D.女性の健康支援に関する法や施策,母体保護法,3,母体保護法で規定されているのはどれか。,育児時間,生理休暇,受胎調節の実地指導,育児中の深夜業の制限,,C,,false,,false,notebooklm,2026-04-05T01:24:41.688Z
2020_nrs_20_pm059,nursing,2020,59,2.母性看護の基盤となる概念,B.母性・父性・家族に関する概念,母子相互作用、愛着形成,3,"クラウス,M.H.とケネル,J.H.が提唱した絆（ボンディング）について適切なのはどれか。",生まれながらのものである。,母子間の同調性を意味する。,母子相互作用によって促進される。,親との間に子どもが築くものである。,,C,,false,,false,notebooklm,2026-04-05T01:24:41.688Z
2020_nrs_20_pm060,nursing,2020,60,4.妊娠期の看護,A.正常な妊娠経過と妊娠期の異常,不育症、流産、早産,3,早産期の定義はどれか。,妊娠21週0日から36週6日,妊娠22週0日から36週6日,妊娠22週0日から37週6日,妊娠23週0日から37週6日,,B,,false,,false,notebooklm,2026-04-05T01:24:41.688Z
2020_nrs_20_pm061,nursing,2020,61,1.母性看護の対象を取り巻く環境や社会の変遷,C.働く妊産婦への支援に関する法や施策,雇用の分野における男女の均等な機会及び待遇の確保等に関する法律＜男女雇用機会均等法＞,3,妊婦健康診査を受診する時間を確保するために妊婦が事業主に請求できることを規定している法律はどれか。,母子保健法,労働基準法,育児介護休業法,雇用の分野における男女の均等な機会及び待遇の確保等に関する法律＜男女雇用機会均等法＞,,D,,false,,false,notebooklm,2026-04-05T01:24:41.688Z
2020_nrs_20_pm062,nursing,2020,62,2.主な精神疾患・障害の特徴と看護,B.精神作用物質使用による精神・行動の障害,臨床検査および心理検査と看護薬物療法と看護,3,アルコールを多飲する人によくみられ、意識障害、眼球運動障害および歩行障害を特徴とするのはどれか。,肝性脳症,ペラグラ,Wernicke＜ウェルニッケ＞脳症,Creutzfeldt-Jakob＜クロイツフェルト・ヤコブ＞病,,C,,false,,false,notebooklm,2026-04-05T01:24:41.688Z
2020_nrs_20_pm063,nursing,2020,63,4.精神疾患・障害がある者とその家族への看護,H.社会資源の活用とケアマネジメント,精神障害者保健福祉手帳,3,精神障害者保健福祉手帳で正しいのはどれか。,知的障害も交付対象である。,取得すると住民税の控除対象となる。,交付によって生活保護費の支給が開始される。,疾病によって障害が永続する人が対象である。,,B,,false,,false,notebooklm,2026-04-05T01:24:41.688Z
2020_nrs_20_pm064,nursing,2020,64,5.安全な治療環境の提供,A.安全管理＜セーフティマネジメント＞,攻撃的行動、暴力、暴力予防プログラム,3,攻撃性の高まった成人患者への対応で正しいのはどれか。,患者の正面に立つ。,アイコンタクトは避ける。,身振り手振りは少なくする。,ボディタッチを積極的に用いる。,,C,,false,,false,notebooklm,2026-04-05T01:24:41.688Z
2020_nrs_20_pm065,nursing,2020,65,2.地域・在宅看護における基盤となる概念,A.在宅療養者を取り巻く環境の理解と健康課題,暮らしの場で看護する基本姿勢,3,"Aさん（79歳、男性）は、1人暮らし。要介護2の認定を受け、訪問看護を利用することになった。初回の訪問時、Aさんは敷いたままの布団の上に座っており「便利だから生活に必要なものを手の届くところに置いているんだよ」と話した。,,
Aさんの生活様式を尊重した訪問看護師のこのときの声かけで適切なのはどれか。",「外に出て気分転換しませんか」,「昼間は布団をたたみましょう」,「介護保険でベッドの貸与を受けましょう」,「必要なものを身近に置いているのですね」,,D,,false,,false,notebooklm,2026-04-05T01:24:41.688Z
2020_nrs_20_pm066,nursing,2020,66,5.療養の場に応じた地域・在宅看護,A.病期に応じた在宅療養者への看護,終末期にある在宅療養者と家族の看護,3,"Aさん（69歳、女性）は、主治医、訪問看護師とともに、母（91歳）を自宅で看取った。死亡確認の直後、Aさんは涙ぐみながら「母のためにもっとできることがあったのではないかと申し訳なく思います」と話した。,,
このときに訪問看護師が行うAさんへの対応で最も適切なのはどれか。",遺族の会を紹介する。,母への思いを傾聴する。,遺品を整理することを勧める。,新たなことに取りかかるよう促す。,,B,,false,,false,notebooklm,2026-04-05T01:24:41.688Z
2020_nrs_20_pm067,nursing,2020,67,8.地域ケアシステムにおける多職種連携,D.介護サービス事業所との連携,双方向で行う連携の目的,3,"Aさん（82歳、女性）は、脳梗塞の既往があり、要介護2で、夫（85歳）と2人暮らし。訪問看護師の訪問時、Aさんは体温37.0℃、脈拍62/分、血圧100/50mmHg、少し汗をかいており、唇の乾燥がみられた。訪問看護師は、翌日予定されている訪問介護の担当者とAさんの援助の方向性について共有することにした。,,
共有する内容で適切なのはどれか。",ポータブルトイレでの排泄に変更する。,水分を多めに摂取するよう促す。,頻繫に寝衣を交換する。,入浴介助を中止する。,,B,,false,,false,notebooklm,2026-04-05T01:24:41.688Z
2020_nrs_20_pm068,nursing,2020,68,4.地域・在宅看護実践をめぐる制度の概要,B.地域・在宅看護におけるサービス体系の理解,複合型サービス（看護小規模多機能型居宅介護）,3,介護保険制度における地域密着型サービスはどれか。,重度訪問介護,地域活動支援事業,小規模多機能型居宅介護,特定施設入居者生活介護,,C,,false,,false,notebooklm,2026-04-05T01:24:41.688Z
2020_nrs_20_pm069,nursing,2020,69,4.老年看護の基本,C.高齢者の生活を支える制度と施策,成年後見制度,3,成年後見制度で正しいのはどれか。,任意後見人は裁判所が決定する。,認知症の診断と同時に成年後見制度が適用される。,日常生活自立支援事業の一部として位置付けられる。,成年後見人は財産管理などの手続きを本人の代理で行う。,,D,,false,,false,notebooklm,2026-04-05T01:24:41.688Z
2020_nrs_20_pm070,nursing,2020,70,4.臨床実践場面における統合的な判断や対応,E.A～Dを促進するための多職種連携,専門分野の各科目で学んだ内容を統合し、臨床実践場面における状況設定問題として出題,3,"仙骨部に皮下組織に達する褥瘡がある患者が入院となった。患者は車椅子の利用を主治医に許可されている。,,
この患者に対する多職種で行う褥瘡ケアにおいて、受け持ち看護師が担う役割で適切なのはどれか。",薬剤師に外用薬の処方を依頼する。,事務職員に汚染ガーゼの廃棄を依頼する。,介護職員にドレッシング材の選択を依頼する。,理学療法士と車椅子乗車時の除圧方法を検討する。,,D,,false,,false,notebooklm,2026-04-05T01:24:41.688Z
2020_nrs_20_pm071,nursing,2020,71,2.災害と看護,A.災害時の医療を支えるしくみ,災害時の医療体制,3,災害時のトリアージで正しいのはどれか。,トリアージタッグは衣服に装着する。,治療優先度の高さはトリアージ区分のⅠ、Ⅱ、Ⅲの順である。,トリアージの判定は患者の到着時および到着後30分の2回行う。,最優先に治療を必要とする者には、黄色のトリアージタッグを装着する。,,B,,false,,false,notebooklm,2026-04-05T01:24:41.688Z
2020_nrs_20_pm072,nursing,2020,72,3.国際化と看護,A.グローバル化に伴う世界の健康目標と課題,世界共通の健康目標,3,国際機関と事業内容の組合せで正しいのはどれか。,国際労働機関＜ILO＞ -- 難民の帰還支援,世界保健機関＜WHO＞ -- 保健分野における研究の促進,国連人口基金＜UNFPA＞ -- 平和維持活動,国連世界食糧計画＜WFP＞ -- 二国間の国際保健医療協力,,B,,false,,false,notebooklm,2026-04-05T01:24:41.688Z
2020_nrs_20_pm073,nursing,2020,73,11.消化器系,B.消化と吸収,肝臓・胆道の構造と機能,3,血漿蛋白質の大部分を合成しているのはどれか。,肺,肝　臓,腎　臓,膵　臓,脾　臓,B,,false,,false,notebooklm,2026-04-05T01:24:41.688Z
2020_nrs_20_pm074,nursing,2020,74,10.呼吸器系,B.肺の構造,胸膜,3,胸膜腔に存在するのはどれか。,滑　液,空　気,血　液,漿　液,粘　液,D,,false,,false,notebooklm,2026-04-05T01:24:41.688Z
2020_nrs_20_pm075,nursing,2020,75,16.生殖器系,A.女性の生殖器系の構造と機能,性周期,3,"正常な性周期である健常女性の10週間の基礎体温を図に示す。,,
直近の排卵日はどれか。",①,②,③,④,⑤,D,,true,,false,notebooklm,2026-04-05T01:24:41.688Z
2020_nrs_20_pm076,nursing,2020,76,6.循環機能,B.血管系の疾患の病態と診断・治療,閉塞性動脈硬化症、Buerger<バージャー>病、高安動脈炎,3,閉塞性動脈硬化症＜ASO＞について正しいのはどれか。,橈骨動脈に好発する。,粥状硬化が原因である。,末梢血流量が増加する。,歩行によって痛みが改善する。,中小動脈の非化膿性炎症で生じる。,B,,false,,false,notebooklm,2026-04-05T01:24:41.688Z
2020_nrs_20_pm077,nursing,2020,77,11.免疫機能,A.自己免疫疾患の病態と診断・治療,全身性エリテマトーデス＜SLE＞関節リウマチ,3,関節リウマチで起こる主な炎症はどれか。,滑膜炎,血管炎,骨髄炎,骨軟骨炎,関節周囲炎,A,,false,,false,notebooklm,2026-04-05T01:24:41.688Z
2020_nrs_20_pm078,nursing,2020,78,9.保健活動の基盤と制度,B.母子保健,母子保健法,3,母子保健法に基づく届出はどれか。,婚姻届,死産届,死亡届,出生届,妊娠届,E,,false,,false,notebooklm,2026-04-05T01:24:41.688Z
2020_nrs_20_pm079,nursing,2020,79,11.循環機能障害のある患者の看護,D.病期や機能障害に応じた看護,虚血性心疾患,3,"Aさん（44歳、男性、会社員）は、20年以上の喫煙歴があり、BMI26である。会社の健康診断で脂質異常症と高血圧症を指摘された。,,
Aさんが発症する危険性が高い疾患はどれか。",1型糖尿病,潰瘍性大腸炎,肺血栓塞栓症,労作性狭心症,閉塞性血栓血管炎＜TAO＞,D,,false,,false,notebooklm,2026-04-05T01:24:41.688Z
2020_nrs_20_pm080,nursing,2020,80,13.栄養代謝機能障害のある患者の看護,D.病期や機能障害に応じた看護,膵炎、膵癌,3,"Aさん（48歳、男性、会社員）は、大量の飲酒の後、急激な上腹部痛と背部痛を訴え、救急外来を受診し、急性膵炎と診断された。,,
Aさんの救急外来受診時の血液検査結果で予測されるのはどれか。",血小板数の増加,血清LDH値の低下,血清γ-GTP値の低下,血清アミラーゼ値の上昇,血清カルシウム値の上昇,D,,false,,false,notebooklm,2026-04-05T01:24:41.688Z
2020_nrs_20_pm081,nursing,2020,81,6.精神保健医療福祉の変遷と法や施策,C.精神保健及び精神障害者福祉に関する法律＜精神保健福祉法＞の運用,入院形態,3,精神保健及び精神障害者福祉に関する法律＜精神保健福祉法＞に規定された入院形態で、精神保健指定医2名以上により、精神障害者であり、かつ、医療及び保護のために入院させなければその精神障害のために自身を傷つけ又は他人に害を及ぼすおそれがあると診察の結果が一致した場合に適用されるのはどれか。,応急入院,措置入院,任意入院,医療保護入院,緊急措置入院,B,,false,,false,notebooklm,2026-04-05T01:24:41.688Z
2020_nrs_20_pm082,nursing,2020,82,3.神経系,C.末梢神経系の構造と機能,自律神経,3,副交感神経を含む脳神経はどれか。2つ選べ。,動眼神経,三叉神経,内耳神経,迷走神経,舌下神経,A,D,,false,,true,notebooklm,2026-04-05T01:24:41.688Z
2020_nrs_20_pm083,nursing,2020,83,6.循環器系,B.血管系の構造と機能,血圧と血圧調節,3,血圧を上昇させるのはどれか。2つ選べ。,セロトニン,ヒスタミン,バソプレシン,ブラジキニン,心房性ナトリウムペプチド,A,C,,false,,true,notebooklm,2026-04-05T01:24:41.688Z
2020_nrs_20_pm084,nursing,2020,84,13.泌尿器系,C.排尿,尿管と膀胱の構造と機能,3,蠕動運動がみられるのはどれか。2つ選べ。,腎動脈,腎　盂,尿　管,膀　胱,尿　道,B,C,,false,,true,notebooklm,2026-04-05T01:24:41.688Z
2020_nrs_20_pm085,nursing,2020,85,3.基本的な病因とその成り立ち,B.生体の障害,炎症、損傷,3,炎症の4徴候に含まれるのはどれか。2つ選べ。,壊　疽,腫　脹,膿　瘍,発　赤,浮　腫,B,D,,false,,true,notebooklm,2026-04-05T01:24:41.688Z
2020_nrs_20_pm086,nursing,2020,86,7.栄養の摂取・消化・吸収・代謝機能,D.肝臓・胆・膵臓の疾患の病態と診断・治療,肝硬変,3,肝硬変におけるChild-Pugh＜チャイルド-ピュー＞分類の判定項目はどれか。2つ選べ。,プロトロンビン時間,血清アルブミン値,血中アンモニア値,血小板数,尿酸値,A,B,,false,,true,notebooklm,2026-04-05T01:24:41.688Z
2020_nrs_20_pm087,nursing,2020,87,5.社会福祉の基本,G.高齢者に関する制度,老人福祉法,3,老人福祉法に基づき老人福祉計画の策定をするのはどれか。2つ選べ。,国,市町村,都道府県,福祉事務所,後期高齢者医療広域連合,B,C,,false,,true,notebooklm,2026-04-05T01:24:41.688Z
2020_nrs_20_pm088,nursing,2020,88,18.感覚機能障害のある患者の看護,D.病期や機能障害に応じた看護,中途視覚障害者突発性難聴,3,"Aさん（53歳、男性、会社員）は、数日前から耳鳴、めまい、耳閉感が出現し、突発性難聴と診断され入院となった。副腎皮質ステロイド薬の投与で症状が改善したため退院することになった。入院前の生活習慣は、外食2回/週、飲酒（ビール700mL/日）、睡眠6時間/日、入浴1回/日、喫煙20本/日、散歩2回/週。,,
退院後の生活で、Aさんが控えるべき事項はどれか。2つ選べ。",飲　酒,外　食,喫　煙,散　歩,入　浴,A,C,,false,,true,notebooklm,2026-04-05T01:24:41.688Z
2020_nrs_20_pm089,nursing,2020,89,2.主な精神疾患・障害の特徴と看護,F.生理的障害および身体的要因に関連した行動症候群,臨床検査および心理検査と看護薬物療法と看護,3,神経性無食欲症で正しいのはどれか。2つ選べ。,過食と嘔吐を繰り返す。,腸管で吸収不全がある。,男性では性欲が亢進する。,ボディイメージの歪みがある。,第二次性徴の発現前に発症すると初経は遅れる。,D,E,,false,,true,notebooklm,2026-04-05T01:24:41.688Z
2020_nrs_20_pm090,nursing,2020,90,3.看護における基本技術,F.感染防止対策,手洗い、消毒、滅菌法、無菌操作,3,"6％の次亜塩素酸ナトリウム液を用いて0.1％次亜塩素酸ナトリウム液を1,000mL作るために必要な6％次亜塩素酸ナトリウム液の量を求めよ。,,
ただし、小数点以下の数値が得られた場合には、小数点以下第1位を四捨五入すること。,,
,,
システムの都合上選択肢を表示できません。各自で0～9の数字を組合せて回答してください。,,
,,
解答：①②mL",,,,,,,,false,,false,notebooklm,2026-04-05T01:24:41.688Z
2020_nrs_20_pm091,nursing,2020,91,11.循環機能障害のある患者の看護,B.検査・処置を受ける患者への看護,心電図,3,"Aさんは完全房室ブロックが疑われた。,,
Aさんに行われる検査で優先されるのはどれか。",心臓超音波検査,12誘導心電図検査,心臓カテーテル検査,運動負荷心電図検査,,B,,false,,false,notebooklm,2026-04-05T01:24:41.688Z
2020_nrs_20_pm092,nursing,2020,92,11.循環機能障害のある患者の看護,D.病期や機能障害に応じた看護,不整脈,3,"検査の結果、Aさんは完全房室ブロックと診断された。,,
今後、Aさんに起こりやすいのはどれか。",脳虚血,肺塞栓症,不安定狭心症,心タンポナーデ,,A,,false,,false,notebooklm,2026-04-05T01:24:41.688Z
2020_nrs_20_pm093,nursing,2020,93,11.循環機能障害のある患者の看護,C.治療を受ける患者への看護,ペースメーカー,3,"その後、Aさんにはペースメーカー植込み術が行われ、看護師は退院後の電磁干渉について説明を行った。Aさんからは「生活の中でどのようなことに注意をすれば良いですか」と質問があった。,,
Aさんが最も注意する必要がある状況はどれか。",新幹線への乗車,パーソナルコンピュータの使用,電動アシスト付き自転車での移動,電子商品監視装置＜Electronic Article Surveillance：EAS＞の通過,,D,,false,,false,notebooklm,2026-04-05T01:24:41.688Z
2020_nrs_20_pm094,nursing,2020,94,21.性・生殖・乳腺機能障害のある患者の看護,B.検査・処置を受ける患者への看護,経腟超音波検査、腹部超音波検査,3,Aさんへの経腟超音波検査の説明で正しいのはどれか。,検査が終了するまで絶飲食にする。,検査前に排尿するよう促す。,検査は側臥位で行う。,検査後1時間は安静にする。,,B,,false,,false,notebooklm,2026-04-05T01:24:41.688Z
2020_nrs_20_pm095,nursing,2020,95,21.性・生殖・乳腺機能障害のある患者の看護,A.原因と障害の程度のアセスメントと看護,性・生殖機能障害（性ホルモンの異常と症状）,3,"Aさんは、経腟超音波検査で異常所見が認められ、その後の精密検査で子宮体癌と診断されて準広汎子宮全摘出術と両側付属器（卵巣、卵管）切除術を受けた。術後の経過はよく、排尿障害もなく順調に回復していた。術後12日目のバイタルサイン測定時に「身体のほてりがあり、急に汗が出るようになったりして、夜もよく眠れません。そのためかイライラします」と看護師に訴えた。,,
Aさんに出現している症状の原因はどれか。",エストロゲンの減少,プロラクチンの減少,アンドロゲンの増加,オキシトシンの増加,プロゲステロンの増加,A,,false,,false,notebooklm,2026-04-05T01:24:41.688Z
2020_nrs_20_pm096,nursing,2020,96,21.性・生殖・乳腺機能障害のある患者の看護,D.病期や機能障害に応じた看護,腫瘍（乳癌、子宮体癌、子宮頸癌、卵巣癌、精巣腫瘍）,3,"Aさんはその後、順調に経過し退院した。退院後、初回の外来受診時に看護師がAさんに心配なことを尋ねると「退院のときも性生活の説明を聞きましたが、子宮がなくなって自分の身体がどう変化しているかわからないし、やっぱり性生活のことが気がかりです。夫も私の身体を気遣ってくれて、今日も一緒に病院に来てくれました」と語った。,,
Aさんへの性生活の説明で適切なのはどれか。",術後1年までは性行為を控える。,夫と別々に説明することを提案する。,性行為再開後は避妊を続けてもらう。,膣の乾燥に対して潤滑ゼリーを用いるとよい。,,D,,false,,false,notebooklm,2026-04-05T01:24:41.688Z
2020_nrs_20_pm097,nursing,2020,97,6.さまざまな健康状態や受療状況に応じた高齢者の看護,I.手術療法を受ける高齢者の看護,身体機能・認知機能に応じた周手術期看護,3,手術前オリエンテーションの際の看護師の説明内容で適切なのはどれか。,「手術はすぐに終わります」,「手術後はすぐに水を飲めます」,「手術後は両足とも動かしてはいけません」,「手術後は背中にクッションを当てます」,,D,,false,,false,notebooklm,2026-04-05T01:24:41.688Z
2020_nrs_20_pm098,nursing,2020,98,5.高齢者の生活を支える看護,B.高齢者の安全な活動への援助,身体機能・認知機能に応じた環境の整備,3,"手術後14日。Aさんは、回復期リハビリテーション病棟のトイレ付きの個室に移動した。Aさんは歩行訓練を行っているが、立ち上がるときにバランスを崩しやすく「夜トイレに行こうとしてベッドから立ち上がるときに、ふらふらする。また転んでしまうのが怖い」と言っている。,,
このときの看護師の対応で最も適切なのはどれか。",ポータブルトイレを置く。,ベッドに移動介助バーを付ける。,ベッドの頭部側を45度挙上する。,夜間はヒッププロテクターを装着する。,,B,,false,,false,notebooklm,2026-04-05T01:24:41.688Z
2020_nrs_20_pm099,nursing,2020,99,7.高齢者に特有な症候・疾患・障害と看護,D.高齢者に特有な疾患・障害の予防と看護,骨粗髭症,3,"Aさんの退院日が決定した。看護師は、Aさんの退院前の指導を行うことになった。Aさんから「医師から骨がもろくなっていると言われました。これ以上悪くならないように何をすればよいでしょうか」と質問があった。,,
Aさんへの看護師の説明で適切なのはどれか。",「体操は控えましょう」,「炭酸飲料を飲みましょう」,「果物を積極的に摂りましょう」,「日光を浴びるようにしましょう」,,D,,false,,false,notebooklm,2026-04-05T01:24:41.688Z
2020_nrs_20_pm100,nursing,2020,100,7.急性期にある子どもと家族への看護,A.急性症状のある子どもと家族への看護,下痢、嘔吐,3,Aちゃんの状態のアセスメントで正しいのはどれか。,脱水症は軽度である。,非胆汁性嘔吐である。,炎症反応の上昇がある。,出生後の体重増加は良好である。,,B,,false,,false,notebooklm,2026-04-05T01:24:41.688Z
2020_nrs_20_pm101,nursing,2020,101,7.急性期にある子どもと家族への看護,C.周手術期における子どもと家族への看護,子どもと家族の術前準備,3,"検査の結果、Aちゃんは肥厚性幽門狭窄症と診断された。Aちゃんは直ちに絶飲食となり、経鼻胃管が留置され、持続点滴静脈内注射が開始された。担当医師と家族とが治療方針を話し合った結果、全身状態が安定したあとに手術をする方針になった。,,
Aちゃんの術前看護で正しいのはどれか。",浣腸を1日2回行う。,尿量の測定は不要である。,経鼻胃管は自然開放とする。,Aちゃんを抱っこすることは禁忌である。,,C,,false,,false,notebooklm,2026-04-05T01:24:41.688Z
2020_nrs_20_pm102,nursing,2020,102,7.急性期にある子どもと家族への看護,C.周手術期における子どもと家族への看護,手術後の身体状態のアセスメントと援助,3,"入院後3日。Aちゃんは全身状態が安定し、全身麻酔下で腹腔鏡を用いた粘膜外幽門筋切開術（Ramstedt＜ラムステッド＞手術）を受けた。,,
術後の看護で適切なのはどれか。",授乳前後の排気,人工乳への変更,予防接種の計画立案,腸管の縫合不全の観察,,A,,false,,false,notebooklm,2026-04-05T01:24:41.688Z
2020_nrs_20_pm103,nursing,2020,103,7.急性期にある子どもと家族への看護,A.急性症状のある子どもと家族への看護,呼吸困難,3,"診察後、家庭でのケアについてAちゃんの母親に指導することになった。,,
看護師の指導で適切なのはどれか。",「1回に飲むミルクの量を多くしてください」,「哺乳前に鼻水を器具で吸引してあげてください」,「去痰薬は、ミルクを飲んだ後に飲ませてください」,「授乳後は仰向けで寝かせてください」,,B,,false,,false,notebooklm,2026-04-05T01:24:41.688Z
2020_nrs_20_pm104,nursing,2020,104,7.急性期にある子どもと家族への看護,A.急性症状のある子どもと家族への看護,脱水,3,"Aちゃんは、発熱が続き、哺乳量が減ってきたため2日後に再度来院した。来院時、体温39.4℃、呼吸数60/分、脈拍154/分、経皮的動脈血酸素飽和度＜SpO2＞92％（room air）、口唇色と顔色はやや不良であった。胸部エックス線撮影で肺炎像は認められない。Aちゃんは、経口摂取不良と呼吸困難のため、母親が付き添って入院することとなった。酸素吸入と点滴静脈内注射が開始された。,,
入院前のAちゃんについて母親から収集すべき情報で優先度が高いのはどれか。",去痰薬の内服状況,最終排尿の時間,皮膚掻痒の有無,排便の状況,,B,,false,,false,notebooklm,2026-04-05T01:24:41.688Z
2020_nrs_20_pm105,nursing,2020,105,4.病気や診療・入院が子どもと家族に与える影響と看護,D.子どもの病気や診療・入院がきょうだい・家族に及ぼす影響と看護,きょうだい・家族のストレスへの支援,3,"入院後7日、Aちゃんは症状が軽快し、哺乳量も増加して翌日の金曜日に退院が決定した。母親は「Aはだいぶ元気になりました。でもBが泣いたり、かんしゃくをおこしたりすることが増えているようです。どうしたらいいでしょう」と看護師に相談した。入院中、土曜日、日曜日は父親がB君の世話をしており、平日は祖父母が世話をしているとのことであった。退院時、父親は休暇をとりAちゃんと母親を迎えに来る予定である。,,
母親への看護師の対応として適切なのはどれか。",「B君のかかりつけ医に相談しましょう」,「B君の保育所への入所を検討しましょう」,「B君に関わる時間をたっぷりとりましょう」,「お兄ちゃんだから頑張りなさいと伝えましょう」,,C,,false,,false,notebooklm,2026-04-05T01:24:41.688Z
2020_nrs_20_pm106,nursing,2020,106,5.分娩期の看護,C.産婦と家族への看護,産痛の緩和,3,Aさんへの看護で最も適切なのはどれか。,坐位になるよう勧める。,シャワー浴を勧める。,食事摂取を促す。,呼吸法を促す。,,D,,false,,false,notebooklm,2026-04-05T01:24:41.688Z
2020_nrs_20_pm107,nursing,2020,107,5.分娩期の看護,D.分娩期の健康問題に対する看護,分娩時異常出血,3,"Aさんは16時15分、3,300gの男児を経腟分娩で出産した。Apger＜アプガー＞スコアは1分後9点。胎盤娩出直後から凝血の混じった暗赤色の性器出血が持続している。この時点での出血量は600mL。臍高で柔らかい子宮底を触れた。脈拍90/分、血圧116/76mmHg。意識は清明。Aさんは「赤ちゃんの元気な泣き声を聞いて安心しました」と言っている。,,
このときの看護師のAさんへの対応で最も適切なのはどれか。",子宮底の輪状マッサージを行う。,膀胱留置カテーテルを挿入する。,水分摂取を促す。,全身清拭を行う。,,A,,false,,false,notebooklm,2026-04-05T01:24:41.688Z
2020_nrs_20_pm108,nursing,2020,108,5.分娩期の看護,A.正常な分娩の経過と分娩期の異常,分娩経過と進行,3,"Aさんの分娩経過は以下のとおりであった。,,
2時00分　陣痛周期10分,,
4時00分　入院,,
15時00分　分娩室入室,,
15時30分　子宮口全開大,,
16時00分　自然破水,,
16時15分　児娩出,,
16時30分　胎盤娩出,,
,,
Aさんの分娩所要時間はどれか。",12時間30分,14時間15分,14時間30分,16時間30分,,C,,false,,false,notebooklm,2026-04-05T01:24:41.688Z
2020_nrs_20_pm109,nursing,2020,109,2.主な精神疾患・障害の特徴と看護,B.精神作用物質使用による精神・行動の障害,臨床検査および心理検査と看護薬物療法と看護,3,入院時のAさんへの看護師の対応として適切なのはどれか。,二度と使用しないと約束させる。,回復が期待できる病気であることを伝える。,使用をやめられなかったことに対する反省を促す。,自分で薬物を断ち切る強い意志を持つように伝える。,,B,,false,,false,notebooklm,2026-04-05T01:24:41.688Z
2020_nrs_20_pm110,nursing,2020,110,1.精神保健の基本,B.心の機能と発達,転移感情,3,"入院2週後、Aさんは病棟生活のルールを守ることができず、それを注意した看護師に対して攻撃的になることがあった。別の看護師がAさんに理由を尋ねると「指図するような話し方をされると、暴力的だった父親を思い出し、冷静でいられなくなる」と話した。,,
このときAさんに起こっているのはどれか。",転　移,逆転移,躁的防衛,反動形成,,A,,false,,false,notebooklm,2026-04-05T01:24:41.688Z
2020_nrs_20_pm111,nursing,2020,111,2.主な精神疾患・障害の特徴と看護,B.精神作用物質使用による精神・行動の障害,臨床検査および心理検査と看護薬物療法と看護,3,"入院後1か月、Aさんは「正直に言うと、今も覚せい剤を使いたいという気持ちがある。もし誘いがあったら、使いたい気持ちを抑えきれないだろう」と悩みを打ち明けた。,,
Aさんの状態のアセスメントとして適切なのはどれか。",否　認,共依存,身体依存,精神依存,離脱症状,D,,false,,false,notebooklm,2026-04-05T01:24:41.688Z
2020_nrs_20_pm112,nursing,2020,112,6.精神保健医療福祉の変遷と法や施策,A.患者の権利擁護＜アドボカシー＞,隔離、身体拘束,3,"入院時、AさんのBMIは29.5。この数日は食事をとっていなかった。入院後も興奮状態がおさまらず、壁に頭を打ちつけはじめたため、医師から抗精神病薬の点滴静脈内注射と身体的拘束の指示がでた。,,
身体的拘束中のAさんの看護で正しいのはどれか。2つ選べ。",水分摂取は最小限にする。,肺血栓塞栓症を予防する。,頻回に様子を見に来ることを伝える。,身体的拘束の原因となった行為を一緒に振り返る。,興奮状態が落ち着いたら看護師の判断で身体的拘束を解除する。,B,C,,false,,true,notebooklm,2026-04-05T01:24:41.688Z
2020_nrs_20_pm113,nursing,2020,113,2.主な精神疾患・障害の特徴と看護,D.気分＜感情＞障害,臨床検査および心理検査と看護薬物療法と看護,3,"入院後1週、身体的拘束は解除された。Aさんは常に動き回り、他の患者への過干渉が続いている。食事中に立ち上がりホールから出ていこうとするため、看護師が止めると強い口調で言い返してくる。Aさんは「ゲーム関連の仕事を探したい。早く退院させろ」と1日に何度も看護師に訴えるが、主治医は退院を許可していない。,,
Aさんへの対応で適切なのはどれか。",休息できる場所へ誘導する。,過干渉となる理由を確認する。,退院後は家族と暮らすように提案する。,仕事に必要なスキルについて話し合う。,,A,,false,,false,notebooklm,2026-04-05T01:24:41.688Z
2020_nrs_20_pm114（不備問題複数回答）,nursing,2020,0,精神看護学,,,3,"入院後2か月、Aさんの状態は落ち着き、退院に向けての準備が進められている。Aさんは、「会社で同僚と言い合いになってこれまでも仕事を変わってきた。そのたびに調子が悪くなって、何度も入院した。家族と言い合いをしたぐらいで近所から苦情があって、嫌になって引っ越した」と看護師に訴えた。,,
Aさんの退院に向けて連携をとる機関はどれか。",警　察,保健所,保護観察所,地域活動支援センター,,B,D,,false,,false,notebooklm,2026-04-05T01:24:41.688Z
2020_nrs_20_pm115,nursing,2020,115,3.地域・在宅看護における安全と健康危機管理,B.災害による暮らしへの影響,在宅療養者・家族が行う災害時の備え,3,"訪問看護と訪問介護の担当者、Aさんと妻を含めた退院前カンファレンスが開催された。妻から「夜間に停電になったらどうすればよいですか」と発言があった。,,
このときの妻への訪問看護師の対応で適切なのはどれか。",電動式でない車椅子を購入するよう勧める。,訪問看護事業所が発電機を貸し出すと伝える。,バッグバルブマスクでの用手換気の指導を行う。,停電時にハザードマップを確認するよう提案する。,,C,,false,,false,notebooklm,2026-04-05T01:24:41.688Z
2020_nrs_20_pm116,nursing,2020,116,6.症状・疾患・治療に応じた地域・在宅看護,C.主な治療等に応じた在宅看護,人工呼吸療法,3,"退院前カンファレンスで、訪問介護の担当者から、これまでと同様に退院後も昼食の準備と後始末、口腔ケア、入浴介助を行う予定と発言があった。訪問看護師は訪問介護の担当者に、Aさんの状態の変化に気付いたら連絡がほしいと協力を求めた。,,
訪問介護の担当者に説明するAさんの状態の変化で、特に注意が必要なのはどれか。",傾眠傾向,眼の充血,口腔内の乾燥,食事摂取量の低下,,A,,false,,false,notebooklm,2026-04-05T01:24:41.688Z
2020_nrs_20_pm117,nursing,2020,117,6.症状・疾患・治療に応じた地域・在宅看護,C.主な治療等に応じた在宅看護,人工呼吸療法,3,退院後1週、訪問看護師はAさんの鼻根部の皮膚に発赤があることに気付いた。訪問看護師の妻への対応で適切なのはどれか。,「鼻マスクに変更しましょう」,「発赤部位は洗わないようにしましょう」,「人工呼吸器の装着時間は短くしましょう」,「フェイスマスクのベルトは指が2本入る程度に固定しましょう」,,D,,false,,false,notebooklm,2026-04-05T01:24:41.688Z
2020_nrs_20_pm118,nursing,2020,118,7.高齢者に特有な症候・疾患・障害と看護,D.高齢者に特有な疾患・障害の予防と看護,脱水症,3,Aさんの状態をアセスメントするために、外来看護師が収集すべき情報で優先度が高いのはどれか。,口渇感,呼吸音,尿比重,腹部膨満感,,C,,false,,false,notebooklm,2026-04-05T01:24:41.688Z
2020_nrs_20_pm119,nursing,2020,119,7.高齢者に特有な症候・疾患・障害と看護,E.認知機能が低下した高齢者の看護,認知症看護の基本的視点,3,"Aさんは入院となり、点滴静脈内注射が開始された。入院当日の夜間、Aさんは「ここはどこか、家に帰る」などと言い、点滴ラインを触ったり杖を使わずにトイレに1人で行こうとしたりして落ち着かず、ほとんど眠っていなかったと夜勤の看護師から日勤の看護師に申し送りがあった。,,
日勤でAさんを受け持つ看護師の対応として適切なのはどれか。2つ選べ。",時計をAさんから見える場所に置く。,主治医にAさんの退院について相談する。,日中はAさんにスタッフステーションで過ごしてもらう。,点滴ラインがAさんの視界に入らないようにする。,日中はAさんの病室の窓のカーテンを閉めておく。,A,D,,false,,true,notebooklm,2026-04-05T01:24:41.688Z
2020_nrs_20_pm120,nursing,2020,120,5.療養の場に応じた地域・在宅看護,B.療養の場の移行に伴う看護,入退院支援,3,"入院から1週が経過し、Aさんのバイタルサインなどは正常となり、食事も摂取できるようになった。Aさんの妻は「先生からそろそろ退院できるといわれましたが、夫はほとんどベッド上で過ごしており、トイレまで歩けそうにありません。これで退院できるか不安です」と看護師に話した。現在のAさんの日常生活動作＜ADL＞は、起立時にふらつきがみられ、歩行は不安定である。ポータブルトイレを使用して排泄している。,,
現在のAさんの状況から、退院に向けて看護師が連携する者で適切なのはどれか。2つ選べ。",薬剤師,民生委員,管理栄養士,理学療法士,介護支援専門員,D,E,,false,,true,notebooklm,2026-04-05T01:24:41.688Z
2021_nrs_21_am001,nursing,2021,1,1. 健康の定義と理解,B.健康に関する指標,労働人口,3,労働力調査による労働力人口の令和元年（2019年）平均に最も近いのはどれか。,"4,800万人","5,800万人","6,800万人","7,800万人",,C,,false,,false,notebooklm,2026-04-05T01:24:41.688Z
2021_nrs_21_am002,nursing,2021,2,1. 健康の定義と理解,B.健康に関する指標,出生と死亡の動向,3,日本の令和元年（2019年）の死亡数に近いのはどれか。,98万人,118万人,138万人,158万人,,C,,false,,false,notebooklm,2026-04-05T01:24:41.688Z
2021_nrs_21_am003,nursing,2021,3,2. 健康に影響する要因,B.生活環境,住環境,3,シックハウス症候群に関係する物質はどれか。,アスベスト,ダイオキシン類,放射性セシウム,ホルムアルデヒド,,D,,false,,false,notebooklm,2026-04-05T01:24:41.688Z
2021_nrs_21_am004,nursing,2021,4,3.看護で活用する社会保障,A.医療保険精度の基本,高齢者医療制度,3,"後期高齢者医療制度の被保険者は、区域内に住居を有する（　　）歳以上の者、および65歳以上（　　）歳未満であって、政令で定める程度の障害の状態にあるとして後期高齢者医療広域連合の認定を受けた者である。,,
（　　）に入るのはどれか。",70,75,80,85,,B,,false,,false,notebooklm,2026-04-05T01:24:41.688Z
2021_nrs_21_am005,nursing,2021,5,4.看護における倫理,A.基本的人権の擁護,インフォームド・コンセント,3,患者の選択権の行使を最も促進するのはどれか。,父権主義,医師の裁量権,コンプライアンス,インフォームド・コンセント,,D,,false,,false,notebooklm,2026-04-05T01:24:41.688Z
2021_nrs_21_am006（不備問題複数回答）,nursing,2021,0,必修問題,,,3,"マズロー,A.H.の基本的欲求の階層で社会的欲求はどれか。",安全の欲求,帰属の欲求,承認の欲求,睡眠の欲求,,B,C,,false,,false,notebooklm,2026-04-05T01:24:41.688Z
2021_nrs_21_am007,nursing,2021,7,10.人体の構造と機能,A.人体の基本的な構造と正常な機能,循環器系,3,胎児循環で胎児から胎盤に血液を送るのはどれか。,総頸動脈,肺動脈,臍動脈,臍静脈,,C,,false,,false,notebooklm,2026-04-05T01:24:41.688Z
2021_nrs_21_am008,nursing,2021,8,13.看護における基本技術,C.フィジカルアセスメント,バイタルサインの観察,3,学童期の脈拍数の基準値はどれか。,50～70/分,80～100/分,110～130/分,140～160/分,,B,,false,,false,notebooklm,2026-04-05T01:24:41.688Z
2021_nrs_21_am009,nursing,2021,9,7.人間のライフサイクル各期の特徴と生活,F.成人期,生殖機能の成熟と衰退,3,日本の女性における平均閉経年齢に最も近いのはどれか。,30歳,40歳,50歳,60歳,,C,,false,,false,notebooklm,2026-04-05T01:24:41.688Z
2021_nrs_21_am010,nursing,2021,10,1. 健康の定義と理解,B.健康に関する指標,世帯数,3,令和元年（2019年）の国民生活基礎調査で次の世帯構造のうち最も少ないのはどれか。,単独世帯,三世代世帯,夫婦のみの世帯,夫婦と未婚の子のみの世帯,,B,,false,,false,notebooklm,2026-04-05T01:24:41.688Z
2021_nrs_21_am011,nursing,2021,11,10.人体の構造と機能,A.人体の基本的な構造と正常な機能,運動系,3,"右大腿骨前面を図に示す。,,
大腿骨頸部はどれか。",①,②,③,④,,C,,true,,false,notebooklm,2026-04-05T01:24:41.688Z
2021_nrs_21_am012,nursing,2021,12,10.人体の構造と機能,A.人体の基本的な構造と正常な機能,消化器系,3,有害物質を無毒化し排泄する臓器はどれか。,胃,肝　臓,膵　臓,大　腸,,B,,false,,false,notebooklm,2026-04-05T01:24:41.688Z
2021_nrs_21_am013,nursing,2021,13,11.徴候と疾患,A.主要な症状と徴候,黄疸,3,黄疸のある成人患者にみられる随伴症状はどれか。,動　悸,難　聴,関節痛,搔痒感,,D,,false,,false,notebooklm,2026-04-05T01:24:41.688Z
2021_nrs_21_am014,nursing,2021,14,11.徴候と疾患,A.主要な症状と徴候,胸痛,3,左前胸部から頸部や左上肢への放散痛が生じる疾患はどれか。,胃潰瘍,狭心症,胆石症,尿管結石症,,B,,false,,false,notebooklm,2026-04-05T01:24:41.688Z
2021_nrs_21_am015,nursing,2021,15,11.徴候と疾患,C.基本的な臨床検査値の評価,血液学検査,3,成人女性の赤血球数の基準値はどれか。,150～250万/µL,350～450万/µL,550～650万/µL,750～850万/µL,,B,,false,,false,notebooklm,2026-04-05T01:24:41.688Z
2021_nrs_21_am016,nursing,2021,16,13.看護における基本技術,A.コミュニケーション,面接技法,3,Open-ended question＜開かれた質問＞はどれか。,「頭は痛みませんか」,「昨夜は眠れましたか」,「気分は悪くありませんか」,「自宅ではどのように過ごしていましたか」,,D,,false,,false,notebooklm,2026-04-05T01:24:41.688Z
2021_nrs_21_am017,nursing,2021,17,13.看護における基本技術,C.フィジカルアセスメント,バイタルサインの観察,3,深部体温に最も近いのはどれか。,腋窩温,口腔温,鼓膜温,直腸温,,D,,false,,false,notebooklm,2026-04-05T01:24:41.688Z
2021_nrs_21_am018,nursing,2021,18,13.看護における基本技術,C.フィジカルアセスメント,呼吸状態の観察,3,"呼吸パターンを図に示す。,,
Cheyne-Stokes＜チェーン-ストークス＞呼吸はどれか。",&#160;,&#160;,&#160;,&#160;,,A,,true,,false,notebooklm,2026-04-05T01:24:41.688Z
2021_nrs_21_am019,nursing,2021,19,14.日常生活援助技術,D.清潔,口腔ケア,3,高齢者の義歯の取り扱い方法で正しいのはどれか。,就寝時に外す。,熱湯で洗浄する。,保管時は乾燥させる。,総義歯は奥歯を起点に外す。,,A,,false,,false,notebooklm,2026-04-05T01:24:41.688Z
2021_nrs_21_am020,nursing,2021,20,15.患者の安全・安楽を守る看護技術,C.感染対策対策,感染性廃棄物の取り扱い,3,使用後の注射針を廃棄する容器のバイオハザードマークの色はどれか。,赤,黄,黒,橙,,B,,false,,false,notebooklm,2026-04-05T01:24:41.688Z
2021_nrs_21_am021,nursing,2021,21,16.診療に伴う看護技術,D.採血,採血方法,3,成人の静脈血採血で適切なのはどれか。,採血部位から2、3cm中枢側に駆血帯を巻く。,血管の走行に合わせ60度の角度で刺入する。,採血後は刺入部位を圧迫しながら抜針する。,刺入部位は5分以上圧迫し、止血する。,,D,,false,,false,notebooklm,2026-04-05T01:24:41.688Z
2021_nrs_21_am022,nursing,2021,22,16.診療に伴う看護技術,E.呼吸管理,気管内吸引,3,1回の気管内吸引を30秒以上実施した場合に生じるのはどれか。,嘔　吐,感　染,低酸素血症,気道粘膜の損傷,,C,,false,,false,notebooklm,2026-04-05T01:24:41.688Z
2021_nrs_21_am023,nursing,2021,23,16.診療に伴う看護技術,F.救命救急処置,止血法,3,上腕出血時の間接圧迫止血の部位はどれか。,腋窩動脈,尺骨動脈,大腿動脈,橈骨動脈,,A,,false,,false,notebooklm,2026-04-05T01:24:41.688Z
2021_nrs_21_am024,nursing,2021,24,16.診療に伴う看護技術,F.救命救急処置,胸骨圧迫,3,"成人に対する一次救命処置＜BLS＞において、胸骨圧迫と人工呼吸の回数比は（　　）：2である。,,
（　　）に入るのはどれか。",5,10,30,50,,C,,false,,false,notebooklm,2026-04-05T01:24:41.688Z
2021_nrs_21_am025,nursing,2021,25,11.徴候と疾患,B.主要な疾患による健康障害,感染症,3,感染症の予防及び感染症の患者に対する医療に関する法律＜感染症法＞において、結核が分類されるのはどれか。,一　類,二　類,三　類,四　類,五　類,B,,false,,false,notebooklm,2026-04-05T01:24:41.688Z
2021_nrs_21_am026,nursing,2021,26,6.循環器系,A.心臓の構造と機能,新機能の調節,3,正常な心臓で心拍出量が減少するのはどれか。,心拍数の増加,大動脈圧の上昇,静脈還流量の増加,心筋収縮力の上昇,,B,,false,,false,notebooklm,2026-04-05T01:24:41.688Z
2021_nrs_21_am027,nursing,2021,27,9.生体の防御機構,B.特異的生体防御反応（免疫系）,液体免疫,3,ワクチン接種後の抗体産生について正しいのはどれか。,ワクチン内の抗原を提示するのは好中球である。,抗原に対して最初に産生される抗体はIgAである。,抗原に対して血中濃度が最も高くなる抗体はIgMである。,同じワクチンを2回接種すると抗原に対する抗体の産生量が増加する。,,D,,false,,false,notebooklm,2026-04-05T01:24:41.688Z
2021_nrs_21_am028,nursing,2021,28,9.生体の防御機構,B.特異的生体防御反応（免疫系）,免疫系の細胞,3,B細胞が抗原認識によって分化した抗体産生細胞はどれか。,マクロファージ,形質細胞,肥満細胞,T細胞,,B,,false,,false,notebooklm,2026-04-05T01:24:41.688Z
2021_nrs_21_am029,nursing,2021,29,11.免疫機能,A.自己免疫疾患の病態と診断・治療,皮膚筋炎、多発性筋炎,3,皮膚筋炎の皮膚症状はどれか。,環状紅斑,蝶形紅斑,ディスコイド疹,ヘリオトロープ疹,,D,,false,,false,notebooklm,2026-04-05T01:24:41.689Z
2021_nrs_21_am030,nursing,2021,30,2.社会の中の集団,B.労働と健康,育児休業、介護休業等育児又は家族介護を行う労働者の福祉に関する法律＜育児・介護休業法＞,3,育児休業、介護休業等育児又は家族介護を行う労働者の福祉に関する法律＜育児・介護休業法＞における介護休業の取得で正しいのはどれか。,介護休業は分割して取得することはできない。,介護の対象者1人につき半年を限度に取得できる。,要介護状態にある配偶者を介護するために取得できる。,介護老人福祉施設に入所している家族の面会のために取得できる。,,C,,false,,false,notebooklm,2026-04-05T01:24:41.689Z
2021_nrs_21_am031,nursing,2021,31,5.社会福祉の基本,C.社会福祉における民間活動,ボランティア活動,3,社会福祉法に基づき社会福祉協議会が推進するのはどれか。,がん対策,男女共同参画,就労の支援活動,ボランティア活動,,D,,false,,false,notebooklm,2026-04-05T01:24:41.689Z
2021_nrs_21_am032,nursing,2021,32,6.健康と公衆衛生,D.健康に関する指標に基づく公衆衛生,死亡（死産、周産期死亡、乳児死亡を含む）、死因,3,日本の平成30年（2018年）の健康に関する指標の記述で正しいのはどれか。,女性の死因の第3位は老衰である。,男性の死因の第3位は肺炎である。,女性の平均寿命は89年を超えている。,男性の平均寿命は83年を超えている。,,A,,false,,false,notebooklm,2026-04-05T01:24:41.689Z
2021_nrs_21_am033,nursing,2021,33,10.生活者の健康増進,B.職場の健康管理,労働衛生3管理（作業管理、作業環境管理、健康管理）,3,"労働衛生の「3管理」とは、作業環境管理と作業管理と（　　）である。,,
（　　）に入るのはどれか。",健康管理,総括管理,労務管理,出退勤管理,,A,,false,,false,notebooklm,2026-04-05T01:24:41.689Z
2021_nrs_21_am034（不備問題複数回答）,nursing,2021,0,健康支援と社会保障制度,,,3,健康を人々の権利として明記したのはどれか。,世界保健機関＜WHO＞の健康に関する定義,ジュネーブ宣言,世界人権宣言,リスボン宣言,,A,C,,false,,false,notebooklm,2026-04-05T01:24:41.689Z
2021_nrs_21_am035,nursing,2021,35,6.看護の役割と機能,B.保健・医療・福祉の連携と継続看護,保健・医療・福祉の連携を支える仕組み施設内・施設間における継続看護,3,地域連携クリニカルパスの目的はどれか。,医療機関から在宅までの医療の継続的な提供,地域包括支援センターと地域住民との連携,地域医療を担う医療専門職の資質向上,患者が活用できる社会資源の紹介,,A,,false,,false,notebooklm,2026-04-05T01:24:41.689Z
2021_nrs_21_am036,nursing,2021,36,3.看護における基本技術,B.学習支援,学習支援の方法と媒体,3,集団指導が望ましいのはどれか。,胃全摘出術後の患者への退院指導,Ⅰ型糖尿病の学童を対象とした療養指導,子宮頸癌の術後の神経因性膀胱の患者への間欠的自己導尿の指導,ヒト免疫不全ウイルス＜HIV＞感染者への生活指導,,B,,false,,false,notebooklm,2026-04-05T01:24:41.689Z
2021_nrs_21_am037,nursing,2021,37,3.看護における基本技術,E.フィジカルアセスメント,系統別のフィジカルアセスメント,3,"上肢のフィジカルアセスメントの立位での実施場面の写真を示す。,,
手のひらを上にして、肩の高さで水平に前方に両腕を伸ばしてもらった。その後、閉眼してもらうと、左腕が回内しながら下がっていった。,,
アセスメントの結果で正しいのはどれか。",位置覚の異常,錐体路の障害,小脳機能の異常,関節可動域の障害,,B,,true,,false,notebooklm,2026-04-05T01:24:41.689Z
2021_nrs_21_am038,nursing,2021,38,3.看護における基本技術,H.安楽の確保,ボディメカニクスの原理と看護実践への活用,3,臥床患者の体位変換とボディメカニクスの原則との組合せで正しいのはどれか。,仰臥位から側臥位 -- トルクの原理,仰臥位から長座位 -- 摩擦力,ベッドの片側への水平移動 -- 力のモーメント,ベッドの頭部への水平移動 -- てこの第1種の原理,,A,,false,,false,notebooklm,2026-04-05T01:24:41.689Z
2021_nrs_21_am039,nursing,2021,39,3.看護における基本技術,G.安全管理＜セーフティマネジメント＞,転倒・転落の予防と対策,3,"Aさん（24歳、男性）は急性虫垂炎の術後1日で、ベッド上で仰臥位になり右前腕から点滴静脈内注射が行われている。Aさんは左利きである。,,
病室外のトイレまでAさんが移動するための適切な療養環境はどれか。",履物はAさんの左手側に置く。,ベッド柵はAさんの右手側に設置する。,輸液スタンドはAさんの左手側に置く。,ベッドは端座位時にAさんの足底が床につく高さにする。,,D,,false,,false,notebooklm,2026-04-05T01:24:41.689Z
2021_nrs_21_am040,nursing,2021,40,4.日常生活援助技術,F.清潔と衣生活,清潔行動・衣生活の自立困難な人への援助,3,全介助が必要な臥床患者の口腔ケアで適切なのはどれか。,スポンジブラシは水を含ませた後、絞って使用する。,頸部を後屈した体位で実施する。,終了後は口腔内を乾燥させる。,舌苔は強くこすって除去する。,,A,,false,,false,notebooklm,2026-04-05T01:24:41.689Z
2021_nrs_21_am041,nursing,2021,41,5.診療に伴う看護技術,B.皮膚・創傷管理,創傷の治癒過程,3,術後1日の手術創の正常な治癒過程として正しいのはどれか。,創部の浮腫が起こる。,肉芽組織が形成される。,コラーゲンが成熟し瘢痕組織となる。,血管内皮細胞が新しい血管を形成する。,,A,,false,,false,notebooklm,2026-04-05T01:24:41.689Z
2021_nrs_21_am042,nursing,2021,42,6.健康と公衆衛生,D.健康に関する指標に基づく公衆衛生,受療状況、有病率、罹患率,3,平成29年（2017年）の患者調査において医療機関を受診している総患者数が最も多いのはどれか。,喘　息,糖尿病,脳血管疾患,高血圧性疾患,,D,,false,,false,notebooklm,2026-04-05T01:24:41.689Z
2021_nrs_21_am043,nursing,2021,43,6.循環機能,D.ショックの病態と診断・治療,出血性ショック,3,解離性大動脈瘤の破裂直後に出血性ショックとなった患者の症状として正しいのはどれか。,黄　疸,浮　腫,顔面紅潮,呼吸不全,,D,,false,,false,notebooklm,2026-04-05T01:24:41.689Z
2021_nrs_21_am044,nursing,2021,44,4.疾病にたいする医療,B.薬剤の特性,薬物動態（吸収、分布、代謝、排泄）,3,"Aさん（60歳、男性）は大動脈弁置換術を受け、ワルファリンの内服を開始することになった。,,
Aさんが摂取を避けるべき食品はどれか。",海　藻,牛　乳,納　豆,グレープフルーツ,,C,,false,,false,notebooklm,2026-04-05T01:24:41.689Z
2021_nrs_21_am045,nursing,2021,45,7.栄養の摂取・消化・吸収・代謝機能,D.肝臓・胆・膵臓の疾患の病態と診断・治療,炎症性疾患（肝炎、胆 管炎、胆囊炎、膵炎）,3,慢性膵炎患者の食事療法で制限が必要なのはどれか。,蛋白質,カリウム,食物繊維,アルコール,,D,,false,,false,notebooklm,2026-04-05T01:24:41.689Z
2021_nrs_21_am046,nursing,2021,46,8.内部環境調節機能,B.代謝異常の疾患の病態と診断・治療,糖尿病,3,血中濃度の測定にあたり食事の影響を考慮すべきホルモンはどれか。,グルカゴン,メラトニン,コルチゾール,バゾプレシン,,A,,false,,false,notebooklm,2026-04-05T01:24:41.689Z
2021_nrs_21_am047,nursing,2021,47,4.疾病にたいする医療,A.診断の基本と方法,画像検査,3,脳血管造影を行う患者の看護について適切なのはどれか。,前日に頭部の剃毛を行う。,検査中は患者に話しかけない。,穿刺部末梢側の動脈の拍動を確認する。,検査30分前まで食事摂取が可能である。,,C,,false,,false,notebooklm,2026-04-05T01:24:41.689Z
2021_nrs_21_am048,nursing,2021,48,5.周術期にある患者と家族の看護,C.術後の看護,侵襲に対する生体反応術後の鎮痛・鎮静管理創傷管理・処置,3,"Aさん（32歳、男性）は慢性副鼻腔炎と診断され経過観察をしていたが、症状が改善せず手術を受けることになった。,,
Aさんへの術後の生活についての説明で適切なのはどれか。",咽頭にたまった分泌物は飲み込んでも良い。,物が二重に見えるときは看護師に伝える。,手術当日から入浴が可能である。,臥床時は頭部を低く保つ。,,B,,false,,false,notebooklm,2026-04-05T01:24:41.689Z
2021_nrs_21_am049,nursing,2021,49,19.運動機能障害のある患者の看護,D.病期や機能障害に応じた看護,椎間板ヘルニア四肢切断後,3,幻肢痛について正しいのはどれか。,術前から発症する。,抗うつ薬は禁忌である。,細菌感染が原因である。,切断し喪失した部位に生じる。,,D,,false,,false,notebooklm,2026-04-05T01:24:41.689Z
2021_nrs_21_am050,nursing,2021,50,21.性・生殖・乳腺機能障害のある患者の看護,B.検査・処置を受ける患者への看護,乳房超音波検査,3,乳房超音波検査を受ける女性患者への説明で正しいのはどれか。,「検査当日は起床時から飲食をしないでください」,「乳房を器具で挟んで検査します」,「月経中は検査ができません」,「仰向けで検査を行います」,,D,,false,,false,notebooklm,2026-04-05T01:24:41.689Z
2021_nrs_21_am051,nursing,2021,51,15.内分泌機能障害のある患者の看護,D.病期や機能障害に応じた看護,甲状腺疾患（甲状腺機能充進症、甲状腺機能低下症）,3,"Aさん（54歳、女性）は甲状腺機能亢進症と診断され、放射性ヨウ素内用療法を受けることとなった。,,
看護師の説明で正しいのはどれか。",「治療前1週間は海藻類を摂取しないでください」,「治療中は体を固定します」,「治療後の副作用に脱毛があります」,「治療後1週間は生野菜を摂取しないでください」,,A,,false,,false,notebooklm,2026-04-05T01:24:41.689Z
2021_nrs_21_am052,nursing,2021,52,1.高齢者の理解の基本となる概念,A.老年期の発達と変化,老年期の発達課題,3,老年期の発達課題を引退の危機、身体的健康の危機および死の危機の3つの段階で示したのはどれか。,エリクソン,レビンソン,ペック,ユング,,C,,false,,false,notebooklm,2026-04-05T01:24:41.689Z
2021_nrs_21_am053,nursing,2021,53,4.老年看護の基本,C.高齢者の生活を支える制度と施策,介護保険制度,3,介護保険制度における施設サービスはどれか。,介護医療院サービス,小規模多機能型居宅介護,サービス付き高齢者向け住宅,認知症対応型共同生活介護＜認知症高齢者グループホーム＞,,A,,false,,false,notebooklm,2026-04-05T01:24:41.689Z
2021_nrs_21_am054,nursing,2021,54,3.高齢者の健康,B.老年期における身体機能の変化,呼吸器系,3,30歳を100％とした生理機能と比較して、老年期において機能の残存率の平均値が最も低下するのは次のうちどれか。,基礎代謝率,最大換気量,細胞内水分量,神経伝導速度,,B,,false,,false,notebooklm,2026-04-05T01:24:41.689Z
2021_nrs_21_am055,nursing,2021,55,3.高齢者の健康,A.高齢者の健康と疾病,高齢者の疾病の特徴,3,高齢者の健康障害の特徴で正しいのはどれか。,症状の出現は定型である。,治療の効果が現れやすい。,疾患の発生に心理的要因の影響は少ない。,薬物の副作用＜有害事象＞が発生しやすい。,,D,,false,,false,notebooklm,2026-04-05T01:24:41.689Z
2021_nrs_21_am056,nursing,2021,56,5.高齢者の生活を支える看護,D.高齢者の排泄の特徴と援助,便秘、下痢,3,"Aさん（83歳）は寝たきり状態で、便意を訴えるが3日間排便がみられない。認知機能に問題はない。昨晩下剤を内服したところ、今朝、紙オムツに水様便が少量付着しており、残便感を訴えている。,,
このときのAさんの状態で考えられるのはどれか。",嵌入便,器質性便秘,切迫性便失禁,非急性感染性下痢,,A,,false,,false,notebooklm,2026-04-05T01:24:41.689Z
2021_nrs_21_am057,nursing,2021,57,3.小児各期における健康増進のための子どもと家族への看護,F.感染症と予防,予防接種,3,"発育と発達に遅れのない生後6か月の男児。BCG接種の翌日に接種部位が赤く腫れ次第に増悪して膿がみられたため、母親は接種後4日目に医療機関に電話で相談し、看護師が対応した。児に発熱はなく、哺乳や機嫌は良好である。,,
このときの看護師の説明で適切なのはどれか。",「通常の反応です」,「速やかに来院してください」,「1週間後にまた電話をください」,「患部をアルコール消毒してください」,,B,,false,,false,notebooklm,2026-04-05T01:24:41.689Z
2021_nrs_21_am058,nursing,2021,58,7.早期新生児期の看護,A.早期新生児の生理的変化と異常,新生児ビタミンK欠乏症,3,新生児の出血性疾患で正しいのはどれか。,生後48時間以内には発症しない。,母乳栄養児は発症のリスクが高い。,予防としてカルシウムを内服する。,早期に現われる所見に蕁麻疹がある。,,B,,false,,false,notebooklm,2026-04-05T01:24:41.689Z
2021_nrs_21_am059,nursing,2021,59,4.病気や診療・入院が子どもと家族に与える影響と看護,C.病気や診療・入院が子どもに与える影響と看護,病気や診療・入院に伴うストレスと影響要因,3,入院中の小児のストレス因子と発達段階の組合せで正しいのはどれか。,見慣れない環境 -- 新生児期,プライバシーの侵害 -- 幼児期,病気の予後への不安 -- 学童期,母子分離 -- 思春期,,C,,false,,false,notebooklm,2026-04-05T01:24:41.689Z
2021_nrs_21_am060,nursing,2021,60,9.エンド・オブ・ライフ＜ end-of-life ＞にある子どもと家族への看護,B.子どもと家族への緩和ケア,エンド・オブ・ライフ＜end-of-life＞にある子どもの心身の状態と緩和ケア,3,"A君（小学6年生）は病院に併設された院内学級に通いながら骨肉腫の治療を続けていた。現在、肺転移があり終末期にある。呼吸障害のため鼻腔カニューレで酸素（2L/分）を吸入中である。A君の食事摂取量は減っているが意識は清明である。1週後に院内で卒業式が予定されている。A君は「卒業式に出席したい」と話している。,,
看護師のA君への対応として適切なのはどれか。",両親に判断してもらおうと話す。,今の状態では出席は難しいと話す。,出席できるように準備しようと話す。,出席を決める前に体力をつけようと話す。,,C,,false,,false,notebooklm,2026-04-05T01:24:41.689Z
2021_nrs_21_am061,nursing,2021,61,2.母性看護の基盤となる概念,A.リプロダクティブ・ヘルスに関する概念,セックス、ジェンダー,3,ジェンダーの定義について正しいのはどれか。,生物学的な性,社会的文化的な性,自己認識している性,性的指向の対象となる性,,B,,false,,false,notebooklm,2026-04-05T01:24:41.689Z
2021_nrs_21_am062,nursing,2021,62,6.健康と公衆衛生,D.健康に関する指標に基づく公衆衛生,死亡（死産、周産期死亡、乳児死亡を含む）、死因,3,日本の周産期の死亡に関する記述で正しいのはどれか。,新生児死亡は生後1週未満の死亡をいう。,死産は妊娠満12週以後の死児の出産をいう。,妊産婦死亡は妊娠中又は妊娠終了後満28日未満の女性の死亡をいう。,令和元年（2019年）の人口動態統計では自然死産数が人工死産数よりも多い。,,B,,false,,false,notebooklm,2026-04-05T01:24:41.689Z
2021_nrs_21_am063,nursing,2021,63,3.女性のライフサイクル各期における看護,A.思春期・成熟期女性の健康維持への看護,性行動、性反応,3,避妊法について適切なのはどれか。,経口避妊薬は排卵を抑制する。,コンドーム法の避妊効果は99％以上である。,基礎体温法は月経が不順な女性に有用である。,子宮内避妊器具＜IUD＞は性交のたびに挿入が必要である。,,A,,false,,false,notebooklm,2026-04-05T01:24:41.689Z
2021_nrs_21_am064,nursing,2021,64,6.産褥期の看護,A.正常な産褥の経過と産褥期の異常,マタニティブルーズ産後うつ病,3,マタニティブルーズについて正しいのはどれか。,意欲低下が主症状である。,症状は2週間以上持続する。,好発時期は産後1か月ころである。,産後のホルモンの変動が要因となる。,,D,,false,,false,notebooklm,2026-04-05T01:24:41.689Z
2021_nrs_21_am065,nursing,2021,65,1.精神保健の基本,A.精神の健康の概念,精神障害の一次予防・二次予防・三次予防,3,精神保健における一次予防はどれか。,職場でうつ病患者を早期発見する。,自殺企図者に精神科医療機関への受療を促す。,統合失調症患者の社会参加のための支援を行う。,ストレスとその対処法に関する知識の啓発活動を行う。,,D,,false,,false,notebooklm,2026-04-05T01:24:41.689Z
2021_nrs_21_am066,nursing,2021,66,4.精神疾患・障害がある者とその家族への看護,B.心理・社会的療法,認知行動療法,3,認知行動療法で患者に期待できる効果はどれか。,物事の捉え方のゆがみが修正される。,自ら催眠状態に導くことができるようになる。,過去の自分の態度についての自己洞察が深まる。,自分の状態をあるがままに受け入れることができるようになる。,,A,,false,,false,notebooklm,2026-04-05T01:24:41.689Z
2021_nrs_21_am067,nursing,2021,67,4.精神疾患・障害がある者とその家族への看護,H.社会資源の活用とケアマネジメント,就労移行支援,3,"Aさん（22歳、統合失調症）は父親、母親、妹との4人暮らし。高校卒業後、アルバイトをしていたが、症状の悪化によって初めて精神科病院に入院した。退院後に一般企業で働きたいと希望している。,,
看護師がAさんに提案するサービスで適切なのはどれか。",行動援護,就労移行支援,自立生活援助,地域定着支援,,B,,false,,false,notebooklm,2026-04-05T01:24:41.689Z
2021_nrs_21_am068,nursing,2021,68,1.地域・在宅看護の対象,B.在宅療養者のいる家族の理解と健康課題,家族の機能,3,"Aさん（80歳、女性）は1人暮らし。要介護2の認定を受け、長男（50歳、会社員）、長男の妻（45歳、会社員）、孫（大学生、男性）と同居することになった。長男の家の間取りは、洋室5部屋、リビング、台所である。Aさんは同居後に訪問看護を利用する予定である。訪問看護を利用するにあたりAさんの家族から「在宅介護は初めての経験なのでどうすればよいですか」と訪問看護師に相談があった。,,
訪問看護師の説明で最も適切なのはどれか。",「Aさんの介護用ベッドはリビングに置きましょう」,「Aさんの介護に家族の生活リズムを合わせましょう」,「活用できる在宅サービスをできる限り多く利用しましょう」,「特定の同居家族に介護負担が集中しないように家族で話し合いましょう」,,D,,false,,false,notebooklm,2026-04-05T01:24:41.689Z
2021_nrs_21_am069,nursing,2021,69,6.症状・疾患・治療に応じた地域・在宅看護,C.主な治療等に応じた在宅看護,酸素療法,3,"Aさん（73歳、男性）は慢性閉塞性肺疾患で在宅酸素療法＜HOT＞を受けている。受診時にAさんが「1人でお風呂に入っているが、息切れが強い」と訴えたため、外来看護師は入浴時の具体的な状況を確認した。,,
外来看護師がAさんに確認した内容で、息切れの原因と考えられるのはどれか。",入浴はシャワー浴にしている。,椅子に座って更衣を行っている。,洗髪時に鼻カニューレを外している。,浴室の扉を開けたまま入浴している。,,C,,false,,false,notebooklm,2026-04-05T01:24:41.689Z
2021_nrs_21_am070,nursing,2021,70,3.地域・在宅看護における安全と健康危機管理,B.災害による暮らしへの影響,在宅療養者・家族が行う災害時の備え,3,気管切開下で人工呼吸器を装着している利用者に対して、訪問看護事業所が災害に備えて行うことで適切なのはどれか。,人工呼吸器の予備の回路を預かる。,災害時の個別支援マニュアルを作成する。,医療機関から非常用の人工呼吸器を借りる。,事業所内に利用者が避難できる場所を確保する。,,B,,false,,false,notebooklm,2026-04-05T01:24:41.689Z
2021_nrs_21_am071,nursing,2021,71,4.日常生活援助技術,B.食事と栄養,経管・経腸栄養法,3,チューブ型の胃瘻の管理について、介護する家族に看護師が指導する内容で正しいのはどれか。,「栄養剤の注入後に白湯を注入してください」,「胃瘻のチューブはご家族で交換してください」,「胃瘻のチューブは同じ位置に固定してください」,「下痢のときは栄養剤の注入速度を速めてください」,,A,,false,,false,notebooklm,2026-04-05T01:24:41.689Z
2021_nrs_21_am072,nursing,2021,72,1.看護におけるマネジメント,A.看護におけるマネジメントの目的と方法,看護マネジメントの目的とプロセス看護組織の構成と職務,3,"病棟で患者の口腔ケア改善に取り組むために担当チームを作った。,,
これは看護管理のプロセスのどれか。",計　画,指　揮,統　制,組織化,,D,,false,,false,notebooklm,2026-04-05T01:24:41.689Z
2021_nrs_21_am073,nursing,2021,73,9.終末期にある患者および緩和ケアを必要とする患者と家族への看護,B.エンド・オブ・ライフ・ケア＜end-of-life care＞,症状アセスメントとマネジメント,3,"多発性骨転移がある終末期の大腸癌患者（53歳、女性）が、外科病棟から緩和ケア病棟に夫に付き添われ転棟してきた。,,
転棟時の申し送りについて、緩和ケア病棟の看護師が外科病棟の看護師から収集する情報で最も優先すべきなのはどれか。",疼痛コントロールの状況,自宅の居住環境,大腸癌の術式,夫の面会頻度,,A,,false,,false,notebooklm,2026-04-05T01:24:41.689Z
2021_nrs_21_am074,nursing,2021,74,11.人々の健康を支える職種やサービス提供体制に関する法や施策,A.看護職に関する法,看護師等の人材確保の促進に関する法律,3,看護師等の人材確保の促進に関する法律に規定されている、離職した看護師の復職の支援に関連する制度はどれか。,看護師等免許保持者の届出,特定行為に係る研修,教育訓練給付金,業務従事者届,,A,,false,,false,notebooklm,2026-04-05T01:24:41.689Z
2021_nrs_21_am075,nursing,2021,75,16.診療に伴う看護技術,F.救命救急処置,トリアージ,3,災害発生時に行うSTART法によるトリアージで最初に判定を行う項目はどれか。,意　識,呼　吸,循　環,歩　行,,D,,false,,false,notebooklm,2026-04-05T01:24:41.689Z
2021_nrs_21_am076,nursing,2021,76,3.国際化と看護,B.グローバルな社会における看護,看護の対象となる人々（在留外国人、在外日本人、帰国日本人、国際協力活動を必要とする人々）の健康課題,3,日本の政府開発援助＜ODA＞の実施機関はどれか。,世界保健機関＜WHO＞,国際協力機構＜JICA＞,国連開発計画＜UNDP＞,赤十字国際委員会＜ICRC＞,,B,,false,,false,notebooklm,2026-04-05T01:24:41.689Z
2021_nrs_21_am077,nursing,2021,77,3.神経系,B.中枢神経系の構造と機能,大脳,3,"脳の外側面を左右から見た模式図を示す。,,
右利きの健常成人のBroca＜ブローカ＞の運動性言語中枢はどれか。",①,②,③,④,⑤,D,,true,,false,notebooklm,2026-04-05T01:24:41.689Z
2021_nrs_21_am078,nursing,2021,78,5.感覚器系,B.視覚,眼の反射と調節機能,3,眼の遠近調節を行う筋はどれか。,下斜筋,下直筋,毛様体筋,上眼瞼挙筋,瞳孔括約筋,C,,false,,false,notebooklm,2026-04-05T01:24:41.689Z
2021_nrs_21_am079,nursing,2021,79,3.神経系,C.末梢神経系の構造と機能,脳神経,3,咀嚼運動にかかわる脳神経はどれか。,嗅神経,滑車神経,三叉神経,動眼神経,内耳神経,C,,false,,false,notebooklm,2026-04-05T01:24:41.689Z
2021_nrs_21_am080,nursing,2021,80,16.生殖器系,B.男性の生殖器系の構造と機能,精巣上体、精管、精嚢、前立腺、陰茎,3,射出される精子が通るのはどれか。,精　嚢,尿　管,尿　道,膀　胱,前立腺,C,,false,,false,notebooklm,2026-04-05T01:24:41.689Z
2021_nrs_21_am081,nursing,2021,81,11.循環機能障害のある患者の看護,B.検査・処置を受ける患者への看護,心電図,3,"心電図を示す。心電図の記録速度は25mm/秒である。,,
心電図波形によって計測した心拍数で正しいのはどれか。",30/分以上、50/分未満,50/分以上、70/分未満,70/分以上、90/分未満,90/分以上、100/分未満,100/分以上、110/分未満,B,,true,,false,notebooklm,2026-04-05T01:24:41.689Z
2021_nrs_21_am082,nursing,2021,82,6.循環機能,B.血管系の疾患の病態と診断・治療,大動脈瘤、大動脈解離,3,急性大動脈解離において緊急手術を行うかどうかの観点で用いる分類はどれか。,NYHA分類,スタンフォード分類,Killip＜キリップ＞分類,DeBakey＜ドベーキー＞分類,Forrester＜フォレスター＞分類,B,,false,,false,notebooklm,2026-04-05T01:24:41.689Z
2021_nrs_21_am083,nursing,2021,83,15.患者の安全・安楽を守る看護技術,B.医療安全対策,患者誤認の防止,3,タイムアウトによって予防できるのはどれか。,患者の誤認,抗癌薬の曝露,個人情報の漏洩,ベッドからの転落,血液を媒介とする感染,A,,false,,false,notebooklm,2026-04-05T01:24:41.689Z
2021_nrs_21_am084,nursing,2021,84,5.高齢者の生活を支える看護,B.高齢者の安全な活動への援助,活動の縮小の影響(廃用症候群、フレイル、閉じこもり）,3,安静臥床による廃用症候群で生じるのはどれか。,1回換気量の増加,循環血液量の増加,基礎代謝の上昇,骨吸収の亢進,食欲の増進,D,,false,,false,notebooklm,2026-04-05T01:24:41.689Z
2021_nrs_21_am085,nursing,2021,85,1.精神保健の基本,B.心の機能と発達,防衛機制,3,"Aさんは職場の上司に不満をぶつけたいと考えているが、それができないので、不満をぶつけやすい対象である後輩を叱責している。,,
Aさんの防衛機制で正しいのはどれか。",解　離,昇　華,合理化,置き換え,反動形成,D,,false,,false,notebooklm,2026-04-05T01:24:41.689Z
2021_nrs_21_am086,nursing,2021,86,11.徴候と疾患,C.基本的な臨床検査値の評価,血液生化学検査,3,ヘモグロビンA1c＜HbA1c＞について正しいのはどれか。2つ選べ。,測定値の上限は10％である。,赤血球の寿命によって測定値は変動する。,過去1、2週間の血糖値管理の指標である。,グリコアルブミンより短期間の血糖値管理の指標である。,ヘモグロビンにブドウ糖が結合した糖化蛋白質のことである。,B,E,,false,,true,notebooklm,2026-04-05T01:24:41.689Z
2021_nrs_21_am087,nursing,2021,87,7.栄養の摂取・消化・吸収・代謝機能,D.肝臓・胆・膵臓の疾患の病態と診断・治療,炎症性疾患（肝炎、胆 管炎、胆囊炎、膵炎）,3,急性胆管炎の代表的な3症状を示すCharcot＜シャルコー＞3徴に含まれるのはどれか。2つ選べ。,黄　疸,嘔　吐,下　痢,発　熱,意識障害,A,D,,false,,true,notebooklm,2026-04-05T01:24:41.689Z
2021_nrs_21_am088,nursing,2021,88,2.高齢者の生活,A.高齢者の機能と評価,高齢者総合機能評価＜CGA＞,3,高齢者の総合機能評価CGA簡易版＜CGA７＞で評価するのはどれか。2つ選べ。,BMI,意　欲,職業歴,新機器の利用,日常生活動作＜ADL＞,B,E,,false,,true,notebooklm,2026-04-05T01:24:41.689Z
2021_nrs_21_am089,nursing,2021,89,2.主な精神疾患・障害の特徴と看護,].心理的発達の障害,臨床検査および心理検査と看護薬物療法と看護,3,自閉症スペクトラム障害にみられるのはどれか。2つ選べ。,運動性チックが出現する。,計算の習得が困難である。,不注意による間違いが多い。,習慣へのかたくななこだわりがある。,非言語的コミュニケーションの障害がある。,D,E,,false,,true,notebooklm,2026-04-05T01:24:41.689Z
2021_nrs_21_am090,nursing,2021,90,5.診療に伴う看護技術,C.与薬,与薬方法と効果の観察,3,"100mg/5mLと表記された注射薬を75mg与薬するのに必要な薬液量を求めよ。,,
ただし、小数点以下第2位を四捨五入すること。,,
,,
システムの都合上選択肢を表示できません。各自で0～9の数字を組合せて回答してください。,,
,,
解答：①．②mL",,,,,,,,false,,false,notebooklm,2026-04-05T01:24:41.689Z
2021_nrs_21_am091,nursing,2021,91,12.消化・吸収機能障害のある患者への看護,C.治療を受ける患者への看護,人工肛門造設術,3,"人体の前面と背面を図に示す。,,
Aさんの人工肛門が造設される位置はどれか。",①,②,③,④,,C,,true,,false,notebooklm,2026-04-05T01:24:41.689Z
2021_nrs_21_am092,nursing,2021,92,5.周術期にある患者と家族の看護,C.術後の看護,ドレーン管理・処置,3,"Aさんの手術は予定通り終了した。,,
術後1日、会陰部から挿入されたドレーンからは、淡血性の排液が10mL/時で流出していた。バイタルサインが安定していることを確認した後、Fowler＜ファウラー＞位にして15分が経過したところで、Aさんからナースコールがあった。看護師が訪室すると「おしりが濡れているような気がする」と言う。確認すると、会陰部のガーゼに淡血性の浸出液を認めた。,,
Aさんへの対応で最も優先度が高いのはどれか。",Fowler＜ファウラー＞位から仰臥位にする。,ドレーンの屈曲を確認する。,排液バッグを交換する。,会陰部を消毒する。,,B,,false,,false,notebooklm,2026-04-05T01:24:41.689Z
2021_nrs_21_am093,nursing,2021,93,6.慢性疾患がある患者と家族の看護,C.セルフケア・自己管理を促進する看護,自己管理支援、セルフケア支援,3,"術後10日、Aさんは退院日が決まり、「落ち着いたら仕事に復帰します。1人暮らしなので、自分で人工肛門を管理しないといけないですね」と述べた。,,
Aさんの退院に際し、人工肛門の管理に関する看護師の指導で正しいのはどれか。",「面板は1日2回交換してください」,「装具の交換は滅菌手袋を使用してください」,「面板除去部の皮膚はお湯で洗浄してください」,「定期的に人工肛門の大きさを確認してください」,,D,,false,,false,notebooklm,2026-04-05T01:24:41.689Z
2021_nrs_21_am094,nursing,2021,94,14.内部環境（体液量、電解質、酸塩基平衡）調節機能障害のある患者の看護,C.治療を受ける患者への看護,腹膜透析＜CAPD＞,3,Aさんに対する説明として正しいのはどれか。,「食事療法が必要です」,「通院は週に2、3回必要です」,「宿泊を伴う旅行はできません」,「カテーテル挿入術後の翌日から入浴できます」,,A,,false,,false,notebooklm,2026-04-05T01:24:41.689Z
2021_nrs_21_am095,nursing,2021,95,7.リハビリテーションの特徴と看護,E.患者の社会参加への支援,就労条件・環境の調整,3,"Aさんはできるだけ早い職場復帰を望んでおり、入院中はCAPDの操作に熱心に取り組んでいた。退院後、CAPDを1日4回＜0時、6時、12時、18時＞行うことになった。,,
Aさんが会社の昼休みにCAPDを行うために必要な設備はどれか。2つ選べ。",透析液を保管する冷蔵庫,透析液を温める電子レンジ,透析液の交換時に使用する個室,CAPDの物品を保管する専用棚,透析液の貯留中に使用するベッド,C,D,,false,,true,notebooklm,2026-04-05T01:24:41.689Z
2021_nrs_21_am096,nursing,2021,96,6.慢性疾患がある患者と家族の看護,C.セルフケア・自己管理を促進する看護,自己管理支援、セルフケア支援,3,"Aさんは「主治医からCAPDの合併症に腹膜炎があると聞きました。腹膜炎に早く気付くにはどうすればよいですか」と看護師に質問した。,,
Aさんに指導する観察項目はどれか。2つ選べ。",腹　痛,体重の増加,腹部の張り,下肢のむくみ,透析液の排液のにごり,A,E,,false,,true,notebooklm,2026-04-05T01:24:41.689Z
2021_nrs_21_am097,nursing,2021,97,6.さまざまな健康状態や受療状況に応じた高齢者の看護,G.外来を受診する高齢者の看護,高齢者への医療面接、フィジカルアセスメント,3,外来看護師がAさんに対して優先して確認するのはどれか。,通院の方法,最近の体重の増減,パートの仕事内容,自宅での1日の過ごし方,,B,,false,,false,notebooklm,2026-04-05T01:24:41.689Z
2021_nrs_21_am098,nursing,2021,98,6.さまざまな健康状態や受療状況に応じた高齢者の看護,B.急性期の高齢者への看護,急性期における高齢者の看護,3,"診察の結果、Aさんは心不全の悪化を認めたため入院することになり、個室を希望した。入院後、酸素マスクによる酸素療法や利尿薬による薬物療法、塩分制限などの食事療法が開始された。入院3日、夜勤の看護師から日勤の看護師への朝の申し送りで、昨晩のAさんは夜間全く眠っていないこと、「ここはどこですか」と繰り返し尋ねてきたこと、娘が学校から帰ってくるのを待っていると言って個室の入り口を気にしていたことが報告された。日勤の看護師は、Aさんの睡眠状況を改善する必要があると考え、Aさんへの対応について検討した。,,
看護師のAさんへの対応で適切なのはどれか。",終日、病室を明るくする。,日中眠っていたら覚醒を促す。,睡眠導入薬の使用を医師に相談する。,夜間覚醒している場合は、夜は眠るよう説得する。,,B,,false,,false,notebooklm,2026-04-05T01:24:41.689Z
2021_nrs_21_am099,nursing,2021,99,6.さまざまな健康状態や受療状況に応じた高齢者の看護,H.薬物治療を受ける高齢者の看護,身体機能・認知機能に応じた服薬管理支援,3,"入院後10日。入院治療により全身状態は改善し、夜間の睡眠もとれるようになったため、Aさんは退院することになった。Aさんは「入院していて体力が落ちてしまい、動くと疲れてしまう」と言っている。また、看護師に「医師から退院したら元の仕事はしてもよいといわれました。これまでの生活を続けたいと思っています。また入院するのは嫌なので、今後の生活で気をつけることはありますか」と尋ねてきた。,,
このときの看護師の対応で適切なのはどれか。",「薬の管理はお薬カレンダーを使いましょう」,「通勤するときに駅の階段を使いましょう」,"「水分は1日2,000mL摂りましょう」",「塩分を1日9g摂りましょう」,,A,,false,,false,notebooklm,2026-04-05T01:24:41.689Z
2021_nrs_21_am100,nursing,2021,100,2.子どもの成長・発達,C.小児期における成長・発達の特徴,消化器系,3,Aちゃんの便として考えられるのはどれか。,褐色便,灰白色便,タール便,イチゴゼリー様便,,B,,false,,false,notebooklm,2026-04-05T01:24:41.689Z
2021_nrs_21_am101,nursing,2021,101,4.病気や診療・入院が子どもと家族に与える影響と看護,D.子どもの病気や診療・入院がきょうだい・家族に及ぼす影響と看護,きょうだい・家族のストレスへの支援,3,"Aちゃんは入院7日に術中胆道造影検査で胆道閉鎖症と確定診断された。手術は無事に終了した。術後は絶食となり、腹腔ドレーンが挿入され、持続的点滴静脈内注射が行われている。母親は疾患や治療について理解している。術後3日、付き添っていた母親は看護師に「Aはおなかが空いて泣き止まないし、私はAを抱っこもできず、何もしてあげられません。つらいです」と涙を浮かべて話した。,,
看護師の母親への対応で、最も適切なのはどれか。",話しかけやおしゃぶりの活用など母親ができることを伝える。,早期発見だったのでAちゃんは早く退院できると説明する。,心療内科の受診を勧める。,患者家族会を紹介する。,,A,,false,,false,notebooklm,2026-04-05T01:24:41.689Z
2021_nrs_21_am102,nursing,2021,102,5.検査や処置を受ける子どもと家族への看護,A.小児特有の診療（検査、処置）に伴う技術と看護,与薬,3,"術後5日、Aちゃんは経口摂取が可能になり順調に経過している。医師から母親に、胆汁の排泄を促すために利胆薬の内服が重要であると説明があり、散剤が処方された。母親から看護師に「赤ちゃんに粉の薬をどうやって飲ませたらよいのでしょうか」と質問があった。看護師は散剤を（　　）に混ぜて飲ませることを説明した。,,
（　　）に入るのはどれか。",果　汁,白　湯,人工乳,はちみつ,,B,,false,,false,notebooklm,2026-04-05T01:24:41.689Z
2021_nrs_21_am103,nursing,2021,103,4.妊娠期の看護,A.正常な妊娠経過と妊娠期の異常,妊娠週数,3,"看護師は、医師からAさんの母子健康手帳に受診時の妊娠週数と日数を記入するよう依頼された。,,
Aさんの受診時の妊娠週数および日数で正しいのはどれか。",妊娠35週5日,妊娠35週6日,妊娠36週5日,妊娠36週6日,,C,,false,,false,notebooklm,2026-04-05T01:24:41.689Z
2021_nrs_21_am104,nursing,2021,104,4.妊娠期の看護,E.妊娠期のケアに必要な技術,Leopold＜レオポルド＞触診法子宮底・腹囲の測定,3,"AさんにLeopold＜レオポルド＞触診法で触診を行ったところ、第2胎向で、子宮底付近にやや柔らかい球状の塊を、恥骨結合側に硬い球状のものを触れた。,,
腹部前面を図に示す。,,
Aさんの胎児心音聴取部位で適切なのはどれか。",①,②,③,④,,C,,true,,false,notebooklm,2026-04-05T01:24:41.689Z
2021_nrs_21_am105,nursing,2021,105,4.妊娠期の看護,A.正常な妊娠経過と妊娠期の異常,妊婦と家族の心理・社会的変化,3,"Aさんは「自分の子どもが生まれて、どんなふうにあやすかな、とか、オムツを替えるかなと自分が子育てをしている場面を思い浮かべます」と笑顔で話している。看護師はAさんの様子をルービン,R.が示した母親役割獲得過程に当てはめてどの段階にあるかをアセスメントした。,,
Aさんのアセスメントで適切なのはどれか。",空　想,模　倣,取り込み,ロールプレイ,,A,,false,,false,notebooklm,2026-04-05T01:24:41.689Z
2021_nrs_21_am106,nursing,2021,106,5.分娩期の看護,A.正常な分娩の経過と分娩期の異常,分娩経過と進行胎児心拍数,3,入院時のAさんと胎児の状態で正しいのはどれか。,過期産である。,高年妊婦である。,胎児心拍数基線は正常である。,低出生体重児となる可能性が高い。,,C,,false,,false,notebooklm,2026-04-05T01:24:41.689Z
2021_nrs_21_am107,nursing,2021,107,5.分娩期の看護,C.産婦と家族への看護,産痛の緩和,3,"午後0時、助産師が内診したところ、子宮口開大4cmであった。Aさんは陣痛発作時に腰痛を強く訴えている。Aさんの夫（37歳）は、夫婦で出産体験を共有したいと両親学級を受講しており、入院時からAさんに付き添っている。夫はAさんの陣痛発作時、心配そうにAさんの様子を見つめているが、陣痛間欠時にはうとうとしている。訪室した看護師に、夫から「妻が痛がっているのですが、どうすればよいでしょう」と質問があった。胎児心拍数基線は140bpmであった。,,
このときの看護師の夫への対応で最も適切なのはどれか。",別室での休憩を促す。,分娩経過について説明する。,Aさんと病棟内を歩行するように促す。,産痛を緩和するためのマッサージの実施を促す。,,D,,false,,false,notebooklm,2026-04-05T01:24:41.689Z
2021_nrs_21_am108,nursing,2021,108,5.分娩期の看護,C.産婦と家族への看護,産婦の基本的ニーズへの支援産痛の緩和,3,"Aさんの分娩は順調に進行した。午後5時に破水し、午後6時には子宮口開大8cmとなった。「便が出そうです。もう、これ以上頑張れない」と陣痛発作時には全身に力が入っている。,,
このときの看護師の声かけで正しいのはどれか。",「リラックスするためにお風呂に入りましょう」,「赤ちゃんのために我慢しましょう」,「トイレに行って排便しましょう」,「息を吐いて力を抜きましょう」,,D,,false,,false,notebooklm,2026-04-05T01:24:41.689Z
2021_nrs_21_am109,nursing,2021,109,17.精神機能,A.精神・心身の疾患の病態と診断・治療,生理的障害・身体的要因に関連した行動症候群（摂食障害、非器質性睡眠障害）,3,Aさんに出現している睡眠障害はどれか。,ナルコレプシー,レム睡眠行動障害,睡眠時無呼吸症候群,睡眠・覚醒スケジュール障害,,B,,false,,false,notebooklm,2026-04-05T01:24:41.689Z
2021_nrs_21_am110,nursing,2021,110,5.安全な治療環境の提供,A.安全管理＜セーフティマネジメント＞,病棟環境の整備と行動制限,3,"Aさんは定期的に精神科外来を受診することになった。受診6か月後、Aさんは足の筋肉がこわばり、動きが鈍くなった。また、幻視を訴える頻度が増え、感情のコントロールができず、妻に暴言や暴力を振るうことが多くなったため、精神科病院に入院となった。入院2日、Aさんは歩行時に床に子どもが寝転んでいると訴えて、子どもをよける動作で転びそうになった。また、突然、興奮して大声で怒り出すため、同室患者が苦情を訴えた。,,
Aさんへの看護師の対応で適切なのはどれか。",Aさんに別の病室へ移動することを提案する。,歩行時は看護師と一緒に歩くように声をかける。,怒りをコントロールできる方法を見つけるように伝える。,床に子どもがいるように見えるのは幻視であることを説明する。,,B,,false,,false,notebooklm,2026-04-05T01:24:41.690Z
2021_nrs_21_am111,nursing,2021,111,4.精神疾患・障害がある者とその家族への看護,H.社会資源の活用とケアマネジメント,短期入所＜ショートステイ＞生活訓練,3,"Aさんの入院中に妻は自営業の仕事を減らし、自宅でAさんを介護する準備を整えた。Aさんが退院し、3か月が経過したころ、Aさんの妻が3週間程度の予定で入院して手術をすることになった。Aさんは杖を使用し散歩ができるが、入浴や食事については妻が介護を行っていた。,,
妻の入院中にAさんに必要なサービスはどれか。",短期入所＜ショートステイ＞,精神科病院への入院,重度訪問介護,同行援護,,A,,false,,false,notebooklm,2026-04-05T01:24:41.690Z
2021_nrs_21_am112,nursing,2021,112,2.主な精神疾患・障害の特徴と看護,F.生理的障害および身体的要因に関連した行動症候群,臨床検査および心理検査と看護薬物療法と看護,3,治療開始早期に看護師が最も注意すべき観察項目はどれか。,脱　毛,浮　腫,抑うつ,嚥下障害,,B,,false,,false,notebooklm,2026-04-05T01:24:41.690Z
2021_nrs_21_am113,nursing,2021,113,3.精神看護の対象の理解と支援のための概念,A.援助関係の構築,信頼関係の基礎づくり,3,"入院後2週が経過した。食事のときにAさんは食べ物を細かく刻み、1時間以上時間をかけるが、摂取量は全体の25％程度である。時間があるとベッド上でいつもストレッチを行っている。Aさんと話し合ったところ「私はこの病棟で太っているほうだから少しでも痩せなきゃ」と話した。,,
看護師の関わりとして適切なのはどれか。",体重測定の回数を増やす。,鏡でAさんの全身を映して見せる。,痩せたいと思う気持ちについて話し合う。,Aさんは他の患者よりも痩せていると伝える。,,C,,false,,false,notebooklm,2026-04-05T01:24:41.690Z
2021_nrs_21_am114,nursing,2021,114,4.精神疾患・障害がある者とその家族への看護,E.家族への看護,患者一家族関係の調整,3,"入院後3か月が経過した。Aさんは体重が41kgまで増加し、主治医と相談して、退院の準備をすることになった。看護師に対して、Aさんは「退院後はすぐに仕事をしたい」と話したが、母親は「ゆっくり自宅で休養してほしい」と話した。母親の面会時に、今後の仕事や生活に関する話題が出ると、Aさんはイライラして母親と口論になることが多くなった。父親は仕事が忙しいことを理由に、面会に来たのは一度のみであった。,,
今後導入する必要性が最も高いのはどれか。",家族療法,作業療法,自律訓練法,精神分析療法,,A,,false,,false,notebooklm,2026-04-05T01:24:41.690Z
2021_nrs_21_am115,nursing,2021,115,12.神経機能,A.中枢神経系の疾患の病態と診断・治療,変性疾患（Parkinson＜パーキンソン＞病、筋萎縮性側索硬化症＜ALS＞）,3,外来看護師がAさんと夫に説明する副作用＜有害事象＞の内容で正しいのはどれか。,低血糖,体重増加,呼吸器症状,不随意運動,,D,,false,,false,notebooklm,2026-04-05T01:24:41.690Z
2021_nrs_21_am116,nursing,2021,116,3.地域・在宅看護における安全と健康危機管理,A.在宅療養者の日常生活における安全管理,転倒・転落の防止,3,"1か月後の外来受診のときに、Aさんは「いつもと違う時間に入浴したら転んでしまった。怪我をしなくてよかった」と主治医に話した。主治医から勧められ、Aさんは訪問看護を週に1回利用することになった。,,
今後Aさんが安全な入浴をするために訪問看護師がアセスメントする内容で最も優先するのはどれか。",浴室の床の素材,居室から浴室までの距離,転倒による打撲痕の状態,日常生活動作＜ADL＞の日内変動,,D,,false,,false,notebooklm,2026-04-05T01:24:41.690Z
2021_nrs_21_am117,nursing,2021,117,4.地域・在宅看護実践をめぐる制度の概要,B.地域・在宅看護におけるサービス体系の理解,訪問系サービス通所系サービス,3,"3か月後、Aさんは「夫は家事を楽しんでいるようで助かっていますが、友人と外出したいと言っています。私も最近は転ぶこともなくなったので、身体を動かしたり、レクリエーションに参加してみたいです」と訪問看護師に話した。,,
訪問看護師がAさんに提案するサービスで最も適切なのはどれか。",通所介護,訪問介護,訪問入浴介護,短期入所生活介護,,A,,false,,false,notebooklm,2026-04-05T01:24:41.690Z
2021_nrs_21_am118,nursing,2021,118,3.精神看護の対象の理解と支援のための概念,B.セルフケアへの援助,対人関係,3,入院当日に看護師が行う情報収集で最も優先するのはどれか。,症状が日常生活に与える影響,アルバイト先の人間関係,医療用語の理解力,精神疾患の家族歴,,A,,false,,false,notebooklm,2026-04-05T01:24:41.690Z
2021_nrs_21_am119,nursing,2021,119,4.精神疾患・障害がある者とその家族への看護,B.心理・社会的療法,心理教育的アプローチ,3,"入院後、担当看護師は毎日面会に来ている夫の表情が気になり声をかけた。夫は「先生から統合失調症には様々な症状があるとお聞きしました。入院して妻は落ちつきましたが、これからどう接していけばいいのか悩んでいます」と話した。担当看護師はチームカンファレンスで夫の様子を伝え、主治医の判断で、夫に家族心理教育への参加を促すことになった。,,
担当看護師が夫に家族心理教育を勧める声かけで適切なのはどれか。",「Aさんの症状と対応について学ぶことができます」,「ご家族に参加して頂くことが退院の条件です」,「家族同士の自助グループです」,「匿名で参加できます」,,A,,false,,false,notebooklm,2026-04-05T01:24:41.690Z
2021_nrs_21_am120,nursing,2021,120,4.精神疾患・障害がある者とその家族への看護,G.精神保健医療福祉に関する社会資源の活用と調整,精神科デイケア、精神科ナイトケア,3,"入院後2か月が経過した。Aさんは独り言を言うことはあったが、他の入院患者と口論になることはなかった。作業療法士から「Aさんは手先が器用で、作業療法中は楽しそうに過ごしています」と情報を得た。退院に向けた担当看護師との面談で、Aさんは「手芸が楽しかった」「家に1人でいると寂しい」と話した。,,
退院に向けてAさんに提案する社会資源として適切なのはどれか。",共同生活援助＜グループホーム＞,短期入所＜ショートステイ＞,通訳のボランティア,精神科デイケア,,D,,false,,false,notebooklm,2026-04-05T01:24:41.690Z
2021_nrs_21_pm001,nursing,2021,1,1. 健康の定義と理解,B.健康に関する指標,将来推計人口,3,平成29年（2017年）推計による日本の将来推計人口で令和47年（2065年）の将来推計人口に最も近いのはどれか。,"6,800万人","8,800万人",1億800万人,"1億2,800万人",,B,,false,,false,notebooklm,2026-04-05T01:24:41.690Z
2021_nrs_21_pm002,nursing,2021,2,6. 健康と公衆衛生,A.公衆衛生の理念,一次予防、二次予防、三次予防,3,生活習慣病の三次予防はどれか。,健康診断,早期治療,体力づくり,社会復帰のためのリハビリテーション,,D,,false,,false,notebooklm,2026-04-05T01:24:41.690Z
2021_nrs_21_pm003,nursing,2021,3,2. 健康に影響する要因,C.社会環境,職業と健康障害,3,職業性疾病のうち情報機器＜VDT＞作業による健康障害はどれか。,じん肺,視力障害,振動障害,皮膚障害,,B,,false,,false,notebooklm,2026-04-05T01:24:41.690Z
2021_nrs_21_pm004,nursing,2021,4,3.看護で活用する社会保障,B.介護保険制度の基本,給付の内容,3,介護保険における被保険者の要支援状態に関する保険給付はどれか。,医療給付,介護給付,年金給付,予防給付,,D,,false,,false,notebooklm,2026-04-05T01:24:41.690Z
2021_nrs_21_pm005,nursing,2021,5,5.看護に関わる基本的法律,A.保健師助産師看護師法,保健師・助産師・看護師の定義,3,看護師免許を付与するのはどれか。,保健所長,厚生労働大臣,都道府県知事,文部科学大臣,,B,,false,,false,notebooklm,2026-04-05T01:24:41.690Z
2021_nrs_21_pm006,nursing,2021,6,6.人間の特性,B.対象の特性,疾病・障害・死の受容,3,"フィンク,S.L.の危機モデルで第2段階はどれか。",衝　撃,承　認,適　応,防御的退行,,D,,false,,false,notebooklm,2026-04-05T01:24:41.690Z
2021_nrs_21_pm007,nursing,2021,7,7.人間のライフサイクル各期の特徴と生活,C.幼児期,社会性の発達,3,"ハヴィガースト,R.J.の発達課題で善悪の区別を学習するのはどれか。",乳幼児期,児童期,青年期,中年期,,A,,false,,false,notebooklm,2026-04-05T01:24:41.690Z
2021_nrs_21_pm008,nursing,2021,8,7.人間のライフサイクル各期の特徴と生活,F.成人期,基礎代謝の変化,3,次の時期のうち基礎代謝量が最も多いのはどれか。,青年期,壮年期,向老期,老年期,,A,,false,,false,notebooklm,2026-04-05T01:24:41.690Z
2021_nrs_21_pm009,nursing,2021,9,1. 健康の定義と理解,B.健康に関する指標,平均寿命、平均寿命、健康寿命,3,世界保健機関＜WHO＞が平成12年（2000年）に提唱した「健康上の問題で日常生活が制限されることなく生活できる期間」はどれか。,健康寿命,健康余命,平均寿命,平均余命,,A,,false,,false,notebooklm,2026-04-05T01:24:41.690Z
2021_nrs_21_pm010,nursing,2021,10,9.主な看護活動の場と看護の機能,A.看護活動の場と機能・役割,訪問看護ステーション,3,"指定訪問看護ステーションには常勤換算で（　　）人以上の看護職員を配置することが定められている。,,
（　　）に入るのはどれか。",1,1.5,2,2.5,,D,,false,,false,notebooklm,2026-04-05T01:24:41.690Z
2021_nrs_21_pm011,nursing,2021,11,10.人体の構造と機能,A.人体の基本的な構造と正常な機能,循環器系,3,左心室から全身に血液を送り出す血管はどれか。,大静脈,大動脈,肺静脈,肺動脈,,B,,false,,false,notebooklm,2026-04-05T01:24:41.690Z
2021_nrs_21_pm012,nursing,2021,12,10.人体の構造と機能,A.人体の基本的な構造と正常な機能,内分泌系,3,内分泌器官はどれか。,乳　腺,涙　腺,甲状腺,唾液腺,,C,,false,,false,notebooklm,2026-04-05T01:24:41.690Z
2021_nrs_21_pm013,nursing,2021,13,10.人体の構造と機能,A.人体の基本的な構造と正常な機能,神経系,3,呼吸中枢があるのはどれか。,間　脳,小　脳,大　脳,脳　幹,,D,,false,,false,notebooklm,2026-04-05T01:24:41.690Z
2021_nrs_21_pm014,nursing,2021,14,11.徴候と疾患,A.主要な症状と徴候,ショック,3,細菌感染で起こるショックはどれか。,心原性ショック,敗血症性ショック,アナフィラキシーショック,循環血液量減少性ショック,,B,,false,,false,notebooklm,2026-04-05T01:24:41.690Z
2021_nrs_21_pm015,nursing,2021,15,10.人体の構造と機能,A.人体の基本的な構造と正常な機能,体温調節,3,低体温から回復するための生体の反応はどれか。,発　汗,ふるえ,乳酸の蓄積,体表面への血流増加,,B,,false,,false,notebooklm,2026-04-05T01:24:41.690Z
2021_nrs_21_pm016,nursing,2021,16,11.徴候と疾患,A.主要な症状と徴候,貧血,3,貧血の定義で正しいのはどれか。,血圧が低下すること,脈拍が速くなること,立ち上がると失神を起こすこと,ヘモグロビン濃度が減少していること,,D,,false,,false,notebooklm,2026-04-05T01:24:41.690Z
2021_nrs_21_pm017,nursing,2021,17,11.徴候と疾患,A.主要な症状と徴候,けいれん,3,全身性けいれん発作を起こしてる患者に最も優先して行うのはどれか。,気道確保,周囲の環境整備,末梢静脈路の確保,心電図モニターの装着,,A,,false,,false,notebooklm,2026-04-05T01:24:41.690Z
2021_nrs_21_pm018,nursing,2021,18,11.徴候と疾患,A.主要な症状と徴候,呼吸困難,3,左心不全でみられる症状はどれか。,肝腫大,下腿浮腫,起坐呼吸,頸静脈怒張,,C,,false,,false,notebooklm,2026-04-05T01:24:41.690Z
2021_nrs_21_pm019,nursing,2021,19,11.徴候と疾患,A.主要な症状と徴候,便秘,3,大腸の狭窄による便秘はどれか。,器質性便秘,痙攣型便秘,弛緩型便秘,直腸性便秘,,A,,false,,false,notebooklm,2026-04-05T01:24:41.690Z
2021_nrs_21_pm020,nursing,2021,20,14.日常生活援助技術,D.清潔,寝衣交換,3,左片麻痺患者の上衣の交換で適切なのはどれか。,左腕から脱がせ、左腕から着せる。,左腕から脱がせ、右腕から着せる。,右腕から脱がせ、左腕から着せる。,右腕から脱がせ、右腕から着せる。,,C,,false,,false,notebooklm,2026-04-05T01:24:41.690Z
2021_nrs_21_pm021,nursing,2021,21,15.患者の安全・安楽を守る看護技術,B.医療安全対策,転倒・転落の防止,3,転倒・転落を起こすリスクを高める薬はどれか。,降圧薬,抗凝固薬,気管支拡張薬,副腎皮質ステロイド薬,,A,,false,,false,notebooklm,2026-04-05T01:24:41.690Z
2021_nrs_21_pm022,nursing,2021,22,16.診療に伴う看護技術,B.薬物療法,予約方法,3,注射針の刺入角度が45～90度の注射法はどれか。,皮下注射,皮内注射,筋肉内注射,静脈内注射,,C,,false,,false,notebooklm,2026-04-05T01:24:41.690Z
2021_nrs_21_pm023,nursing,2021,23,16.診療に伴う看護技術,C.輸液・輸血管理,点滴静脈注射,3,点滴静脈内注射で輸液ポンプを使用する際に設定する項目はどれか。,薬剤名,終了時間,投与月日,1時間あたりの流量,,D,,false,,false,notebooklm,2026-04-05T01:24:41.690Z
2021_nrs_21_pm024,nursing,2021,24,16.診療に伴う看護技術,G.皮膚・創傷の管理,褥瘡の予防・処置,3,褥瘡の深達度分類で水疱形成のステージはどれか。,Ⅰ,Ⅱ,Ⅲ,Ⅳ,,B,,false,,false,notebooklm,2026-04-05T01:24:41.690Z
2021_nrs_21_pm025,nursing,2021,25,15.患者の安全・安楽を守る看護技術,A.療養環境,病室環境,3,最も高い照度を必要とするのはどれか。,病　室,手術野,トイレ,病棟の廊下,,B,,false,,false,notebooklm,2026-04-05T01:24:41.690Z
2021_nrs_21_pm026,nursing,2021,26,12.代謝系,B.物質代謝,栄養素の代謝,3,"生体内でタンパク質が分解され、アミノ酸の代謝が進んで生じたアンモニアは肝臓で（　　）に変換される。,,
（　　）に入るのはどれか。",尿　酸,尿　素,亜硝酸,一酸化窒素,,B,,false,,false,notebooklm,2026-04-05T01:24:41.690Z
2021_nrs_21_pm027,nursing,2021,27,3.高齢者の健康,B.老年期における身体機能の変化,恒常性（防衛力、予備力、適応力、回復力）の維持機能の低下,3,若年者よりも高齢者が熱中症を起こしやすい理由はどれか。,熱産生量の増加,熱放散量の増加,自律性体温調節反応の低下,視床下部の体温調節中枢のセットポイントの低下,,C,,false,,false,notebooklm,2026-04-05T01:24:41.690Z
2021_nrs_21_pm028,nursing,2021,28,7.血液,C.血液型,ABO式、Rh式,3,"ABO式血液型におけるオモテ検査とウラ検査の結果の表を示す。,,
血液型判定の結果がO型となるのはどれか。",①,②,③,④,,C,,false,,false,notebooklm,2026-04-05T01:24:41.690Z
2021_nrs_21_pm029,nursing,2021,29,17.脳・神経機能障害のある患者の看護,D.病期や機能障害に応じた看護,筋萎縮性側索硬化症＜ALS＞,3,"上位運動ニューロン徴候および下位運動ニューロン徴候の有無について表に示す。,,
筋萎縮性側索硬化症＜ALS＞において正しいのはどれか。",a,b,c,d,,A,,false,,false,notebooklm,2026-04-05T01:24:41.690Z
2021_nrs_21_pm030,nursing,2021,30,4.社会保険制度の基本,B.医療保険制度,目的と機能健康保険法,3,診療報酬制度について正しいのはどれか。,診療報酬の点数は3年に1回改定される。,診療報酬は都道府県が医療機関に支払う。,医療機関への支払いは出来高払いのみである。,厚生労働大臣の指定を受けた医療機関で利用できる。,,D,,false,,false,notebooklm,2026-04-05T01:24:41.690Z
2021_nrs_21_pm031,nursing,2021,31,5.社会福祉の基本,H.その他の制度,ギャンブル等依存症対策基本法,3,次の法律のうち最も新しく制定されたのはどれか。,未成年者喫煙禁止法,麻薬及び向精神薬取締法,アルコール健康障害対策基本法,ギャンブル等依存症対策基本法,,D,,false,,false,notebooklm,2026-04-05T01:24:41.690Z
2021_nrs_21_pm032,nursing,2021,32,9.保健活動の基盤と制度,A.地域保健,健康日本21,3,"21世紀における第二次国民健康づくり運動＜健康日本21（第二次）＞では、（　　）分野53項目の目標が設定された。,,
（　　）に入る数値はどれか。",4,5,6,7,,B,,false,,false,notebooklm,2026-04-05T01:24:41.690Z
2021_nrs_21_pm033,nursing,2021,33,11.人々の健康を支える職種やサービス提供体制に関する法や施策,C.サービスの提供体制,医療法,3,医療法に基づく記述で正しいのはどれか。,病床の区分は療養病床と一般病床の2種類である。,地域医療支援病院は厚生労働大臣の承認が必要である。,無床診療所の開設には厚生労働大臣への届出が必要である。,有床診療所は19人以下の患者を入院させる施設を有するものである。,,D,,false,,false,notebooklm,2026-04-05T01:24:41.690Z
2021_nrs_21_pm034,nursing,2021,34,2.看護の展開,B.基盤となる思考過程,根拠に基づいた看護＜EBN＞クリティカル・シンキング,3,クリティカル・シンキングで適切なのはどれか。,物事を否定的にみる。,根拠に基づいて考える。,主観的な情報を重視する。,直感的に状況を判断する。,,B,,false,,false,notebooklm,2026-04-05T01:24:41.690Z
2021_nrs_21_pm035,nursing,2021,35,3.看護における基本技術,A.コミュニケーション,コミュニケーションに障害のある人々への対応,3,構音障害がある成人患者への対応で適切なのはどれか。,手話で説明する。,筆談を提案する。,耳元で話しかける。,不明瞭な言語は繰り返し聞き直す。,,B,,false,,false,notebooklm,2026-04-05T01:24:41.690Z
2021_nrs_21_pm036,nursing,2021,36,3.看護における基本技術,C.看護過程,評価,3,看護過程において評価する項目はどれか。,看護技術の習得度,看護教育の活用度,看護記録の完成度,看護目標の達成度,,D,,false,,false,notebooklm,2026-04-05T01:24:41.690Z
2021_nrs_21_pm037,nursing,2021,37,3.看護における基本技術,F.感染防止対策,手洗い、消毒、滅菌法、無菌操作,3,医療器材と消毒・滅菌の組合せで正しいのはどれか。,手術用持針器 -- 第4級アンモニウム塩,ステンレス製便器 -- 熱水消毒,軟性内視鏡 -- 高圧蒸気滅菌,ベッド柵 -- グルタラール,,B,,false,,false,notebooklm,2026-04-05T01:24:41.690Z
2021_nrs_21_pm038,nursing,2021,38,5.診療に伴う看護技術,C.与薬,与薬方法と効果の観察,3,点眼薬の投与について正しいのはどれか。,点眼時は上眼瞼を上げる。,点眼容器の先端は眼瞼結膜に当てる。,点眼後は眼球を圧迫する。,眼から溢れた薬液は拭き取る。,,D,,false,,false,notebooklm,2026-04-05T01:24:41.690Z
2021_nrs_21_pm039,nursing,2021,39,5.診療に伴う看護技術,D.輸液・輸血管理,輸液・輸血の管理方法,3,"52歳の女性が上腹部痛と吐血を主訴に受診し輸血を行うこととなった。,,
輸血時の対応で正しいのはどれか。",赤血球製剤を30～37℃で融解する。,血液型検査とクロスマッチ検査用の採血を同時に行う。,クロスマッチ検査の結果を医師と看護師で確認する。,輸血開始から15分後にアレルギー反応の初回観察を行う。,,C,,false,,false,notebooklm,2026-04-05T01:24:41.690Z
2021_nrs_21_pm040,nursing,2021,40,5.診療に伴う看護技術,E.救命救急処置,止血法,3,四肢の動脈性外出血に対する止血法で適切なのはどれか。,出血部位を心臓より高く保つ。,止血帯は幅1cm未満を用いる。,止血帯は連続して4時間使用する。,出血部位を動脈圧より低い圧で圧迫する。,,A,,false,,false,notebooklm,2026-04-05T01:24:41.690Z
2021_nrs_21_pm041,nursing,2021,41,16.身体防御機能の障害のある患者の看護,B.検査・処置を受ける患者への看護,骨髄検査,3,成人の後腸骨稜からの骨髄穿刺で正しいのはどれか。,仰臥位で行う。,穿刺時は深呼吸を促す。,骨髄液吸引時に痛みが生じる。,終了後、当日の入浴は可能である。,,C,,false,,false,notebooklm,2026-04-05T01:24:41.690Z
2021_nrs_21_pm042,nursing,2021,42,8.がん患者と家族への看護,A.がん患者の抱える苦痛,スピリチュアルな苦痛,3,"Aさん（55歳、男性、会社員）は胃癌の終末期である。,,
Aさんの訴えのうちスピリチュアルペインの表出はどれか。",「腹痛がずっと続いています」,「吐き気が続くと思うと不安です」,「今後の生活にかかるお金が心配です」,「これまでの自分の人生が意味のないものに思えます」,,D,,false,,false,notebooklm,2026-04-05T01:24:41.690Z
2021_nrs_21_pm043,nursing,2021,43,10.呼吸機能障害のある患者の看護,D.病期や機能障害に応じた看護,慢性閉塞性肺疾患＜COPD＞、肺気腫,3,"Aさん（63歳、男性）は3年前から肺気腫で定期受診を続けていた。最近、歩行時の息切れが強くなってきたことを自覚し、心配になったため受診した。受診時、呼吸数は34/分で、口唇のチアノーゼがみられた。,,
Aさんについて正しいのはどれか。",1回換気量が増加している。,呼気よりも吸気を促すと効果的である。,経皮的動脈血酸素飽和度＜SpO<sub>2</sub>＞は上昇している。,病状が進行すると動脈血二酸化炭素分圧＜PaCO<sub>2</sub>＞が上昇する。,,D,,false,,false,notebooklm,2026-04-05T01:24:41.690Z
2021_nrs_21_pm044,nursing,2021,44,4.日常生活援助技術,B.食事と栄養,経静脈栄養法,3,中心静脈栄養法を受けている患者の看護について適切なのはどれか。,カテーテルの刺入部は見えないように覆う。,カテーテル刺入部を定期的に消毒する。,カテーテルの固定位置を毎日確認する。,予防的に抗菌薬の投与を行う。,,C,,false,,false,notebooklm,2026-04-05T01:24:41.690Z
2021_nrs_21_pm045,nursing,2021,45,8.内部環境調節機能,B.代謝異常の疾患の病態と診断・治療,高尿酸血症、痛風,3,高尿酸血症で正しいのはどれか。,痛風結節は疼痛を伴う。,痛風発作は飲酒で誘発される。,痛風による関節炎の急性期に尿酸降下薬を投与する。,血清尿酸値9.0mg/dL以下を目標にコントロールする。,,B,,false,,false,notebooklm,2026-04-05T01:24:41.690Z
2021_nrs_21_pm046,nursing,2021,46,16.身体防御機能の障害のある患者の看護,D.病期や機能障害に応じた看護,ヒト免疫不全ウイルス<HIV>感染症,3,ヒト免疫不全ウイルス＜HIV＞感染症で正しいのはどれか。,空気感染する。,無症候期がある。,DNAウイルスによる。,血液中のBリンパ球に感染する。,,B,,false,,false,notebooklm,2026-04-05T01:24:41.690Z
2021_nrs_21_pm047,nursing,2021,47,18.感覚機能障害のある患者の看護,C.治療を受ける患者への看護,鼓室形成術,3,鼓室形成術を受けた患者の退院指導の内容で正しいのはどれか。,水泳は可能である。,耳垢はこまめに除去する。,鼻を強くかむことを禁じる。,エレベーターの使用を勧める。,,C,,false,,false,notebooklm,2026-04-05T01:24:41.690Z
2021_nrs_21_pm048,nursing,2021,48,19.運動機能障害のある患者の看護,C.治療を受ける患者への看護,ギプス固定牽引法,3,"下腿の介達牽引を受けている患者が足背のしびれを訴えている。,,
看護師が確認すべき項目で優先度が高いのはどれか。",下肢の肢位,牽引の方向,重錘の重さ,弾性包帯のずれ,,A,,false,,false,notebooklm,2026-04-05T01:24:41.690Z
2021_nrs_21_pm049,nursing,2021,49,20.排尿機能障害のある患者の看護,D.病期や機能障害に応じた看護,腫瘍（膀脱癌、前立腺癌）,3,前立腺癌について正しいのはどれか。,肺転移の頻度は低い。,血清PSA値が高値となる。,患者の多くは60歳未満である。,テストステロン補充療法が行われる。,,B,,false,,false,notebooklm,2026-04-05T01:24:41.690Z
2021_nrs_21_pm050,nursing,2021,50,21.性・生殖・乳腺機能障害のある患者の看護,C.治療を受ける患者への看護,ホルモン療法,3,乳癌の患者に対する抗エストロゲン薬の副作用はどれか。,低血糖,ほてり,肺線維症,末梢神経障害,,B,,false,,false,notebooklm,2026-04-05T01:24:41.690Z
2021_nrs_21_pm051,nursing,2021,51,6.さまざまな健康状態や受療状況に応じた高齢者の看護,I.手術療法を受ける高齢者の看護,高齢者に起こりやすい周手術期の反応と合併症,3,高齢者が術後に呼吸器合併症を発症しやすい理由はどれか。,1秒率の減少,残気量の減少,嚥下反射の亢進,気道の線毛運動の亢進,,A,,false,,false,notebooklm,2026-04-05T01:24:41.690Z
2021_nrs_21_pm052,nursing,2021,52,3.高齢者の健康,B.老年期における身体機能の変化,循環器系,3,加齢に伴う高齢者の循環器系の変化で正しいのはどれか。,運動時の心拍出量が増大する。,拡張期血圧が上昇する。,心室壁が厚くなる。,脈圧が狭小化する。,,C,,false,,false,notebooklm,2026-04-05T01:24:41.690Z
2021_nrs_21_pm053,nursing,2021,53,3.高齢者の健康,C.老年期における認知機能の変化,知能,3,結晶性知能はどれか。,よく利用するスーパーマーケットから自宅までの近道を考える。,パソコン教室で操作方法を覚える。,携帯電話に電話番号を登録する。,外国語の単語を暗記する。,,A,,false,,false,notebooklm,2026-04-05T01:24:41.690Z
2021_nrs_21_pm054,nursing,2021,54,4.老年看護の基本,B.老年看護の倫理,高齢者虐待,3,令和元年度（2019年度）「高齢者虐待の防止、高齢者の養護者に対する支援等に関する法律に基づく対応状況等に関する調査」の結果において、養護者による高齢者虐待に関する説明で正しいのはどれか。,夫による虐待が最も多い。,被虐待者の9割が女性である。,心理的虐待が全体の6割を占めている。,被虐待者の認知症高齢者の日常生活自立度判定基準はランクⅡが最も多い。,,D,,false,,false,notebooklm,2026-04-05T01:24:41.690Z
2021_nrs_21_pm055,nursing,2021,55,3.高齢者の健康,D.老年期における心理・社会的変化と健康への影響,就労、屈用,3,退職した高齢者に就労機会を提供するのはどれか。,シルバー人材センター,老人福祉センター,老人クラブ,自治会,,A,,false,,false,notebooklm,2026-04-05T01:24:41.690Z
2021_nrs_21_pm056,nursing,2021,56,6.さまざまな健康状態や受療状況に応じた高齢者の看護,H.薬物治療を受ける高齢者の看護,高齢者の薬物動態の特徴高齢者の服薬行動の特徴ポリファーマシー,3,高齢者に経口薬の薬効が強く現れる理由はどれか。,骨密度の低下,胃酸分泌の減少,消化管運動の低下,血清アルブミンの減少,,D,,false,,false,notebooklm,2026-04-05T01:24:41.690Z
2021_nrs_21_pm057,nursing,2021,57,2.子どもの成長・発達,C.小児期における成長・発達の特徴,免疫系,3,新生児や乳児が胎児期に母体から受け取った抗体は次のどれか。,IgA,IgD,IgG,IgM,,C,,false,,false,notebooklm,2026-04-05T01:24:41.690Z
2021_nrs_21_pm058,nursing,2021,58,3.小児各期における健康増進のための子どもと家族への看護,I.思春期の成長・発達,第二次性徴,3,第二次性徴で正しいのはどれか。,女児は乳房の発育から始まる。,発現は男児が女児よりも早い。,初経の開始後に、第二次発育急進が起こる。,精通は11歳の男児のほとんどに認められる。,,A,,false,,false,notebooklm,2026-04-05T01:24:41.690Z
2021_nrs_21_pm059,nursing,2021,59,3.小児各期における健康増진のための子どもと家族への看護,G.セルフケアと保健教育,生活習慣病の予防,3,学童期の肥満で正しいのはどれか。,Kaup＜カウプ＞指数で評価する。,症候性の肥満がほとんど占める。,食事では蛋白質の摂取制限を行う。,成人期の生活習慣病のリスク因子である。,,D,,false,,false,notebooklm,2026-04-05T01:24:41.690Z
2021_nrs_21_pm060,nursing,2021,60,3.小児各期における健康増進のための子どもと家族への看護,D.事故防止と安全教育,事故防止,3,"生後11か月の男児。ある日の朝、自宅でボタン型電池を飲み込んだ疑いがあり、その日の午前中に外来を受診した。胸部エックス線撮影によって、ボタン型電池が食道下部にあることが確認された。,,
行われる処置で適切なのはどれか。",背部の叩打,緩下薬の使用,催吐薬の使用,緊急摘出術の実施,,D,,false,,false,notebooklm,2026-04-05T01:24:41.690Z
2021_nrs_21_pm061,nursing,2021,61,2.子どもの成長・発達,C.小児期における成長・発達の特徴,情緒,3,正常な成長・発達をしている子どもの情緒の分化で、生後6か月ころからみられるのはどれか。,恐　れ,嫉　妬,喜　び,恥ずかしさ,,A,,false,,false,notebooklm,2026-04-05T01:24:41.690Z
2021_nrs_21_pm062,nursing,2021,62,3.女性のライフサイクル各期における看護,A.思春期・成熟期女性の健康維持への看護,性周期（初経、月経）,3,性周期とホルモンについて正しいのはどれか。,増殖期は基礎体温が上昇する。,プロラクチンによって排卵が起こる。,プロゲステロンは子宮内膜の増殖を促進する。,排卵直前に黄体形成ホルモン＜LH＞値が高くなる。,,D,,false,,false,notebooklm,2026-04-05T01:24:41.690Z
2021_nrs_21_pm063,nursing,2021,63,5.社会福祉の基本,H.その他の制度,配偶者からの暴力の防止及び被害者の保護等に関する法律＜DV防止法＞,3,配偶者からの暴力の防止及び被害者の保護等に関する法律＜DV防止法＞について正しいのはどれか。,配偶者暴力相談支援センターは被害者の保護命令を出すことができる。,配偶者には事実上婚姻関係と同様の事情にある者が含まれる。,配偶者からの暴力を発見したときは、保健所へ通報する。,加害者の矯正が法の目的に含まれる。,,B,,false,,false,notebooklm,2026-04-05T01:24:41.690Z
2021_nrs_21_pm064,nursing,2021,64,5.分娩期の看護,D.分娩期の健康問題に対する看護,帝王切開術,3,"Aさん（32歳、初産婦）は前置胎盤のため妊娠37週0日の午前10時から帝王切開術を受ける予定である。,,
手術前日の看護師の対応で適切なのはどれか。",浣腸を行う。,夕食が禁食となっているか確認する。,輸血の準備ができているか確認する。,下肢に間欠的空気圧迫装置を装着する。,,C,,false,,false,notebooklm,2026-04-05T01:24:41.690Z
2021_nrs_21_pm065,nursing,2021,65,7.早期新生児期の看護,A.早期新生児の生理的変化と異常,呼吸器系,3,新生児の呼吸の生理的特徴で適切なのはどれか。,成人に比べて肺のガス交換面積が大きい。,周期性呼吸がみられる。,胸式呼吸が主である。,口呼吸が主である。,,B,,false,,false,notebooklm,2026-04-05T01:24:41.690Z
2021_nrs_21_pm066,nursing,2021,66,2.主な精神疾患・障害の特徴と看護,B.精神作用物質使用による精神・行動の障害,臨床検査および心理検査と看護薬物療法と看護,3,長期に大量飲酒をした後で、急に断酒した際にみられるのはどれか。,病的酩酊,振戦せん妄,アルコール性認知症,Korsakoff＜コルサコフ＞症候群,,B,,false,,false,notebooklm,2026-04-05T01:24:41.690Z
2021_nrs_21_pm067,nursing,2021,67,4.精神疾患・障害がある者とその家族への看護,E.家族への看護,患者一家族関係の調整,3,"母親がAさん（27歳、統合失調症）に対して「親に甘えてはいけない」と言いながら、過度にAさんの世話をすることで、Aさんが混乱していた。,,
この親子関係を示すのはどれか。",共依存,同一視,ネグレクト,二重拘束＜ダブルバインド＞,,D,,false,,false,notebooklm,2026-04-05T01:24:41.690Z
2021_nrs_21_pm068,nursing,2021,68,6.精神保健医療福祉の変遷と法や施策,A.患者の権利擁護＜アドボカシー＞,隔離、身体拘束,3,精神保健及び精神障害者福祉に関する法律＜精神保健福祉法＞において、精神科病院で隔離中の患者に対し、治療上で必要な場合に制限できるのはどれか。,家族との面会,患者からの信書の発信,患者からの退院の請求,人権擁護に関する行政機関の職員との電話,,A,,false,,false,notebooklm,2026-04-05T01:24:41.690Z
2021_nrs_21_pm069,nursing,2021,69,6.症状・疾患・治療に応じた地域・在宅看護,C.主な治療等に応じた在宅看護,感染予防対策,3,感染徴候のない在宅療養者に対する床上での排便の援助において、訪問看護師が行う感染対策で適切なのはどれか。,援助時には使い捨てのエプロンを着用する。,使用済みのオムツは感染性廃棄物として処分する。,使用済みの寝衣は次亜塩素酸ナトリウム液に浸す。,陰部洗浄で使用したボトルの洗浄に中性洗剤は用いない。,,A,,false,,false,notebooklm,2026-04-05T01:24:41.690Z
2021_nrs_21_pm070,nursing,2021,70,3.地域・在宅看護における安全と健康危機管理,A.在宅療養者の日常生活における安全管理,熱中症の予防,3,"Aさん（85歳、女性）は1人暮らし。うっ血性心不全で臥床して過ごすことが多い。訪問看護師が訪問すると、Aさんは体温37.6℃、口唇の乾燥はなく、体熱感はあるが手足が冷えると言って羽毛布団を肩まで掛けている。室温30℃、湿度65％、外気温は32℃、冷房設備はあるが使っていない。,,
このときの訪問看護師の対応で適切なのはどれか。",羽毛布団を取り除く。,冷房設備で室温を調整する。,頓用の解熱薬を服用してもらう。,直ちに経口補水液を飲むよう促す。,,B,,false,,false,notebooklm,2026-04-05T01:24:41.690Z
2021_nrs_21_pm071,nursing,2021,71,7.在宅療養生活を支える看護,C.在宅療養者の排泄を支えるケア,ストーマケア用品の種類と使用,3,"Aさん（68歳、男性）は妻（68歳）と2人暮らし。膀胱癌で尿路ストーマを造設している。Aさんはストーマ装具の交換に慣れてきたため、妻と日帰りで近くの温泉地を旅行する計画を立てており、外来看護師に助言を求めた。,,
外来看護師がAさんに助言する内容で適切なのはどれか。",装具の交換に必要な物品一式を2回分持参する。,"旅行中の水分摂取は1日1,000mL以内に控える。",他の入浴客がいなければ装具を外して入浴できる。,オストメイト対応のトイレがなければ旅行先を変更する。,,A,,false,,false,notebooklm,2026-04-05T01:24:41.690Z
2021_nrs_21_pm072,nursing,2021,72,7.在宅療養生活を支える看護,B.在宅療養者の食事・栄養を支えるケア,應下を促すケア,3,"Aさん（76歳、女性）は1人暮らし。脳血管疾患で右半身麻痺があり、障害高齢者の日常生活自立度判定基準はB-2である。週に2回の訪問看護を利用している。食事の準備と介助および食後の口腔ケアのため訪問介護を利用することになった。訪問介護の担当者は、Aさんのケアについて訪問看護師に助言を求めた。,,
訪問看護師が訪問介護の担当者に助言する内容で正しいのはどれか。",健側に頸部を回旋させ食事の介助をする。,野菜は繊維に対し垂直に切って調理する。,歯肉出血がみられたら口腔ケアは中止する。,食事中はAさんの好きなテレビ番組を見せる。,,B,,false,,false,notebooklm,2026-04-05T01:24:41.690Z
2021_nrs_21_pm073,nursing,2021,73,1.看護におけるマネジメント,C.看護業務のマネジメント,看護提供システム,3,機能別看護方式の説明で正しいのはどれか。,勤務帯ごとに各看護師が担当する患者を決めて受け持つ。,内容別に分類した看護業務を複数の看護師が分担して実施する。,1人の看護師が1人の患者を入院から退院まで継続して受け持つ。,患者を複数のグループに分け、各グループを専属の看護師チームが受け持つ。,,B,,false,,false,notebooklm,2026-04-05T01:24:41.690Z
2021_nrs_21_pm074,nursing,2021,74,1.看護におけるマネジメント,A.看護におけるマネジメントの目的と方法,看護マネジメントの目的とプロセス看護組織の構成と職務,3,看護におけるクリニカルラダーについて正しいのはどれか。,病院に導入が義務付けられている。,ワーク・ライフ・バランスを目指すものである。,臨床実践に必要な能力が段階的に表現されている。,全国の病院で共通のクリニカルラダーが使用されている。,,C,,false,,false,notebooklm,2026-04-05T01:24:41.690Z
2021_nrs_21_pm075,nursing,2021,75,2.災害と看護,A.災害時の医療を支えるしくみ,災害時の医療体制,3,災害拠点病院の説明で正しいのはどれか。,国が指定する。,災害発生時に指定される。,広域搬送の体制を備えている。,地域災害拠点病院は各都道府県に1か所設置される。,,C,,false,,false,notebooklm,2026-04-05T01:24:41.690Z
2021_nrs_21_pm076,nursing,2021,76,3.国際化と看護,A.グローバル化に伴う世界の健康目標と課題,世界共通の健康目標人間の安全保障,3,平成27年（2015年）時点での世界の三大感染症に入るのはどれか。,ポリオ＜急性灰白髄炎＞,マラリア,天然痘,麻　疹,,B,,false,,false,notebooklm,2026-04-05T01:24:41.690Z
2021_nrs_21_pm077,nursing,2021,77,4.運動器系,A.骨と骨格,全身の骨,3,肩峰があるのはどれか。,鎖　骨,胸骨柄,肩甲棘,上腕骨,烏口突起,C,,false,,false,notebooklm,2026-04-05T01:24:41.690Z
2021_nrs_21_pm078,nursing,2021,78,4.運動器系,C.骨格筋の構造と機能,全身の骨格筋,3,股関節を屈曲させるのはどれか。,大腿二頭筋,大殿筋,中殿筋,小殿筋,腸腰筋,E,,false,,false,notebooklm,2026-04-05T01:24:41.690Z
2021_nrs_21_pm079,nursing,2021,79,7.血液,A.血液の成分と機能,血液の成分（血球、血漿、血清）,3,"採血時に操作を誤ったため溶血し、採血管内の血漿が暗赤色になってしまった。,,
この血漿の電解質濃度を測定したときに、本来の値よりも高くなるのはどれか。",塩化物イオン,重炭酸イオン,カリウムイオン,カルシウムイオン,ナトリウムイオン,C,,false,,false,notebooklm,2026-04-05T01:24:41.690Z
2021_nrs_21_pm080,nursing,2021,80,13.泌尿器系,A.尿の生成,糸球体濾過,3,糸球体濾過量の推定に用いられる生体内物質はどれか。,尿　素,イヌリン,ビリルビン,クレアチニン,パラアミノ馬尿酸,D,,false,,false,notebooklm,2026-04-05T01:24:41.690Z
2021_nrs_21_pm081,nursing,2021,81,2.疾病の成立と疾病からの回復,A.疾病の要因,内因（宿主要因）、外因（環境要因）,3,疾病の内因となるのはどれか。,免疫複合体,栄養素,温　度,細　菌,薬　物,A,,false,,false,notebooklm,2026-04-05T01:24:41.690Z
2021_nrs_21_pm082,nursing,2021,82,7.栄養の摂取・消化・吸収・代謝機能,A.口腔、咽頭の疾患の病態と診断・治療,腫瘍（舌癌、咽頭癌）,3,舌癌について正しいのはどれか。,癌全体に対する発症頻度は約10％である。,発症年齢は20歳代が多い。,好発部位は舌尖である。,浸潤は起こさない。,扁平上皮癌が多い。,E,,false,,false,notebooklm,2026-04-05T01:24:41.690Z
2021_nrs_21_pm083,nursing,2021,83,12.神経機能,A.中枢神経系の疾患の病態と診断・治療,認知症（Alzheimer＜アルツハイマー＞病、血管性認知症、Lewy＜レビー＞小体型認知症、前頭側頭型認知症）,3,Alzheimer＜アルツハイマー＞病で正しいのはどれか。,基礎疾患として高血圧症が多い。,アミロイドβタンパクが蓄積する。,初期には記銘力障害はみられない。,MRI所見では前頭葉の萎縮が特徴的である。,脳血流シンチグラフィ所見では頭頂葉の血流増加がある。,B,,false,,false,notebooklm,2026-04-05T01:24:41.690Z
2021_nrs_21_pm084,nursing,2021,84,11.消化器系,A.咀嚼・嚥下,嚥下,3,食物の嚥下において喉頭蓋が喉頭口を閉鎖する時期はどれか。,先行期,準備期,口腔期,咽頭期,食道期,D,,false,,false,notebooklm,2026-04-05T01:24:41.690Z
2021_nrs_21_pm085,nursing,2021,85,4.疾病にたいする医療,A.診断の基本と方法,画像検査,3,放射性同位元素を用いるのはどれか。,脳血管造影,膀胱鏡検査,頭部CT検査,腹部超音波検査,骨シンチグラフィ,E,,false,,false,notebooklm,2026-04-05T01:24:41.690Z
2021_nrs_21_pm086,nursing,2021,86,4.社会保険制度の基本,C.介護保険制度,要介護認定と給付の仕組み地域包括支援センター,3,地域包括支援センターの目的を定める法律はどれか。,介護保険法,健康増進法,社会福祉法,地域保健法,老人福祉法,A,,false,,false,notebooklm,2026-04-05T01:24:41.690Z
2021_nrs_21_pm087,nursing,2021,87,疾病の成り立ちと回復の促進,,,3,動脈硬化症の粥腫形成に関与するのはどれか。2つ選べ。,Langerhans＜ランゲルハンス＞細胞,メサンギウム細胞,血管内皮細胞,肥満細胞,泡沫細胞,C,E,,false,,true,notebooklm,2026-04-05T01:24:41.690Z
2021_nrs_21_pm088,nursing,2021,88,7.公衆衛生における感染症と対策,A.感染症の基本,予防接種,3,予防接種に生ワクチンが使用される疾患はどれか。2つ選べ。,ジフテリア,日本脳炎,破傷風,結　核,麻　疹,D,E,,false,,true,notebooklm,2026-04-05T01:24:41.690Z
2021_nrs_21_pm089,nursing,2021,89,4.精神疾患・障害がある者とその家族への看護,C.B以外の治療法,電気けいれん療法,3,修正型電気けいれん療法について正しいのはどれか。2つ選べ。,磁気を用いる。,局所麻酔下で行う。,筋弛緩薬を用いる。,発生頻度の高い有害事象は骨折である。,薬物治療抵抗性のうつ病は適応になる。,C,E,,false,,true,notebooklm,2026-04-05T01:24:41.690Z
2021_nrs_21_pm090,nursing,2021,90,7.早期新生児期の看護,B.早期新生児期のアセスメント,生理的体重減少,3,"出生体重3,100gの新生児。日齢3の体重は3,000gである。,,
このときの体重減少率を求めよ。,,
ただし、小数点以下第2位を四捨五入すること。,,
,,
システムの都合上選択肢を表示できません。各自で0～9の数字を組合せて回答してください。,,
,,
解答：①②％",,,,,,,,false,,false,notebooklm,2026-04-05T01:24:41.690Z
2021_nrs_21_pm091,nursing,2021,91,5.診療に伴う看護技術,F. 生体機能のモニタリング,検体検査（血液、尿、便、喀痰、胸水、腹水、骨髄液）,3,救急外来到着時にAさんの状態をアセスメントするために優先度が高い血液検査項目はどれか。,トロポニンT,乳酸脱水素酵素,血清クレアチニン,アスパラギン酸アミノトランスフェラーゼ,,A,,false,,false,notebooklm,2026-04-05T01:24:41.690Z
2021_nrs_21_pm092,nursing,2021,92,11.循環機能障害のある患者の看護,D.病期や機能障害に応じた看護,心不全,3,"心臓カテーテル検査の結果、Aさんは急性心筋梗塞と診断された。心係数2.4L/分/m2、肺動脈楔入圧20mmHgでForrester＜フォレスター＞分類Ⅱ群であった。,,
身体所見：両側下肺野で呼吸音が減弱しており、軽度の粗い断続性副雑音が聴取される。,,
心エコー検査：左室駆出率＜LVEF＞58％,,
胸部エックス線検査：心胸郭比＜CTR＞48％,,
このときのAさんのアセスメントで適切なのはどれか。",心拡大が認められる。,肺うっ血が起きている。,末梢循環不全が起きている。,左心室の収縮力が低下している。,,B,,false,,false,notebooklm,2026-04-05T01:24:41.690Z
2021_nrs_21_pm093,nursing,2021,93,11.循環機能障害のある患者の看護,C.治療を受ける患者への看護,経皮的冠動脈形成術＜PCI＞,3,"その後、Aさんは経皮的冠動脈形成術＜PCI＞を受けた。帰室時のバイタルサインは、体温36.2℃、呼吸数20/分、脈拍58/分、整、血圧80/40mmHg、経皮的動脈血酸素飽和度＜SpO2＞95％（酸素1L/分）。顔面は蒼白、冷汗を認めた。意識は清明である。,,
このとき看護師が最初に行うことはどれか。",側臥位にする。,除細動器の準備を行う。,穿刺部の出血の有無を確認する。,鎮痛薬の処方を医師に相談する。,,C,,false,,false,notebooklm,2026-04-05T01:24:41.690Z
2021_nrs_21_pm094,nursing,2021,94,17.脳・神経機能障害のある患者の看護,C.治療を受ける患者への看護,開頭術,3,帰室後の看護として適切なのはどれか。,発熱時の冷罨法は禁忌である。,徐脈時は経過観察とする。,ベッドの頭側を挙上する。,頸部を前屈させる。,,C,,false,,false,notebooklm,2026-04-05T01:24:41.690Z
2021_nrs_21_pm095,nursing,2021,95,8.がん患者と家族への看護,B.がん患者の集学的治療と看護,放射線療法と看護,3,"脳腫瘍摘出手術の結果、膠芽腫と診断され、Aさんは放射線療法と抗癌薬内服による化学療法を行うことになった。放射線療法を開始して1週後、Aさんが頭皮のかゆみを訴えたため、副腎皮質ステロイド軟膏が処方された。,,
Aさんへの説明として適切なのはどれか。",「定期的に髪の毛をそります」,「かゆみが強いときは温めてください」,「軟膏は放射線照射前に拭き取ってください」,「かゆみは放射線照射の終了日にはおさまります」,,C,,false,,false,notebooklm,2026-04-05T01:24:41.690Z
2021_nrs_21_pm096,nursing,2021,96,8.がん患者と家族への看護,B.がん患者の集学的治療と看護,薬物療法と看護,3,"放射線療法と化学療法が開始されて10日が経過した。Aさんはガーデニングの趣味があり、庭が気になるため週末の外泊を希望し、主治医から許可が出た。,,
外泊にあたりAさんへの説明として適切なのはどれか。2つ選べ。",「入浴は控えてください」,「食べ物の制限はありません」,「ガーデニングの時は手袋をしてください」,「発熱を伴わない咳は様子を見てください」,「性交渉の時はコンドームを使用してください」,C,E,,false,,true,notebooklm,2026-04-05T01:24:41.690Z
2021_nrs_21_pm097,nursing,2021,97,8.治療・介護を必要とする高齢者の家族の看護,A.疾患や障害をもつ高齢者の家族への支援,高齢者や家族の特徴に応じた家族への支援,3,"看護師からAさんに施設について説明したが、その後もAさんは「ここはどこ」と繰り返し聞いていた。息子の妻は「私がやらなければいけないことは何ですか」と聞いてきた。,,
息子の妻に対する看護師の対応で最も適切なのはどれか。",「面会に来てください」,「家族会に参加しましょう」,「まずは休息をとりましょう」,「認知症への対応を覚えましょう」,,C,,false,,false,notebooklm,2026-04-05T01:24:41.690Z
2021_nrs_21_pm098,nursing,2021,98,7.高齢者に特有な症候・疾患・障害と看護,E.認知機能が低下した高齢者の看護,認知症看護の基本的視点,3,"入所した日の夕方、Aさんは自分の荷物をまとめて「夕食を作らなければいけないので、家に帰ります」と施設内を歩いている。,,
Aさんへの看護師の対応で適切なのはどれか。",「他の入所者と話をしましょう」,「椅子に座ってお話ししませんか」,「入所中なので家には帰れません」,「歩くのは危ないのでやめましょう」,,B,,false,,false,notebooklm,2026-04-05T01:24:41.690Z
2021_nrs_21_pm099,nursing,2021,99,5.高齢者の生活を支える看護,F.高齢者の活動と休息のバランスの特徴と援助,身体機能・認知機能に応じた活動と休息の支援,3,"入所して1週後。Aさんは、朝、声をかけられてもなかなか目を覚まさない。午前中は看護師が他の入所者と交流することを目的に共有スペースに誘導するが、Aさんは共有スペースの椅子に座ったまま眠ってしまい、レクリエーションへ誘われても参加はしない。夕方から夜間にかけてAさんは活動的となり、施設の廊下を歩き職員に話しかけている。,,
Aさんへの看護師の対応で最も適切なのはどれか。",朝の入浴を勧める。,日中の散歩に誘う。,朝はAさんが自分で起きるまで待つ。,日中は椅子に座って過ごしてもらう。,,B,,false,,false,notebooklm,2026-04-05T01:24:41.690Z
2021_nrs_21_pm100,nursing,2021,100,4.日常生活援助技術,D.活動と運動,活動と運動を促す援助,3,Aさんへの移乗時の援助で適切なのはどれか。2つ選べ。,ズボンのウエスト部分をつかんで引き上げる。,ベッドの高さを車椅子の座面より低くする。,床に離床センサーマットを設置する。,車椅子をAさんの左側に準備する。,移乗前に血圧測定を行う。,D,E,,false,,true,notebooklm,2026-04-05T01:24:41.690Z
2021_nrs_21_pm101,nursing,2021,101,3.看護における基本技術,A.コミュニケーション,コミュニケーションに障害のある人々への対応,3,"Aさんは妻や看護師との話の内容は理解しているようだが、返答の際に言葉を間違えてしまうことや言葉がなかなか出てこないことがある。,,
Aさんへの看護師の対応で適切なのはどれか。",Aさんの言葉を推測しながら話す。,Aさんの言い誤りを訂正する。,大きな声で話す。,話題を変える。,,A,,false,,false,notebooklm,2026-04-05T01:24:41.690Z
2021_nrs_21_pm102,nursing,2021,102,8.治療・介護を必要とする高齢者の家族の看護,A.疾患や障害をもつ高齢者の家族への支援,介護状況と介護力の評価,3,"転棟後5週。Aさんは歩行練習が開始となり、病棟内では日常生活動作＜ADL＞も徐々に自立してきている。食事は時々むせがみられるが、配膳すれば自力で摂取できる。排泄は車椅子でトイレへ移動しており、ズボンの着脱に介助が必要である。入浴はシャワーチェアーに座り、手が届くところは自分で洗うことができる。歯磨きは一部介助が必要である。Aさんは早く自宅に帰りたいと話し、午前と午後の機能訓練には積極的に参加しているが、機能訓練後は「疲れて何もしたくない」とベッドで横になり眠っている。夕方に面会に来た妻は「面会時にいつも疲れたと言って眠っているので、このままの状態で退院して家で世話ができるかどうか自信がありません。息子夫婦も仕事が忙しいので、介護を手伝ってもらえるかわかりません」と言っている。,,
看護師の妻への対応で最も適切なのはどれか。",施設入所の検討を提案する。,トイレ介助の方法を指導する。,Aさんの機能訓練中の様子の見学を勧める。,息子夫婦にも介護に参加してもらうよう助言する。,,C,,false,,false,notebooklm,2026-04-05T01:24:41.690Z
2021_nrs_21_pm103,nursing,2021,103,7.急性期にある子どもと家族への看護,A.急性症状のある子どもと家族への看護,脱水,3,Aちゃんにみられる状態はどれか。,昏睡状態である。,流涙は普段と変わらない。,体重は3日前と変わらない。,排尿頻度は普段通りである。,皮膚のツルゴールは低下している。,E,,false,,false,notebooklm,2026-04-05T01:24:41.690Z
2021_nrs_21_pm104,nursing,2021,104,4.病気や診療・入院が子どもと家族に与える影響と看護,G.感染対策上隔離が必要な子どもと家族への看護,家族の面会や付き添いにおける援助,3,"Aちゃんは、個室隔離での入院となり、持続点滴静脈内注射が開始された。排泄が自立していないため普段から紙オムツを使用している。,,
Aちゃんのオムツ交換における注意点について、入院に付き添う母親への看護師の説明で適切なのはどれか。",布オムツに切り替える。,使い捨て手袋は1日1回交換する。,オムツ交換後に石けんで手洗いを行う。,アルコール入りのおしり拭きで殿部の清拭を行う。,,C,,false,,false,notebooklm,2026-04-05T01:24:41.690Z
2021_nrs_21_pm105,nursing,2021,105,小児看護学,,,3,"入院2日。Aちゃんは、水様便は続いているが嘔吐はなくなった。付き添っている母親は「Aは大泣きして、ストレスが溜まっているみたいです。アイスクリームを食べたいみたいです」と看護師に話した。,,
このときに看護師が母親に伝える内容で適切なのはどれか。",プレイルームで遊べること,アイスクリームを食べてよいこと,個室隔離が明日、解除されること,Aちゃんの好きなおもちゃを自宅から持参してよいこと,Aちゃんが静かに過ごせるよう看護師の訪室を控えること,D,,false,,false,notebooklm,2026-04-05T01:24:41.690Z
2021_nrs_21_pm106,nursing,2021,106,6.産褥期の看護,C.褥婦と家族への看護,産褥復古に関する支援,3,帰室時に看護師がAさんに行う説明で適切なのはどれか。,「排泄後は会陰部を消毒しましょう」,「会陰縫合部が痛くなったら温めましょう」,「6時間おきにトイレに行って排尿しましょう」,「悪露に血の塊が混じったら看護師に知らせてください」,,D,,false,,false,notebooklm,2026-04-05T01:24:41.690Z
2021_nrs_21_pm107,nursing,2021,107,6.産褥期の看護,B.褥婦の健康と生活のアセスメント,乳房の変化,3,"産褥2日、Aさんは、体温37.2℃、脈拍76/分、血圧112/80mmHg、子宮底を臍下2横指に硬く触れ、悪露は赤褐色で少量。会陰縫合部の発赤なし、腫脹なし。下肢の浮腫は認めない。乳房緊満があり、左右の乳頭に2本ずつ乳管が開通しており、初乳がにじむ程度に分泌している。Aさんは、看護師に会陰縫合部が痛くて歩きにくいと話している。,,
Aさんのアセスメントで適切なのはどれか。",会陰縫合部の感染を起こしている。,乳房の変化は産褥日数相当である。,深部静脈血栓症の疑いがある。,子宮復古が遅れている。,,B,,false,,false,notebooklm,2026-04-05T01:24:41.690Z
2021_nrs_21_pm108,nursing,2021,108,9.保健活動の基盤と制度,B.母子保健,保健指導、訪問指導,3,"産褥4日、看護師はAさんに退院指導をすることにした。Aさんの児の経過は順調である。,,
Aさんと児が受けられるサービスとして、看護師が退院指導時に説明するのはどれか。",養育支援訪問,育成医療の給付,養育医療の給付,乳児家庭全戸訪問事業（こんにちは赤ちゃん事業）,,D,,false,,false,notebooklm,2026-04-05T01:24:41.690Z
2021_nrs_21_pm109,nursing,2021,109,3.精神看護の対象の理解と支援のための概念,A.援助関係の構築,信頼関係の基礎づくり,3,看護師のAさんへの対応で最も適切なのはどれか。,薬を飲みたくない理由を尋ねる。,薬を飲むことを約束してもらう。,自己判断で薬をやめたことへの反省を促す。,薬の管理はAさんの妻にしてもらうよう勧める。,,A,,false,,false,notebooklm,2026-04-05T01:24:41.690Z
2021_nrs_21_pm110,nursing,2021,110,7.精神保健医療福祉における多職種連携,A.多職種連携と看護の役割,連携する他職種（医師、歯科医師、保健師、助産師、精神保健福祉士、作業療法士、介護支援専門員、精神保健福祉相談員、゜アサポーター、薬剤師、公認心理師）の役割,3,"入院後1か月、面会に来た妻から、「夫の会社から休業給付が出ないかもしれないと言われました。子どもが小さく、生活費もかかるので、入院費用が払えるか心配です」と看護師に相談があった。,,
妻の相談に関して、看護師が連携する職種として最も適切なのはどれか。",公認心理師,作業療法士,理学療法士,精神保健福祉士,,D,,false,,false,notebooklm,2026-04-05T01:24:41.690Z
2021_nrs_21_pm111,nursing,2021,111,4.精神疾患・障害がある者とその家族への看護,H.社会資源の活用とケアマネジメント,就労移行支援,3,"Aさんのうつ症状は改善し、多職種で退院に向けた話し合いを始めた。会社の休職制度を利用し休んでいるAさんは、「薬が効いたので、今後も薬を飲み続けることが大切だと思っている。異動したばかりなので仕事に早く戻らなければと思うが、休職してからずっと入院しているので、すぐに働ける自信がない」と看護師に話した。,,
退院に向けてAさんが利用する社会資源で適切なのはどれか。",就労継続支援,リワーク支援,障害者社会適応訓練事業,ジョブコーチによる支援,,B,,false,,false,notebooklm,2026-04-05T01:24:41.690Z
2021_nrs_21_pm112,nursing,2021,112,2.地域・在宅看護における基盤となる概念,C.在宅療養者の自立支援,セルフケア,3,買い物についてAさんに助言する内容で最も適切なのはどれか。,宅配サービスを利用する。,移動には車椅子を利用する。,荷物は両手に分散して持つ。,途中で息切れを感じたら座って休む。,,D,,false,,false,notebooklm,2026-04-05T01:24:41.690Z
2021_nrs_21_pm113,nursing,2021,113,6.症状・疾患・治療に応じた地域・在宅看護,B.主な疾患等に応じた在宅看護,心不全,3,"退院後、心不全の増悪を予防する目的で訪問看護を週に1回利用することになった。Aさんは夕方に下肢の浮腫が悪化するのを気にしており、訪問看護師に助言を求めた。,,
訪問看護師のAさんへの助言で適切なのはどれか。",「靴は大きめのサイズを選びましょう」,「外出時は弾性ストッキングを履きましょう」,「下肢の中枢から末梢にマッサージしましょう」,「就寝時には湯たんぽを身体から2、3cm離して置きましょう」,,B,,false,,false,notebooklm,2026-04-05T01:24:41.690Z
2021_nrs_21_pm114,nursing,2021,114,2.地域・在宅看護における基盤となる概念,C.在宅療養者の自立支援,社会参加への援助,3,"退院後3週、Aさんの浮腫は改善し心不全の増悪もなかった。Aさんは「同年代の人との交流を広げたいと思っています。利用できるサービスはありますか」と訪問看護師に質問した。,,
訪問看護師が地域包括支援センターに相談してAさんに提案する社会資源はどれか。",高齢者サロン,療養通所介護,通所リハビリテーション,共同生活援助＜グループホーム＞,,A,,false,,false,notebooklm,2026-04-05T01:24:41.690Z
2021_nrs_21_pm115,nursing,2021,115,2.災害と看護,B.災害各期の特徴と看護,災害各期の特徴,3,この時点の看護師の対応として適切なのはどれか。2つ選べ。,被災状況の報告,入院患者の避難誘導,傷病者の受け入れ準備,入院患者の状態の把握,使用中の医療機器の作動状況の確認,D,E,,false,,true,notebooklm,2026-04-05T01:24:41.690Z
2021_nrs_21_pm116,nursing,2021,116,2.災害と看護,B.災害各期の特徴と看護,災害時に生じやすい健康被害の特徴,3,"発災から3時間後、地震後に発生した火災現場付近から救出されたA君（6歳）と母親のBさん（32歳）の2人が搬送されてきた。A君は避難時に転倒し、左肘関節付近の腫脹と疼痛を訴えていた。バイタルサインに異常はない。Bさんは避難する際にA君が煙に巻き込まれそうになるところをかばい、髪の一部と鼻毛の一部が焦げていた。右頬部に2cm×2cm、右上肢に5cm×10cmの紅斑と水疱を認める熱傷を負っていた。バイタルサインに異常はないが、熱傷部位の疼痛を訴えていた。,,
トリアージの結果、看護師の初期対応として優先されるのはどれか。",A君の既往歴の聴取,A君への鎮痛薬の準備,Bさんの気道確保の準備,Bさんの熱傷部位の冷却,,C,,false,,false,notebooklm,2026-04-05T01:24:41.690Z
2021_nrs_21_pm117,nursing,2021,117,2.災害と看護,B.災害各期の特徴と看護,災害時の被災者・支援者の身体反応と心理過程,3,"A君とBさんはともに入院して治療が始まった。発災から10日後、A君、Bさんの治療経過は良好で合併症もなくバイタルサインは安定していた。Bさんから看護師に「Aは好きなお菓子を食べず、私のそばからずっと離れず甘えてきます。昨夜はおねしょをしていたようで、びっくりしました。どうしたらよいのかわかりません」と相談があった。,,
看護師の対応として適切なのはどれか。",「お母さんがしっかりしましょう」,「A君が1人になる時間をつくりましょう」,「A君に水分を控えるよう声をかけましょう」,「A君が甘えてきたら抱きしめてあげましょう」,,D,,false,,false,notebooklm,2026-04-05T01:24:41.690Z
2021_nrs_21_pm118,nursing,2021,118,2.子どもの成長・発達,B.子どもの成長・発達のアセスメント,形態的成長と機能的発達の評価身体発育の評価,3,A君の発育と発達のアセスメントで正しいのはどれか。,肥満である。,言語発達に遅れがある。,排泄の自立に遅れがある。,運動発達は年齢相応である。,,D,,false,,false,notebooklm,2026-04-05T01:24:41.690Z
2021_nrs_21_pm119,nursing,2021,119,8.慢性的な疾患・障害がある子どもと家族への看護,C.医療的ケアを必要とする子どもと家族への看護,学校・保育所での支援,3,"B病院の医師から母親に、アドレナリン自己注射薬を処方のうえ鶏卵の摂取制限を継続することと、近日中に鶏卵を用いた食物経口負荷試験を計画することが説明された。母親から看護師に「Aの保育所での生活や将来のことが心配です」と訴えがあった。,,
看護師の母親への説明で適切なのはどれか。",「成長とともに卵を食べられるようになる子どもは多いです」,「保育所でアレルギー疾患用生活管理指導表を作成します」,「保育所でのアドレナリン自己注射薬は保護者が投与します」,「給食の際は別室に移動して食べさせましょう」,,A,,false,,false,notebooklm,2026-04-05T01:24:41.690Z
2021_nrs_21_pm120,nursing,2021,120,6.特別な状況にある子どもと家族への看護,A.虐待を受けている子どもと家族への看護,虐待のリスク要因と虐待の早期発見虐待の未然防止に向けての支援,3,このときの看護師の対応で適切なのはどれか。,虐待にあたることを伝える。,乳児期に起こりやすい事故について説明する。,児童相談所に通告することへの母親の同意を得る。,プライバシーを保護できる個室で話を聞くと伝える。,母親の代わりに父親がAちゃんに面会できると伝える。,D,,false,,false,notebooklm,2026-04-05T01:24:41.690Z
2022_nrs_22_am001,nursing,2022,1,1. 健康の定義と理解,B.健康に関する指標,婚姻、家族形態,3,令和2年（2020年）の人口動態統計における妻の平均初婚年齢はどれか。,19.4歳,24.4歳,29.4歳,34.4歳,,C,,false,,false,notebooklm,2026-04-05T01:24:41.690Z
2022_nrs_22_am002,nursing,2022,2,1. 健康の定義と理解,C.受療状況,有訴者の状況,3,令和元年（2019年）の国民生活基礎調査における女性の有訴者の自覚症状で最も多いのはどれか。,頭　痛,肩こり,体がだるい,目のかすみ,,B,,false,,false,notebooklm,2026-04-05T01:24:41.690Z
2022_nrs_22_am003,nursing,2022,3,2. 健康に影響する要因,A.生活行動・習慣,喫煙、嗜好品,3,喫煙指数（Brinkman＜ブリンクマン＞指数）を算出するために、喫煙年数のほかに必要なのはどれか。,喫煙開始年齢,受動喫煙年数,家庭内の喫煙者数,1日の平均喫煙本数,,D,,false,,false,notebooklm,2026-04-05T01:24:41.690Z
2022_nrs_22_am004,nursing,2022,4,2. 健康に影響する要因,C.社会環境,労働環境,3,休憩時間を除いた1週間の労働時間で、超えてはならないと労働基準法で定められているのはどれか。,30時間,35時間,40時間,45時間,,C,,false,,false,notebooklm,2026-04-05T01:24:41.690Z
2022_nrs_22_am005,nursing,2022,5,3.看護で活用する社会保障,B.介護保険制度の基本,要介護・要支援の認定,3,介護保険法における要支援および要介護認定の状態区分の数はどれか。,4,5,6,7,,D,,false,,false,notebooklm,2026-04-05T01:24:41.690Z
2022_nrs_22_am006,nursing,2022,6,6.人間の特性,B.対象の特性,QOL,3,緩和ケアの目標で正しいのはどれか。,疾病の治癒,余命の延長,QOLの向上,在院日数の短縮,,C,,false,,false,notebooklm,2026-04-05T01:24:41.690Z
2022_nrs_22_am007,nursing,2022,7,7.人間のライフサイクル各期の特徴と生活,C.幼児期,運動能力の発達,3,運動機能の発達で3歳以降に獲得するのはどれか。,階段を昇る。,ひとりで立つ。,ボールを蹴る。,けんけん＜片足跳び＞をする。,,D,,false,,false,notebooklm,2026-04-05T01:24:41.690Z
2022_nrs_22_am008,nursing,2022,8,7.人間のライフサイクル各期の特徴と生活,F.成人期,社会的責任と役割,3,"ハヴィガースト,R.J.が提唱する成人期の発達課題はどれか。",経済的に自立する。,身体的衰退を自覚する。,正、不正の区別がつく。,読み、書き、計算ができる。,,A,,false,,false,notebooklm,2026-04-05T01:24:41.690Z
2022_nrs_22_am009,nursing,2022,9,9.主な看護活動の場と看護の機能,A.看護活動の場と機能・役割,訪問看護ステーション,3,令和2年（2020年）の衛生行政報告例における看護師の就業場所で、医療機関（病院、診療所）の次に多いのはどれか。,事業所,市町村,保健所,訪問看護ステーション,,D,,false,,false,notebooklm,2026-04-05T01:24:41.690Z
2022_nrs_22_am010,nursing,2022,10,10.人体の構造と機能,A.人体の基本的な構造と正常な機能,感覚器系,3,体性感覚はどれか。,視　覚,触　覚,聴　覚,平衡覚,,B,,false,,false,notebooklm,2026-04-05T01:24:41.690Z
2022_nrs_22_am011,nursing,2022,11,10.人体の構造と機能,A.人体の基本的な構造と正常な機能,血液、体液,3,健康な成人の白血球の中に占める割合が高いのはどれか。,単　球,好酸球,好中球,リンパ球,,C,,false,,false,notebooklm,2026-04-05T01:24:41.690Z
2022_nrs_22_am012,nursing,2022,12,10.人体の構造と機能,A.人体の基本的な構造と正常な機能,体温調節,3,体温変化をとらえ、体温調節の指令を出すのはどれか。,橋,小　脳,視床下部,大脳皮質,,C,,false,,false,notebooklm,2026-04-05T01:24:41.690Z
2022_nrs_22_am013,nursing,2022,13,11.徴候と疾患,A.主要な症状と徴候,下血,3,下血がみられる疾患はどれか。,肝嚢胞,大腸癌,子宮体癌,腎細胞癌,,B,,false,,false,notebooklm,2026-04-05T01:24:41.690Z
2022_nrs_22_am014,nursing,2022,14,11.徴候と疾患,B.主要な疾患による健康障害,生活習慣病,3,糖尿病の急性合併症はどれか。,足壊疽,脳血管疾患,糖尿病網膜症,ケトアシドーシス昏睡,,D,,false,,false,notebooklm,2026-04-05T01:24:41.690Z
2022_nrs_22_am015,nursing,2022,15,11.徴候と疾患,B.主要な疾患による健康障害,生活習慣病,3,メタボリックシンドロームの診断基準において男性の腹囲＜ウエスト周囲径＞で正しいのはどれか。,80cm以上,85cm以上,90cm以上,95cm以上,,B,,false,,false,notebooklm,2026-04-05T01:24:41.690Z
2022_nrs_22_am016,nursing,2022,16,11.徴候と疾患,C.基本的な臨床検査値の評価,免疫血清学検査,3,炎症マーカーはどれか。,CA19-9,抗核抗体,C反応性蛋白質＜CRP＞,リウマトイド因子＜RF＞,,C,,false,,false,notebooklm,2026-04-05T01:24:41.691Z
2022_nrs_22_am017,nursing,2022,17,12.薬物の作用とその管理,B.薬物の管理,薬理効果に影響する要因,3,薬物動態で肝臓が関与するのはどれか。,吸　収,分　布,代　謝,蓄　積,,C,,false,,false,notebooklm,2026-04-05T01:24:41.691Z
2022_nrs_22_am018,nursing,2022,18,14.日常生活援助技術,A.食事,誤嚥の予防,3,胃から食道への逆流を防ぐために、成人が食後30分から1時間程度とるとよい体位はどれか。,座　位,仰臥位,右側臥位,半側臥位,,A,,false,,false,notebooklm,2026-04-05T01:24:41.691Z
2022_nrs_22_am019,nursing,2022,19,14.日常生活援助技術,D.清潔,清拭,3,全身清拭時に皮膚に触れるタオルの温度で適切なのはどれか。,20～22℃,30～32℃,40～42℃,50～52℃,,C,,false,,false,notebooklm,2026-04-05T01:24:41.691Z
2022_nrs_22_am020,nursing,2022,20,15.患者の安全・安楽を守る看護技術,C.感染対策対策,必要な防護用具（手袋、マスク、ガウン、ゴーグル）の選択・着脱,3,個人防護具の脱衣手順で最初に外すのはどれか。,手　袋,ガウン,サージカルマスク,フェイスシールド,,A,,false,,false,notebooklm,2026-04-05T01:24:41.691Z
2022_nrs_22_am021,nursing,2022,21,15.患者の安全・安楽を守る看護技術,C.感染対策対策,滅菌と消毒,3,オートクレーブによる滅菌法はどれか。,酸化エチレンガス滅菌,高圧蒸気滅菌,放射線滅菌,乾熱滅菌,,B,,false,,false,notebooklm,2026-04-05T01:24:41.691Z
2022_nrs_22_am022,nursing,2022,22,16.診療に伴う看護技術,B.薬物療法,予約方法,3,薬物の吸収速度が最も速いのはどれか。,経口投与,筋肉内注射,静脈内注射,直腸内投与,,C,,false,,false,notebooklm,2026-04-05T01:24:41.691Z
2022_nrs_22_am023,nursing,2022,23,16.診療に伴う看護技術,E.呼吸管理,酸素療法の原則,3,室内空気下での呼吸で、成人の一般的な酸素療法の適応の基準はどれか。,動脈血酸素分圧＜PaO<sub>2</sub>＞　60Torr以上,動脈血酸素分圧＜PaO<sub>2</sub>＞　60Torr未満,動脈血二酸化炭素分圧＜PaCO<sub>2</sub>＞　60Torr以上,動脈血二酸化炭素分圧＜PaCO<sub>2</sub>＞　60Torr未満,,B,,false,,false,notebooklm,2026-04-05T01:24:41.691Z
2022_nrs_22_am024,nursing,2022,24,16.診療に伴う看護技術,E.呼吸管理,酸素療法の原則,3,CO2ナルコーシスの症状で正しいのはどれか。,咳 嗽,徐 脈,浮 腫,意識障害,,D,,false,,false,notebooklm,2026-04-05T01:24:41.691Z
2022_nrs_22_am025,nursing,2022,25,7.人間のライフサイクル各期の特徴と生活,B.新生児・乳児期,栄養,3,母乳栄養の児に不足しやすいのはどれか。,ビタミンA,ビタミンB,ビタミンC,ビタミンE,ビタミンK,E,,false,,false,notebooklm,2026-04-05T01:24:41.691Z
2022_nrs_22_am026,nursing,2022,26,4.運動器系,C.骨格筋の構造と機能,筋収縮の機構,3,"骨格筋の細胞膜には（　）に対する受容体がある。自己抗体がこの受容体の働きを阻害すると骨格筋は収縮できなくなる。,,
（　）に入る神経伝達物質として正しいのはどれか。",アセチルコリン,アドレナリン,ドパミン,ノルアドレナリン,,A,,false,,false,notebooklm,2026-04-05T01:24:41.691Z
2022_nrs_22_am027,nursing,2022,27,8.内部環境調節機能,C.体液調節の疾患の病態と診断・治療,酸塩基平衡の異常（アシドーシス、アルカローシス）,3,"健常な女子（15歳）が野外のコンサートで興奮し、頻呼吸を起こして倒れた。,,
このときの女子の体内の状態で正しいのはどれか。",アルカローシスである。,ヘマトクリットは基準値よりも高い。,動脈血酸素飽和度＜SaO<sub>2</sub>＞は100％を超えている。,動脈血二酸化炭素分圧＜PaCO<sub>2</sub>＞は基準値よりも高い。,,A,,false,,false,notebooklm,2026-04-05T01:24:41.691Z
2022_nrs_22_am028,nursing,2022,28,4.疾病にたいする医療,B.薬剤の特性,薬物動態（吸収、分布、代謝、排泄）,3,薬物の分解、排泄の速さの指標となるのはどれか。,最高血中濃度,生物学的半減期,濃度曲線下面積,最高血中濃度到達時間,,B,,false,,false,notebooklm,2026-04-05T01:24:41.691Z
2022_nrs_22_am029,nursing,2022,29,9.造血機能,A.血液・造血器の疾患の病態と診断・治療,腫瘍（白血病、悪性リンパ腫、多発性骨髄腫）,3,多発性骨髄腫で腫瘍化しているのはどれか。,B細胞,T細胞,形質細胞,造血幹細胞,,C,,false,,false,notebooklm,2026-04-05T01:24:41.691Z
2022_nrs_22_am030,nursing,2022,30,12.神経機能,A.中枢神経系の疾患の病態と診断・治療,脳血管障害（脳内出血、くも膜下出血、脳梗塞、もやもや病）,3,くも膜下出血の成因で最も多いのはどれか。,外　傷,脳腫瘍,脳動脈瘤,脳動静脈奇形,,C,,false,,false,notebooklm,2026-04-05T01:24:41.691Z
2022_nrs_22_am031,nursing,2022,31,4.社会保険制度の基本,B.医療保険制度,目的と機能健康保険法,3,社会保険制度と根拠法令の組合せで正しいのはどれか。,医療保険 -- 健康保険法,介護保険 -- 高齢者虐待の防止、高齢者の養護者に対する支援等に関する法律＜高齢者虐待防止法＞,雇用保険 -- 社会福祉法,年金保険 -- 生活困窮者自立支援法,,A,,false,,false,notebooklm,2026-04-05T01:24:41.691Z
2022_nrs_22_am032,nursing,2022,32,5.社会福祉の基本,G.高齢者に関する制度,老人福祉法,3,老人福祉法と介護保険法のいずれにも位置付けられている施設はどれか。,介護医療院,介護老人保健施設,老人福祉センター,老人デイサービスセンター,,D,,false,,false,notebooklm,2026-04-05T01:24:41.691Z
2022_nrs_22_am033,nursing,2022,33,10.全身の感染性疾患,A.感染性疾患の病態と診断・治療,ウイルスによる感染症（インフルエンザ、流行性耳下腺炎＜ムンプス＞、麻疹、風疹、エボラ出血熱、コロナウイルス感染症、ヒト免疫不全ウイルス＜HIV＞感染症）,3,ヒト免疫不全ウイルス＜HIV＞感染症について正しいのはどれか。,令和2年（2020年）の新規感染者数は10年前に比べ増加している。,日本では異性間の性的接触による感染が最も多い。,早期に発見して治療を開始すれば完治する。,保健所でのHIV検査は匿名で受けられる。,,D,,false,,false,notebooklm,2026-04-05T01:24:41.691Z
2022_nrs_22_am034,nursing,2022,34,11.人々の健康を支える職種やサービス提供体制に関する法や施策,C.サービスの提供体制,医療法,3,医療計画について正しいのはどれか。,基準病床数を定める。,5年ごとに見直しを行う。,特定機能病院の基準を定める。,一次、二次および三次医療圏を設定する。,,A,,false,,false,notebooklm,2026-04-05T01:24:41.691Z
2022_nrs_22_am035,nursing,2022,35,3.看護における基本技術,F.感染防止対策,手洗い、消毒、滅菌法、無菌操作,3,"ノロウイルス感染症に罹患した患者の嘔吐物が床に飛び散っている。,,
この処理に使用する消毒薬で適切なのはどれか。",70％エタノール,ポビドンヨード,塩化ベンザルコニウム,次亜塩素酸ナトリウム,,D,,false,,false,notebooklm,2026-04-05T01:24:41.691Z
2022_nrs_22_am036,nursing,2022,36,9.終末期にある患者および緩和ケアを必要とする患者と家族への看護,C.臨死期の看護,身体的特徴とケア,3,臨死期の身体的変化はどれか。,尿量が増加する。,全身の筋肉が硬直する。,不規則な呼吸が出現する。,頸動脈が触れなくなった後、橈骨動脈が触れなくなる。,,C,,false,,false,notebooklm,2026-04-05T01:24:41.691Z
2022_nrs_22_am037,nursing,2022,37,14.日常生活援助技術,B.排泄,排泄の援助（床上、トイレ、ポータブルトイレ、おむつ）,3,成人女性に対するベッド上での排泄援助とその目的の組合せで適切なのはどれか。,窓を開ける。 -- 寒冷刺激による排尿促進,上半身を挙上する。 -- 腹圧のかけやすさによる排泄促進,外陰部にトイレットペーパーを当てる。 -- 尿臭の防止,便器の底にトイレットペーパーを敷く。 -- 寝具の汚染防止,,B,,false,,false,notebooklm,2026-04-05T01:24:41.691Z
2022_nrs_22_am038,nursing,2022,38,14.日常生活援助技術,C,活動と休息,3,成人のノンレム睡眠の特徴はどれか。,体温が上昇する。,急速な眼球運動がある。,加齢に伴い時間が長くなる。,睡眠周期の前半にみられる。,,D,,false,,false,notebooklm,2026-04-05T01:24:41.691Z
2022_nrs_22_am039,nursing,2022,39,5.診療に伴う看護技術,F. 生体機能のモニタリング,検体検査（血液、尿、便、喀痰、胸水、腹水、骨髄液）,3,穿刺と穿刺部位の組合せで適切なのはどれか。,胸腔穿刺 -- 胸骨柄,骨髄穿刺 -- 第3・4腰椎間,腹腔穿刺 -- 腹直筋外側の側腹部,腰椎穿刺 -- 上前腸骨棘,,C,,false,,false,notebooklm,2026-04-05T01:24:41.691Z
2022_nrs_22_am040,nursing,2022,40,5.診療に伴う看護技術,C.与薬,薬剤の種類と取り扱い方法,3,毒薬の保管方法を規定している法律はどれか。,薬剤師法,毒物及び劇物取締法,麻薬及び向精神薬取締法,医薬品、医療機器等の品質、有効性及び安全性の確保等に関する法律＜医薬品医療機器等法＞,,D,,false,,false,notebooklm,2026-04-05T01:24:41.691Z
2022_nrs_22_am041,nursing,2022,41,5.診療に伴う看護技術,D.輸液・輸血管理,輸液・輸血の種類と取り扱い方法,3,輸血用血液製剤と保存温度の組合せで正しいのはどれか。,血小板成分製剤 -- 2～6℃,赤血球成分製剤 -- 2～6℃,血漿成分製剤 -- 20～24℃,全血製剤 -- 20～24℃,,B,,false,,false,notebooklm,2026-04-05T01:24:41.691Z
2022_nrs_22_am042,nursing,2022,42,16.診療に伴う看護技術,D.採血,採血方法,3,真空採血管とホルダーを用いて静脈血採血を実施するときに、駆血を解除するタイミングで適切なのはどれか。,採血針を皮膚に穿刺した直後,真空採血管内への血液の流入が始まったとき,真空採血管内への血液の流入が終わったとき,ホルダーから真空採血管を抜去した後,,D,,false,,false,notebooklm,2026-04-05T01:24:41.691Z
2022_nrs_22_am043,nursing,2022,43,5.診療に伴う看護技術,F. 生体機能のモニタリング,生体検査（エックス線撮影、超音波、CT、MRI、心電図、内視鏡、核医学）,3,MRI検査室に持ち込んでよいのはどれか。,耳　栓,携帯電話,使い捨てカイロ,キャッシュカード,,A,,false,,false,notebooklm,2026-04-05T01:24:41.691Z
2022_nrs_22_am044,nursing,2022,44,5.周術期にある患者と家族の看護,C.術後の看護,侵襲に対する生体反応,3,"ムーア,F.D.が提唱した外科的侵襲を受けた患者の生体反応で正しいのはどれか。",傷害期では尿量が増加する。,転換期では循環血液量が増加する。,筋力回復期では蛋白の分解が進む。,脂肪蓄積期では活動性が低下する。,,B,,false,,false,notebooklm,2026-04-05T01:24:41.691Z
2022_nrs_22_am045,nursing,2022,45,7.リハビリテーションの特徴と看護,C.障害に対する受容と適応への看護,廃用症候群の予防,3,関節拘縮の予防を目的とした関節可動域＜ROM＞訓練で正しいのはどれか。,関節を速く動かす。,運動麻痺がある場合は患側から行う。,他動運動は痛みが生じないように行う。,徒手筋力テストの結果が1以下の場合は自動運動を促す。,,C,,false,,false,notebooklm,2026-04-05T01:24:41.691Z
2022_nrs_22_am046,nursing,2022,46,8.がん患者と家族への看護,B.がん患者の集学的治療と看護,放射線療法と看護,3,放射線治療で人体の吸収線量を表す単位はどれか。,Bq,eV,Gy,Sv,,C,,false,,false,notebooklm,2026-04-05T01:24:41.691Z
2022_nrs_22_am047,nursing,2022,47,10.呼吸機能障害のある患者の看護,B.検査・処置を受ける患者への看護,呼吸機能検査,3,"Aさん（62歳、男性）は呼吸困難と咳嗽が増強したため外来を受診した。胸部エックス線写真と胸部CTによって特発性肺線維症による間質性肺炎と診断され、呼吸機能検査を受けた。,,
換気障害の分類を図に示す。,,
Aさんの換気障害の分類で当てはまるのはどれか。",A,B,C,D,,A,,true,,false,notebooklm,2026-04-05T01:24:41.691Z
2022_nrs_22_am048,nursing,2022,48,10.呼吸機能障害のある患者の看護,D.病期や機能障害に応じた看護,腫瘍（肺癌、悪性中皮腫）,3,右肺尖部の肺癌の胸壁への浸潤による症状はどれか。,散　瞳,構音障害,閉眼困難,上肢の疼痛,,D,,false,,false,notebooklm,2026-04-05T01:24:41.691Z
2022_nrs_22_am049,nursing,2022,49,12.消化・吸収機能障害のある患者への看護,C.治療を受ける患者への看護,胃切除術,3,胃切除術後のダンピング症候群を予防するための食事指導で適切なのはどれか。,15分以内に食べる。,糖質の多い食事を摂る。,1回の摂取量を少なくする。,1日の食事回数を少なくする。,,C,,false,,false,notebooklm,2026-04-05T01:24:41.691Z
2022_nrs_22_am050,nursing,2022,50,13.栄養代謝機能障害のある患者の看護,D.病期や機能障害に応じた看護,肝硬変,3,重度の肝硬変で基準値よりも低い値を示す血液検査項目はどれか。,血清アルブミン＜Alb＞,血清ビリルビン＜Bil＞,血中アンモニア＜NH<sub>3</sub>＞,プロトロンビン時間＜PT＞,,A,,false,,false,notebooklm,2026-04-05T01:24:41.691Z
2022_nrs_22_am051,nursing,2022,51,19.運動機能障害のある患者の看護,A.原因と障害の程度のアセスメントと看護,作業機能障害,3,成人のばね指で正しいのはどれか。,男性に多い。,原因は腱の炎症である。,好発部位は示指である。,積極的にストレッチを行う。,,B,,false,,false,notebooklm,2026-04-05T01:24:41.691Z
2022_nrs_22_am052,nursing,2022,52,21.性・生殖・乳腺機能障害のある患者の看護,C.治療を受ける患者への看護,女性生殖器手術,3,広汎子宮全摘出術を受けた患者への退院後の生活に関する説明で正しいのはどれか。,「術後2週から性交は可能です」,「定期的に排尿を試みてください」,「調理のときは手袋をしてください」,「退院当日から浴槽の湯に浸かることができます」,,B,,false,,false,notebooklm,2026-04-05T01:24:41.691Z
2022_nrs_22_am053,nursing,2022,53,3.高齢者の健康,B.老年期における身体機能の変化,血液・造血器系,3,老化に伴う血液・造血器系の変化で適切なのはどれか。,エリスロポエチンが増加する。,黄色骨髄が減少する。,顆粒球数が増加する。,赤血球数が減少する。,,D,,false,,false,notebooklm,2026-04-05T01:24:41.691Z
2022_nrs_22_am054,nursing,2022,54,4.老年看護の基本,B.老年看護の倫理,安全確保と身体拘束,3,高齢者の身体拘束に関する説明で適切なのはどれか。,身体拘束の実施は担当看護師が決定する。,ミトン型の手袋の使用は身体拘束ではない。,本人が身体拘束に同意していれば家族への説明は不要である。,切迫性、非代替性および一時性の全てを満たしている場合に検討される。,,D,,false,,false,notebooklm,2026-04-05T01:24:41.691Z
2022_nrs_22_am055,nursing,2022,55,6.さまざまな健康状態や受療状況に応じた高齢者の看護,A.健康の維持・増進と介護予防,介護予防,3,65歳以上の高齢者が要介護認定の有無に関わらず利用できるのはどれか。,介護予防教室,介護老人保健施設,夜間対応型訪問介護,通所介護＜デイサービス＞,,A,,false,,false,notebooklm,2026-04-05T01:24:41.691Z
2022_nrs_22_am056,nursing,2022,56,9.多様な場で生活する高齢者を支える看護,D.生活の場を変える高齢者への支援,入院時・入所時・サービス利用開始時の援助,3,入院中の高齢者への看護師の対応で適切なのはどれか。,入院当日から複数の看護師が関わる。,1回の訪室で多くの情報を聴取する。,1日のスケジュールは口頭で説明する。,退院後の生活を予測して情報収集する。,,D,,false,,false,notebooklm,2026-04-05T01:24:41.691Z
2022_nrs_22_am057,nursing,2022,57,2.子どもの成長・発達,B.子どもの成長・発達のアセスメント,身体発育の評価,3,"1歳6か月の身体発育曲線（体重）を示す。,,
異常が疑われるのはどれか。",&#160;,&#160;,&#160;,&#160;,,C,,false,,false,notebooklm,2026-04-05T01:24:41.691Z
2022_nrs_22_am058,nursing,2022,58,2.子どもの成長・発達,C.小児期における成長・発達の特徴,社会性、道徳性,3,幼児期の心理社会的特徴はどれか。,自己中心性,心理的離乳,ギャングエイジ,ボディイメージの変容,,A,,false,,false,notebooklm,2026-04-05T01:24:41.691Z
2022_nrs_22_am059,nursing,2022,59,3.小児各期における健康増進のための子どもと家族への看護,B.生活リズムの確立,基本的生活習慣の確立,3,正常な幼児期の基本的生活習慣で、2歳0か月ころまでに習得するのはどれか。,鼻をかむ。,スプーンを使う。,夜間のおむつがとれる。,洋服のボタンをとめる。,,B,,false,,false,notebooklm,2026-04-05T01:24:41.691Z
2022_nrs_22_am060,nursing,2022,60,1.母性看護の対象を取り巻く環境や社会の変遷,B.妊娠期からの切れ目ない支援に関する法や施策,子育て世代包括支援センター＜母子健康包括支援センター＞,3,母子保健法に規定されているのはどれか。,母子健康包括支援センター,乳児家庭全戸訪問事業,助産施設,特定妊婦,,A,,false,,false,notebooklm,2026-04-05T01:24:41.691Z
2022_nrs_22_am061,nursing,2022,61,3.女性のライフサイクル各期における看護,A.思春期・成熟期女性の健康維持への看護,性周期（初経、月経）,3,排卵のある正常な月経周期で正しいのはどれか。,黄体は形成後1週間で萎縮する。,エストロゲンの作用で子宮内膜が分泌期になる。,発育した卵胞の顆粒膜細胞からプロゲステロンが分泌される。,エストロゲンのポジティブフィードバックによって黄体形成ホルモンの分泌が増加する。,,D,,false,,false,notebooklm,2026-04-05T01:24:41.691Z
2022_nrs_22_am062,nursing,2022,62,3.女性のライフサイクル各期における看護,B.思春期・成熟期女性の健康課題,不妊症（男性不妊症、女性不妊症）,3,不妊症について正しいのはどれか。,約6割は原因不明である。,検査に基礎体温測定がある。,治療の1つに不妊手術がある。,女性の年齢は治療効果に影響しない。,,B,,false,,false,notebooklm,2026-04-05T01:24:41.691Z
2022_nrs_22_am063,nursing,2022,63,5.分娩期の看護,A.正常な分娩の経過と分娩期の異常,分娩経過と進行,3,正常な分娩経過はどれか。,骨盤入口部に児頭が進入する際、児の頤部が胸壁に近づく。,骨盤出口部に達した時点で、児頭の矢状縫合は母体の骨盤の横径に一致する。,児頭娩出後、胎児は肩の長軸が骨盤出口部の横径に一致するよう回旋する。,児頭が発露したころに胎盤が剝離する。,,A,,false,,false,notebooklm,2026-04-05T01:24:41.691Z
2022_nrs_22_am064,nursing,2022,64,7.早期新生児期の看護,A.早期新生児の生理的変化と異常,呼吸窮迫症候群＜RDS＞,3,新生児の呼吸窮迫症候群＜RDS＞で正しいのはどれか。,呼吸数が減少する。,過期産児に発症しやすい。,生後24時間ころから発症する。,肺サーファクタントの欠乏が原因で生じる。,,D,,false,,false,notebooklm,2026-04-05T01:24:41.691Z
2022_nrs_22_am065,nursing,2022,65,2.主な精神疾患・障害の特徴と看護,K.小児期・青年期に発症する行動・情緒の障害,臨床検査および心理検査と看護薬物療法と看護,3,小児期から青年期に発症し、運動性チック、音声チック及び汚言の乱用を伴うのどれか。,Down＜ダウン＞症候群,Tourette＜トゥレット＞障害,注意欠如・多動性障害＜ADHD＞,Lennox-Gastaut＜レノックス・ガストー＞症候群,,B,,false,,false,notebooklm,2026-04-05T01:24:41.691Z
2022_nrs_22_am066,nursing,2022,66,3.精神看護の対象の理解と支援のための概念,C.生きる力と強さに着目した援助,エンパワメント,3,患者の権利や力を尊重し、自己制御している感覚を持たせ、患者が社会生活に必要な技能や能力を獲得する支援を意味するのはどれか。,リカバリ,ストレングス,レジリエンス,エンパワメント,,D,,false,,false,notebooklm,2026-04-05T01:24:41.691Z
2022_nrs_22_am067,nursing,2022,67,5.社会福祉の基本,E.障害者（児）に関する制度,障害者の日常生活及び社会生活を総合的に支援するための法律＜障害者総合支援法＞,3,障害者の日常生活及び社会生活を総合的に支援するための法律＜障害者総合支援法＞に基づき、精神障害者に適用されるのはどれか。,障害基礎年金,一定割合の雇用義務,精神障害者保健福祉手帳,自立支援医療（精神通院医療）,,D,,false,,false,notebooklm,2026-04-05T01:24:41.691Z
2022_nrs_22_am068,nursing,2022,68,2.地域・在宅看護における基盤となる概念,B.在宅療養者の権利の保障,個人情報の保護と管理,3,"Aさん（85歳、男性）は1人暮らしで判断能力が不十分である。4親等以内の親族はいない。,,
訪問看護事業所におけるAさんの情報管理で適切なのはどれか。",成年後見人にAさんの訪問看護計画を説明する。,地域の民生委員にAさんの経済状況を知らせる。,Aさんの訪問記録を電子メールに添付して援助者間で共有する。,新たなサービスの利用を検討する他の利用者にAさんのケアプランを見せる。,,A,,false,,false,notebooklm,2026-04-05T01:24:41.691Z
2022_nrs_22_am069,nursing,2022,69,6.症状・疾患・治療に応じた地域・在宅看護,C.主な治療等に応じた在宅看護,酸素療法,3,"Aさん（80歳、女性）は1人暮らしで、在宅酸素療法＜HOT＞を受けている。訪問看護師はAさんに停電時を想定した避難行動の指導を行うことにした。,,
Aさんの停電時の避難行動で優先度が高いのはどれか。",電気のブレーカーを落とす。,玄関の扉を開けて出口を確保する。,訪問看護ステーションに連絡をする。,酸素濃縮器から酸素ボンベに切り替える。,,D,,false,,false,notebooklm,2026-04-05T01:24:41.691Z
2022_nrs_22_am070,nursing,2022,70,4.地域・在宅看護実践をめぐる制度の概要,B.地域・在宅看護におけるサービス体系の理解,訪問系サービス,3,介護保険制度における都道府県が指定・監督を行う居宅サービスはどれか。,福祉用具貸与,小規模多機能型居宅介護,定期巡回・随時対応型訪問介護看護,認知症対応型共同生活介護＜グループホーム＞,,A,,false,,false,notebooklm,2026-04-05T01:24:41.691Z
2022_nrs_22_am071,nursing,2022,71,7.在宅療養生活を支える看護,D.在宅療養者の清潔を支えるケア,清潔保持のためのケア,3,"Aさん（70歳、男性、要介護1）は脳梗塞の後遺症で左不全麻痺がある。家屋内は杖を使用して移動が可能である。Aさんから「入浴が不安なので安全な方法を教えてほしい」と訪問看護師に相談があった。,,
Aさんへの助言で適切なのはどれか。",手すりは左手で持つ。,左足から浴槽に入る。,浴室内を杖で移動する。,浴槽から出るときは入浴台＜バスボード＞を使う。,,D,,false,,false,notebooklm,2026-04-05T01:24:41.691Z
2022_nrs_22_am072,nursing,2022,72,1.看護におけるマネジメント,A.看護におけるマネジメントの目的と方法,看護マネジメントの目的とプロセス,3,看護マネジメントのプロセスの「統制」はどれか。,看護職員の仕事への動機付けを行う。,病棟の目標をもとに看護活動の年間計画を立案する。,褥瘡ケアの改善に取り組むための担当チームを構成する。,病棟の1年間の業務評価に基づき看護活動の計画を修正する。,,D,,false,,false,notebooklm,2026-04-05T01:24:41.691Z
2022_nrs_22_am073,nursing,2022,73,1.看護におけるマネジメント,F.看護師の働き方のマネジメント,看護師等の労働安全衛生,3,職員数が300人の病院の看護師の働き方に関するマネジメントで、労働安全衛生法に基づいて規定されているのはどれか。,1年以内ごとに1回、定期に心理的な負担の程度を把握するための検査を行う。,8時間を超える夜勤の時は1時間以上の休憩時間を確保する。,生理日に就業が著しく困難な場合は休暇の請求ができる。,妊娠中は請求すれば時間外労働が免除される。,,A,,false,,false,notebooklm,2026-04-05T01:24:41.691Z
2022_nrs_22_am074,nursing,2022,74,3.国際化と看護,A.グローバル化に伴う世界の健康目標と課題,プライマリ・ヘルス・ケア,3,国際協力として5歳未満児死亡率の高い地域に1年間派遣されることになった看護師が、派遣される地域の住民に対して行う活動でプライマリヘルスケアの原則に基づいた活動はどれか。,高度な治療を目的とした活動,医学的研究の遂行を優先した活動,派遣先で入手できる資源を利用した活動,派遣される専門家チームを中心とする活動,,C,,false,,false,notebooklm,2026-04-05T01:24:41.691Z
2022_nrs_22_am075,nursing,2022,75,5.感覚器系,C.聴覚,外耳・中耳・内耳の構造,3,音を感知するラセン器＜Corti＜コルチ＞器＞があるのはどれか。,蝸牛管,半規管,鼓　室,鼓　膜,前　庭,A,,false,,false,notebooklm,2026-04-05T01:24:41.691Z
2022_nrs_22_am076,nursing,2022,76,13.泌尿器系,A.尿の生成,糸球体濾過,3,正常な糸球体で濾過される物質はどれか。,フィブリノゲン,ミオグロビン,アルブミン,血小板,赤血球,B,,false,,false,notebooklm,2026-04-05T01:24:41.691Z
2022_nrs_22_am077,nursing,2022,77,14.体温調節,B.体温の調節,熱放散と熱産生,3,冷たい川に飛び込んだときに急激に体温が低下する原因で正しいのはどれか。,対流による体熱の放散,放射による体熱の放散,熱伝導による体熱の放散,代謝による熱エネルギー産生の低下,骨格筋における熱エネルギー産生の低下,C,,false,,false,notebooklm,2026-04-05T01:24:41.691Z
2022_nrs_22_am078,nursing,2022,78,8.内部環境調節機能,B.代謝異常の疾患の病態と診断・治療,糖尿病,3,インスリンを過剰に投与したときに現れる症候で正しいのはどれか。,発　熱,浮　腫,口渇感,顔面紅潮,手足のふるえ,E,,false,,false,notebooklm,2026-04-05T01:24:41.691Z
2022_nrs_22_am079,nursing,2022,79,6.循環機能,A.心臓の疾患の病態と診断・治療,弁膜症（大動脈弁疾患、僧帽弁疾患）,3,僧帽弁狭窄症について正しいのはどれか。,弁口面積が拡大する。,左心房内圧が上昇する。,狭心痛を合併することが多い。,弁尖の先天的な3尖化が原因となる。,胸骨右縁第2肋間で心雑音を聴取する。,B,,false,,false,notebooklm,2026-04-05T01:24:41.691Z
2022_nrs_22_am080,nursing,2022,80,6.循環機能,A.心臓の疾患の病態と診断・治療,虚血性心疾患（狭心症、急性冠症候群）,3,"検査の画像を示す。,,
狭心症の手術に最も重要な検査はどれか。",&#160;,&#160;,&#160;,&#160;,&#160;,C,,false,,false,notebooklm,2026-04-05T01:24:41.691Z
2022_nrs_22_am081,nursing,2022,81,14.運動機能,A.運動器系の疾患の病態と診断・治療,変形性関節症,3,変形性膝関節症について正しいのはどれか。,男性に多い。,第一選択は手術療法である。,変形性関節症の中で2番目に多い。,二次性のものが一次性のものより多い。,経時的に進行して10年で半数が悪化する。,E,,false,,false,notebooklm,2026-04-05T01:24:41.691Z
2022_nrs_22_am082,nursing,2022,82,9.保健活動の基盤と制度,D.学校保健,感染症対応,3,学校保健安全法で出席停止となる学校感染症のうち、第二種に分類されているのはどれか。,インフルエンザ,細菌性赤痢,ジフテリア,腸チフス,流行性角結膜炎,A,,false,,false,notebooklm,2026-04-05T01:24:41.691Z
2022_nrs_22_am083,nursing,2022,83,3.看護における基本技術,E.フィジカルアセスメント,全身の診察（全身の観察、バイタルサイン）,3,成人におけるバイタルサインで緊急に対応が必要なのはどれか。,脈拍70/分,体温34.4℃,呼吸数14/分,血圧130/80mmHg,グラスゴー・コーマ・スケール＜GCS＞15点,B,,false,,false,notebooklm,2026-04-05T01:24:41.691Z
2022_nrs_22_am084,nursing,2022,84,3.高齢者の健康,B.老年期における身体機能の変化,泌尿器系,3,老化による尿の生成と排尿機能の変化はどれか。,排尿回数の減少,膀胱容量の増加,夜間尿量の減少,残尿量の増加,尿比重の上昇,D,,false,,false,notebooklm,2026-04-05T01:24:41.691Z
2022_nrs_22_am085,nursing,2022,85,7.公衆衛生における感染症と対策,A.感染症の基本,予防接種,3,定期予防接種について正しいのはどれか。,BCG接種前にツベルクリン反応を実施する。,ロタウイルスワクチンは不活化ワクチンである。,ポリオウイルスワクチンの定期接種は廃止された。,麻疹ウイルスワクチンは就学までに4回接種する。,ヒトパピローマウイルス＜HPV＞ワクチンは筋肉内注射する。,E,,false,,false,notebooklm,2026-04-05T01:24:41.691Z
2022_nrs_22_am086,nursing,2022,86,12.神経機能,C.感覚器系の疾患の病態と診断・治療,視覚障害（白内障、緑内障、網膜剥離、網膜症）,3,緑内障について正しいのはどれか。2つ選べ。,眼球が突出する。,視神経が萎縮する。,硝子体が混濁する。,眼底に出血がみられる。,眼圧の上昇が原因となる。,B,E,,false,,true,notebooklm,2026-04-05T01:24:41.691Z
2022_nrs_22_am087,nursing,2022,87,7.高齢者に特有な症候・疾患・障害と看護,D.高齢者に特有な疾患・障害の予防と看護,脱水症,3,高齢者に脱水が起こりやすくなる要因はどれか。2つ選べ。,骨量の減少,筋肉量の減少,細胞内液量の減少,渇中枢の感受性の亢進,抗利尿ホルモンの反応性の亢進,B,C,,false,,true,notebooklm,2026-04-05T01:24:41.691Z
2022_nrs_22_am088,nursing,2022,88,6.精神保健医療福祉の変遷と法や施策,C.精神保健及び精神障害者福祉に関する法律＜精神保健福祉法＞の運用,入院形態,3,精神保健及び精神障害者福祉に関する法律＜精神保健福祉法＞に基づく入院形態で正しいのはどれか。2つ選べ。,応急入院は72時間以内に限られている。,緊急措置入院中の患者は本人と家族が希望すれば退院できる。,措置入院中の患者は精神医療審査会へ退院請求を申し出ることができる。,精神保健指定医は任意入院中の患者について入院継続を必要と判断しても、退院を制限できない。,医療保護入院のためには入院の必要性に関する2名の精神保健指定医の一致した判断が必要である。,A,C,,false,,true,notebooklm,2026-04-05T01:24:41.691Z
2022_nrs_22_am089,nursing,2022,89,1.看護におけるマネジメント,B.医療・看護における質の保証と評価、改善の仕組み,医療・看護の標準化（標準看護計画、クリニカルパス）,3,クリニカルパスについて正しいのはどれか。2つ選べ。,在宅療養には適用できない。,医療者と患者が治療計画を共有できる。,バリアンス発生の判断は退院日に行う。,多職種間のコミュニケーションが不要になる。,一定の質を保った治療と看護ケアの提供につながる。,B,E,,false,,true,notebooklm,2026-04-05T01:24:41.691Z
2022_nrs_22_am090,nursing,2022,90,1.看護におけるマネジメント,B.医療・看護における質の保証と評価、改善の仕組み,医療・看護の質保証と評価,3,看護のアウトカムを評価するために収集する情報はどれか。2つ選べ。,褥瘡発生率,患者の満足度,研修会の開催回数,新人看護師の離職率,退院指導の実施回数,A,B,,false,,true,notebooklm,2026-04-05T01:24:41.691Z
2022_nrs_22_am091,nursing,2022,91,14.内部環境（体液量、電解質、酸塩基平衡）調節機能障害のある患者の看護,C.治療を受ける患者への看護,腎移植,3,Aさんの手術直後に観察すべき項目で優先度が高いのはどれか。,尿　量,血糖値,白血球数,シャント音,,A,,false,,false,notebooklm,2026-04-05T01:24:41.691Z
2022_nrs_22_am092,nursing,2022,92,14.内部環境（体液量、電解質、酸塩基平衡）調節機能障害のある患者の看護,D.病期や機能障害に応じた看護,腎移植術後,3,"Aさんは術前からタクロリムスなど複数の免疫抑制薬を服用している。Aさんは「移植したら免疫抑制薬を飲む必要があることは分かっているのですが、退院後は何に気を付ければよいですか」と看護師に質問した。,,
Aさんへの看護師の説明で適切なのはどれか。",「犬は今まで通り室内で飼育できます」,「グレープフルーツは摂取しないでください」,「感染予防のため風疹のワクチン接種をしてください」,「薬を飲み忘れたときは2回分をまとめて服用してください」,,B,,false,,false,notebooklm,2026-04-05T01:24:41.691Z
2022_nrs_22_am093,nursing,2022,93,14.内部環境（体液量、電解質、酸塩基平衡）調節機能障害のある患者の看護,D.病期や機能障害に応じた看護,腎移植術後,3,"Aさんは順調に回復し、移植後の拒絶反応もなく退院することになった。Aさんは「腎臓が悪くなってから気を付けないといけないことが多かったのですが、移植してこれまでの制約がなくなりますね」と話した。,,
Aさんの退院後の生活で継続が必要なのはどれか。",蛋白質の摂取制限,週3回の通院,水分の制限,体重の管理,,D,,false,,false,notebooklm,2026-04-05T01:24:41.691Z
2022_nrs_22_am094,nursing,2022,94,11.免疫機能,A.自己免疫疾患の病態と診断・治療,全身性エリテマトーデス＜SLE＞関節リウマチ,3,Aさんに生じている可能性が高いのはどれか。,心膜炎,溶血性貧血,ループス腎炎,中枢神経ループス,,B,,false,,false,notebooklm,2026-04-05T01:24:41.691Z
2022_nrs_22_am095,nursing,2022,95,16.身体防御機能の障害のある患者の看護,C.治療を受ける患者への看護,免疫抑制薬（ステロイド療法を含む）,3,"Aさんはステロイドパルス療法の後、副腎皮質ステロイド薬の内服治療が開始された。入院3週ころから満月様顔貌がみられたため、外見の変化に気持ちが落ち込むようになった。,,
Aさんへの対応で適切なのはどれか。",気にする必要はないと励ます。,パートナーの面会を制限する。,外見よりも病気の治療を優先すると説明する。,薬の量が減れば満月様顔貌は軽減すると説明する。,,D,,false,,false,notebooklm,2026-04-05T01:24:41.691Z
2022_nrs_22_am096,nursing,2022,96,16.身体防御機能の障害のある患者の看護,D.病期や機能障害に応じた看護,自己免疫疾患（膠原病を含む）,3,"Aさんは外来で副腎皮質ステロイド薬の内服治療を継続することになった。Aさんは「病気を悪化させないために退院後はどのような生活がよいでしょうか」と看護師に質問した。,,
Aさんへの退院指導で適切なのはどれか。",「すぐに復職できます」,「避妊は必要ありません」,「身体を冷やさないでください」,「くもりなら屋外でゴルフができます」,,C,,false,,false,notebooklm,2026-04-05T01:24:41.691Z
2022_nrs_22_am097,nursing,2022,97,6.さまざまな健康状態や受療状況に応じた高齢者の看護,I.手術療法を受ける高齢者の看護,身体機能・認知機能に応じた周手術期看護,3,"入院当日、病棟の看護師がAさんに対してパンフレットを用いて手術前オリエンテーションを行うことになった。,,
Aさんへのオリエンテーションの方法で適切なのはどれか。",耳元で大きな声で説明する。,Aさんの身体に触れてから話しかける。,窓際の明るい場所でパンフレットを見せる。,手術後の注意点はパンフレットに赤色の太い文字で書く。,,D,,false,,false,notebooklm,2026-04-05T01:24:41.691Z
2022_nrs_22_am098,nursing,2022,98,7.高齢者に特有な症候・疾患・障害と看護,D.高齢者に特有な疾患・障害の予防と看護,白内障,3,"Aさんの手術は局所麻酔下で行われ、10分程度で終了した。手術中および手術直後のバイタルサインに問題はなく、病室に戻ってきた。Aさんは眼痛や頭痛、気分不快などの症状はなく、「無事に終わって良かった」と話している。,,
手術後のAさんへの説明で適切なのはどれか。",手術直後から点眼する。,洗顔は手術の翌日から行う。,手術後24時間はベッド上で安静にする。,医師の許可があるまでは頭を振る動作をしない。,,D,,false,,false,notebooklm,2026-04-05T01:24:41.691Z
2022_nrs_22_am099,nursing,2022,99,5.高齢者の生活を支える看護,F.高齢者の活動と休息のバランスの特徴と援助,身体機能・認知機能に応じた活動と休息の支援,3,"手術後2日、Aさんは日中はベッドに横になって過ごしている時間が多い。夜間にAさんから看護師に「手術後はゆっくり眠れていません。どうしたらよいでょうか」という訴えがあった。,,
Aさんへの看護師の対応で適切なのはどれか。",寝る前に温かい緑茶を飲むことを勧める。,日中はベッドから離れて過ごすことを促す。,眠れなくてもベッドに横になっていることを勧める。,夜はよく眠っているので様子をみましょうと伝える。,,B,,false,,false,notebooklm,2026-04-05T01:24:41.691Z
2022_nrs_22_am100,nursing,2022,100,7.在宅療養生活を支える看護,B.在宅療養者の食事・栄養を支えるケア,嚥下を促すケア,3,看護師のAさんへの食事援助で正しいのはどれか。,頸部を後屈した体位にする。,座位時の体幹を安定させる。,食後に嚥下体操を実施する。,こぼさずに摂取できるよう全介助する。,,B,,false,,false,notebooklm,2026-04-05T01:24:41.691Z
2022_nrs_22_am101,nursing,2022,101,12.神経機能,A.中枢神経系の疾患の病態と診断・治療,変性疾患（Parkinson＜パーキンソン＞病、筋萎縮性側索硬化症＜ALS＞）,3,"Aさんは社交的で短期入所中はいつも介護老人保健施設の利用者や職員と笑顔で会話していたが、今回は、会話中に急に表情がなくなり声が聞きとれないほど小さくなったり、手足の震えが出現することがあった。食後に薬を内服すると症状は改善するが、内服して2時間後には同じような症状が現れることがあった。,,
Aさんの症状はどれか。",オンオフ現象,ジスキネジア,アナフィラキシー反応,ウェアリングオフ現象,,D,,false,,false,notebooklm,2026-04-05T01:24:41.691Z
2022_nrs_22_am102,nursing,2022,102,6.症状・疾患・治療に応じた地域・在宅看護,B.主な疾患等に応じた在宅看護,難病,3,"妻の腰痛が改善したため、Aさんは自宅に戻ることになった。Aさんは「妻に負担をかけないように自分で動けるようになりたい。自宅でできる運動や注意することを教えてください」と看護師に話した。,,
Aさんへの指導で適切なのはどれか。",「毎日30分間の階段昇降を行いましょう」,「歩行時に腕を大きく振りましょう」,「小刻みに歩くようにしましょう」,「毎日1km歩きましょう」,,B,,false,,false,notebooklm,2026-04-05T01:24:41.691Z
2022_nrs_22_am103,nursing,2022,103,7.急性期にある子どもと家族への看護,A.急性症状のある子どもと家族への看護,急性的な経過をたどる疾患の特徴と治療,3,γ-グロブリン療法の開始に伴う看護師の対応で適切なのはどれか。2つ選べ。,γ-グロブリン製剤の投与中もAちゃんと売店に行けると母親に伝える。,留置針の自己抜去防止のために右肘関節に抑制帯を使用する。,心負荷の軽減のためにAちゃんの経口水分摂取を制限する。,心電図モニターの装着を確認する。,留置針の刺入部を観察する。,D,E,,false,,true,notebooklm,2026-04-05T01:24:41.691Z
2022_nrs_22_am104,nursing,2022,104,4.病気や診療・入院が子どもと家族に与える影響と看護,D.子どもの病気や診療・入院がきょうだい・家族に及ぼす影響と看護,きょうだい・家族のストレスへの支援,3,"Aちゃんの入院中、母親は一度も自宅に帰らずに付き添いを続けている。入院3日の朝に看護師が訪室したところ、母親が「夫から電話があって、Aの入院後、兄がほとんど寝ずに大泣きしているらしく、私は心配です」と話している。,,
母親への看護師の対応で適切なのはどれか。",病室内でAちゃんと兄を面会させてよいと伝える。,Aちゃんのことに集中するべきであると伝える。,兄と関わる時間を持てるよう母親に帰宅を促す。,退院の可否を医師と相談すると伝える。,,C,,false,,false,notebooklm,2026-04-05T01:24:41.691Z
2022_nrs_22_am105,nursing,2022,105,7.急性期にある子どもと家族への看護,A.急性症状のある子どもと家族への看護,急性的な経過をたどる疾患の特徴と治療,3,"入院4日、Aちゃんは解熱し活気が出てきた。翌日、看護師がAちゃんを観察すると、手指の先端から皮膚が膜のように薄くむけていた。,,
この所見に対する看護師のアセスメントで適切なのはどれか。",γ-グロブリン療法の副作用（有害事象）である。,皮膚のツルゴールが低下している。,川崎病の回復期の症状である。,皮膚科の受診が必要である。,,C,,false,,false,notebooklm,2026-04-05T01:24:41.691Z
2022_nrs_22_am106,nursing,2022,106,4.妊娠期の看護,D.妊娠期の健康問題に対する看護,切迫流産、切迫早産,3,"点滴を開始して30分後に看護師が訪室すると、AさんはFowler＜ファウラー＞位で休んでいた。,,
このときのAさんの状態で看護師が注意して観察すべき項目はどれか。",経皮的動脈血酸素飽和度＜SpO<sub>2</sub>＞,血　圧,呼吸数,脈　拍,,D,,false,,false,notebooklm,2026-04-05T01:24:41.691Z
2022_nrs_22_am107,nursing,2022,107,4.妊娠期の看護,A.正常な妊娠経過と妊娠期の異常,母体の生理的変化,3,"切迫早産の症状がなくなり、Aさんは妊娠35週0日で退院した。妊娠36週0日に妊婦健康診査のために来院した。ノンストレステスト＜NST＞を実施中に、「気分が悪い」とナースコールがあり看護師が訪れると、Aさんは仰臥位になっていた。,,
Aさんへの対応で看護師が最初に行うのはどれか。",医師に報告する。,血圧測定を行う。,左側臥位にする。,酸素吸入を行う。,,C,,false,,false,notebooklm,2026-04-05T01:24:41.691Z
2022_nrs_22_am108,nursing,2022,108,5.分娩期の看護,A.正常な分娩の経過と分娩期の異常,分娩経過と進行,3,"Aさんは妊娠36週5日、8時に分娩が開始した。16時30分に子宮口全開大、16時35分に自然破水、18時30分に男児を出産した。分娩時出血量は350mL、児のApgar＜アプガー＞スコアは1分後8点、5分後9点であった。,,
Aさんの分娩のアセスメントで適切なのはどれか。",早期産である。,異常出血である。,前期破水である。,新生児仮死である。,,A,,false,,false,notebooklm,2026-04-05T01:24:41.691Z
2022_nrs_22_am109,nursing,2022,109,7.早期新生児期の看護,B.早期新生児期のアセスメント,排尿、排便,3,"便の写真を示す。,,
このときのAさんの児の便はどれか。",塊りがあり茶色がかった黄色,粘稠性がある黒緑色,泥状で濃い黄色,泥状で緑色,,B,,true,,false,notebooklm,2026-04-05T01:24:41.691Z
2022_nrs_22_am110,nursing,2022,110,6.産褥期の看護,C.褥婦と家族への看護,母乳育児への支援,3,"日齢2。Aさんの児の胎外生活への適応は順調に経過している。哺乳回数は1日8回。Aさんは母乳育児を希望しているが、児に乳頭を吸われると痛いと話しており、左右の乳頭に軽度の発赤が認められる。,,
このとき看護師が観察する項目で優先度が高いのはどれか。",児の体重減少率,乳汁の分泌状態,乳房の緊満状態,ラッチオンの状態,,D,,false,,false,notebooklm,2026-04-05T01:24:41.691Z
2022_nrs_22_am111,nursing,2022,111,7.早期新生児期の看護,A.早期新生児の生理的変化と異常,高ビリルビン血症,3,"日齢4。看護師がAさんの児を観察したところ、バイタルサインは、体温（直腸温）37.3℃、呼吸数55/分、心拍数134/分。経皮ビリルビン20.0mg/dLであった。,,
Aさんの児の状態で医師に報告が必要なのはどれか。",経皮ビリルビン値,呼吸数,心拍数,体　温,,A,,false,,false,notebooklm,2026-04-05T01:24:41.691Z
2022_nrs_22_am112,nursing,2022,112,1.精神保健の基本,D.危機＜クライシス＞,危機介入,3,"Aさんは救急外来で治療を受け会話ができるまでに回復した。,,
Aさんへの看護師の最初の対応で適切なのはどれか。",過量服薬した場面の振り返りを促す。,現在の希死念慮の有無について確認する。,大量の睡眠薬を飲まずに残していた理由を追及する。,Aさんと看護師の間で二度と過量服薬しないと約束する。,,B,,false,,false,notebooklm,2026-04-05T01:24:41.691Z
2022_nrs_22_am113,nursing,2022,113,5.安全な治療環境の提供,A.安全管理＜セーフティマネジメント＞,自傷行為、自殺企図、自殺予防,3,"Aさんは身体的な治療を受けた後、精神科病棟に入院することになった。入院3日の22時、Aさんがハサミを貸してほしいとナースステーションに来た。日勤の看護師がいる時間帯のみ付き添いでハサミの貸出が可能という主治医からの指示を伝えると「看護師Bは貸してくれたのに。こんなひどい対応をする看護師はあなただけだ」と話し、その場を動かない。,,
このときのAさんへの対応で適切なのはどれか。",ハサミの使用目的を聞く。,看護師付き添いのもとハサミを貸し出す。,看護師Bが誤った対応をしたと説明する。,Aさんの行動が心配なので貸し出せないと伝える。,,A,,false,,false,notebooklm,2026-04-05T01:24:41.691Z
2022_nrs_22_am114,nursing,2022,114,2.主な精神疾患・障害の特徴と看護,G.パーソナリティ障害,臨床検査および心理検査と看護薬物療法と看護,3,"入院1週、Aさんは看護師ごとに言動や態度を変えることが多く、病棟ではAさんに対して共感を示す看護師と、拒否的な態度を示す看護師に分かれてしまった。そのため、病棟の看護師はチームでの対応についてカンファレンスを行った。,,
Aさんへの看護師のチームとしての対応で適切なのはどれか。",Aさんと看護師が関わる頻度を減らす。,Aさんに共感を示す看護師に担当を固定する。,Aさんに対する感情を看護師同士で表出しないように統一する。,Aさんの行動が患者－看護師関係にもたらす影響について評価する。,,D,,false,,false,notebooklm,2026-04-05T01:24:41.691Z
2022_nrs_22_am115,nursing,2022,115,3.看護における基本技術,A.コミュニケーション,コミュニケーションに障害のある人々への対応,3,入学時に担任がAちゃんの意思を確認する方法で最も適切なのはどれか。,五十音の文字盤を用いてAちゃんが指でさした文字を1文字ずつ読み取る。,視線で入力できる意思伝達装置を用いてAちゃんに文字を入力してもらう。,閉じた質問＜closed question＞をしてAちゃんのまばたきの回数を確認する。,感情を絵で表現したカードを見せてAちゃんが指でさしたカードを確認する。,,C,,false,,false,notebooklm,2026-04-05T01:24:41.691Z
2022_nrs_22_am116,nursing,2022,116,8.慢性的な疾患・障害がある子どもと家族への看護,C.医療的ケアを必要とする子どもと家族への看護,多職種との連携と社会資源の活用,3,"Aちゃんが小学校に入学して6か月が経過した。小学校への送迎は母親が行っており、学内での喀痰吸引や経管栄養の注入は小学校に配置されている看護師が行っている。Aちゃんは体調も安定しており、小学校での生活にも慣れてきた。Aちゃんの母親は「夫は朝早く出勤し、長女もまだ小さく、Aを小学校に連れて行くまで忙しくて大変です」と訪問看護師に話した。訪問看護師は保健所の保健師に相談し、Aちゃん宅で家族も含めてAちゃんが利用できる支援サービスを検討することにした。,,
Aちゃんと家族に利用を勧める支援サービスで適切なのはどれか。",児童発達支援,重度訪問介護,放課後等デイサービス,短期入所＜ショートステイ＞,,B,,false,,false,notebooklm,2026-04-05T01:24:41.691Z
2022_nrs_22_am117,nursing,2022,117,8.慢性的な疾患・障害がある子どもと家族への看護,C.医療的ケアを必要とする子どもと家族への看護,多職種との連携と社会資源の活用,3,"Aちゃんは入学して1度も入院することなく2年生になった。Aちゃんの母親はケアに必要な物品を学校の看護師に渡す際に「Aは学校に通うようになり、お友達が増えて本当によかったと思います。それに比べて私は仕事をしていないし、Aに友達ができた喜びや日々の苦労を理解してもらえる友達がいません。Aの同級生の親には年齢が近くて話しやすい人がいません」と話した。,,
Aちゃんの母親への提案で最も適切なのはどれか。",「学校の行事に参加してみませんか」,「短時間でも仕事を始めてはいかがですか」,「お姉ちゃんのお友達の親に話しかけてみませんか」,「障害のある子どもを持つ家族の会に参加してみませんか」,,D,,false,,false,notebooklm,2026-04-05T01:24:41.691Z
2022_nrs_22_am118,nursing,2022,118,11.徴候と疾患,A.主要な症状と徴候,吐血、喀血,3,入院時、Aさんへの看護師の対応で適切なのはどれか。,上半身を挙上する。,身体を側臥位にする。,頭部の冷罨法を行う。,酸素療法の準備をする。,,B,,false,,false,notebooklm,2026-04-05T01:24:41.691Z
2022_nrs_22_am119,nursing,2022,119,13.栄養代謝機能障害のある患者の看護,C.治療を受ける患者への看護,内視鏡的静脈瘤結禁術＜EVL＞、内視鏡的静脈瘤硬化療法＜EIS＞,3,"入院当日、Aさんは緊急に内視鏡的治療を受けた。入院7日、Aさんは食道静脈瘤の治療のため、食道静脈瘤硬化療法を受けることになった。治療前のバイタルサインは、体温36.7℃、呼吸数16/分、脈拍72/分、整、血圧126/70mmHgである。検査所見は、血小板15万/μL、プロトロンビン時間＜PT＞10秒85％である。入院後は吐血していない。,,
Aさんが食道静脈瘤硬化療法を受けた直後に注意すべき症状はどれか。",下　血,胸部痛,皮下出血,手指の振戦,,B,,false,,false,notebooklm,2026-04-05T01:24:41.691Z
2022_nrs_22_am120,nursing,2022,120,4.精神疾患・障害がある者とその家族への看護,H.社会資源の活用とケアマネジメント,セルフヘルプグループ、家族会,3,"Aさんは食道静脈瘤硬化療法を終えて、アルコール依存症の治療を受けるために精神科病院に転院した。,,
転院して2か月、病棟ではAさんの退院に向けた話し合いが進められている。Aさんは「退院した後にお酒をやめられるか自信がない。体力が落ちており、何もしていないとお酒を飲んでしまいそうです」と悩みを打ち明けた。,,
Aさんへの看護師の声かけで適切なのはどれか。",「断酒をする意思を強く持ちましょう」,「肝硬変があるので、今は安静が必要です」,「入院中も飲酒をやめられているので大丈夫です」,「アルコールの問題で悩んでいる人たちとの話し合いに参加してみましょう」,,D,,false,,false,notebooklm,2026-04-05T01:24:41.691Z
2022_nrs_22_pm001,nursing,2022,1,1. 健康の定義と理解,B.健康に関する指標,平均寿命、平均寿命、健康寿命,3,令和元年（2019年）の0歳男児の平均余命はどれか。,78.4年,81.4年,84.4年,87.4年,,B,,false,,false,notebooklm,2026-04-05T01:24:41.691Z
2022_nrs_22_pm002,nursing,2022,2,2. 健康に影響する要因,A.生活行動・習慣,食事と栄養,3,健康日本21（第二次）における1日の塩分摂取量の目標値で正しいのはどれか。,6.0g,8.0g,10.0g,12.0g,,B,,false,,false,notebooklm,2026-04-05T01:24:41.691Z
2022_nrs_22_pm003,nursing,2022,3,2. 健康に影響する要因,B.生活環境,水質、大気、土壌,3,循環式浴槽の水質汚染で発症するのはどれか。,コレラ,A型肝炎,レジオネラ肺炎,後天性免疫不全症候群＜AIDS＞,,C,,false,,false,notebooklm,2026-04-05T01:24:41.691Z
2022_nrs_22_pm004,nursing,2022,4,3.看護で活用する社会保障,A.医療保険精度の基本,給付の内容,3,国民健康保険に加入している自営業者（40歳）の医療費の一部負担金の割合はどれか。,1　割,2　割,3　割,4　割,,C,,false,,false,notebooklm,2026-04-05T01:24:41.691Z
2022_nrs_22_pm005,nursing,2022,5,5.看護に関わる基本的法律,A.保健師助産師看護師法,保健師・助産師・看護師の義務（守秘義務・業務従事者届出の義務、臨床研修等を受ける努力義務）,3,看護師は正当な理由がなく、その業務上知り得た人の秘密を漏らしてはならないと規定している法律はどれか。,刑　法,医療法,保健師助産師看護師法,看護師等の人材確保の促進に関する法律,,C,,false,,false,notebooklm,2026-04-05T01:24:41.691Z
2022_nrs_22_pm006,nursing,2022,6,7.人間のライフサイクル各期の特徴と生活,B.新生児・乳児期,身体の発育,3,大泉門が閉鎖する時期に最も近いのはどれか。,6か月,1歳6か月,2歳6か月,3歳6か月,,B,,false,,false,notebooklm,2026-04-05T01:24:41.691Z
2022_nrs_22_pm007,nursing,2022,7,7.人間のライフサイクル各期の特徴と生活,B.新生児・乳児期,身体の発育,3,正期産の新生児が生理的体重減少によって最低体重になるのはどれか。,生後3～5日,生後8～10日,生後13～15日,生後18～20日,,A,,false,,false,notebooklm,2026-04-05T01:24:41.691Z
2022_nrs_22_pm008,nursing,2022,8,7.人間のライフサイクル各期の特徴と生活,D.学童期,社会性の発達,3,エリクソンが提唱する発達理論において、学童期に達成すべき心理社会的課題はどれか。,親密　対　孤立,自律性　対　恥・疑惑,勤勉性　対　劣等感,自我同一性＜アイデンティティ＞の確立　対　自我同一性＜アイデンティティ＞の拡散,,C,,false,,false,notebooklm,2026-04-05T01:24:41.691Z
2022_nrs_22_pm009,nursing,2022,9,8.看護の対象としての患者と家族,A.家族の機能,家族構成員,3,家族成員の最少人数はどれか。,4　人,3　人,2　人,1　人,,C,,false,,false,notebooklm,2026-04-05T01:24:41.691Z
2022_nrs_22_pm010,nursing,2022,10,9.主な看護活動の場と看護の機能,A.看護活動の場と機能・役割,市町村、保健所,3,地域保健法に規定されている市町村保健センターの業務はどれか。,病気の治療,住民の健康診査,看護師免許申請の受理,専門的で広域的な健康課題への対応,,B,,false,,false,notebooklm,2026-04-05T01:24:41.691Z
2022_nrs_22_pm011,nursing,2022,11,10.人体の構造と機能,A.人体の基本的な構造と正常な機能,神経系,3,副交感神経の作用で正しいのはどれか。,瞳孔散大,気管支拡張,心拍数の増加,消化液分泌の促進,,D,,false,,false,notebooklm,2026-04-05T01:24:41.691Z
2022_nrs_22_pm012,nursing,2022,12,10.人体の構造と機能,A.人体の基本的な構造と正常な機能,循環器系,3,心臓の刺激伝導系で最初の興奮部位はどれか。,洞房結節,房室結節,His＜ヒス＞束,Purkinje＜プルキンエ＞線維,,A,,false,,false,notebooklm,2026-04-05T01:24:41.691Z
2022_nrs_22_pm013,nursing,2022,13,10.人体の構造と機能,A.人体の基本的な構造と正常な機能,血液、体液,3,成人の正常な赤血球の説明で正しいのはどれか。,球状の細胞である。,腎臓で破壊される。,寿命は約60日である。,酸素の輸送を担っている。,,D,,false,,false,notebooklm,2026-04-05T01:24:41.691Z
2022_nrs_22_pm014,nursing,2022,14,11.徴候と疾患,A.主要な症状と徴候,チアノーゼ,3,"チアノーゼとは（　）の絶対量が増加して5g/dL以上になり、皮膚や粘膜が紫から青紫色を示す状態のことをいう。,,
（　）に入るのはどれか。",ビリルビン,ヘモグロビン,ヘモグロビンA1c＜HbA1c＞,脱酸素化ヘモグロビン＜還元ヘモグロビン＞,,D,,false,,false,notebooklm,2026-04-05T01:24:41.691Z
2022_nrs_22_pm015,nursing,2022,15,11.徴候と疾患,B.主要な疾患による健康障害,感染症,3,飛沫感染するのはどれか。,疥　癬,破傷風,デング熱,インフルエンザ,,D,,false,,false,notebooklm,2026-04-05T01:24:41.691Z
2022_nrs_22_pm016,nursing,2022,16,12.薬物の作用とその管理,A.主な薬物の効果と副作用（有害事象）,麻薬,3,モルヒネの副作用（有害事象）はどれか。,出　血,難　聴,便　秘,骨髄抑制,,C,,false,,false,notebooklm,2026-04-05T01:24:41.691Z
2022_nrs_22_pm017,nursing,2022,17,13.看護における基本技術,C.フィジカルアセスメント,バイタルサインの観察,3,上腕動脈で行う聴診法による血圧測定で適切なのはどれか。,成人では9～10cm幅のマンシェットを用いる。,マンシェットの下端と肘窩が重なるように巻く。,マンシェットの装着部位と心臓が同じ高さになるようにする。,マンシェットと腕の間に指が3、4本入る程度の強さで巻く。,,C,,false,,false,notebooklm,2026-04-05T01:24:41.691Z
2022_nrs_22_pm018,nursing,2022,18,14.日常生活援助技術,B.排泄,浣腸,3,グリセリン浣腸を準備する際の浣腸液の温度で適切なのはどれか。,20℃,30℃,40℃,50℃,,C,,false,,false,notebooklm,2026-04-05T01:24:41.691Z
2022_nrs_22_pm019,nursing,2022,19,14.日常生活援助技術,C,活動と休息,3,不活動状態が持続することで生じるのはどれか。,廃用症候群,緊張病症候群,慢性疲労症候群,シックハウス症候群,,A,,false,,false,notebooklm,2026-04-05T01:24:41.691Z
2022_nrs_22_pm020,nursing,2022,20,14.日常生活援助技術,D.清潔,入浴、シャワー浴,3,入浴の援助で正しいのはどれか。,入浴前後は水分制限をする。,入浴時の湯温は45℃とする。,脱衣室と浴室の温度差を小さくする。,浴室に入り、始めに浴槽に浸かるように促す。,,C,,false,,false,notebooklm,2026-04-05T01:24:41.691Z
2022_nrs_22_pm021,nursing,2022,21,16.診療に伴う看護技術,F.救命救急処置,気道の確保,3,成人の気道の異物除去を目的とするのはどれか。,胸骨圧迫,人工呼吸,頭部後屈顎先挙上法,腹部圧迫法＜Heimlich＜ハイムリック＞法＞,,D,,false,,false,notebooklm,2026-04-05T01:24:41.691Z
2022_nrs_22_pm022,nursing,2022,22,15.患者の安全・安楽を守る看護技術,C.感染対策対策,無菌操作,3,看護師が行う処置で滅菌手袋を使用すべきなのはどれか。,筋肉内注射,口腔内吸引,ストーマパウチの交換,尿道カテーテルの挿入,,D,,false,,false,notebooklm,2026-04-05T01:24:41.691Z
2022_nrs_22_pm023,nursing,2022,23,16.診療に伴う看護技術,D.採血,採血方法,3,静脈血採血の穿刺時の皮膚に対する針の適切な刺入角度はどれか。,15～20度,35～40度,55～60度,75～80度,,A,,false,,false,notebooklm,2026-04-05T01:24:41.691Z
2022_nrs_22_pm024,nursing,2022,24,16.診療に伴う看護技術,F.救命救急処置,胸骨圧迫,3,成人の一次救命処置＜BLS＞における胸骨圧迫の速さ（回数）で正しいのはどれか。,40～60回/分,70～90回/分,100～120回/分,130～150回/分,,C,,false,,false,notebooklm,2026-04-05T01:24:41.691Z
2022_nrs_22_pm025,nursing,2022,25,13.看護における基本技術,E.フィジカルアセスメント,系統別のフィジカルアセスメント,3,"腹部前面を図に示す。,,
McBurney＜マックバーニー＞圧痛点はどれか。",①,②,③,④,⑤,C,,true,,false,notebooklm,2026-04-05T01:24:41.691Z
2022_nrs_22_pm026,nursing,2022,26,6.循環器系,A.心臓の構造と機能,心周期,3,"心周期に伴う心臓の変化で、収縮期の初期には心室の容積は変わらずに内圧が上昇していく。,,
このときの心臓で正しいのはどれか。",僧帽弁は開いている。,大動脈弁は開いている。,左心室の容積は最小である。,左心室の内圧は大動脈圧よりも低い。,,D,,false,,false,notebooklm,2026-04-05T01:24:41.691Z
2022_nrs_22_pm027,nursing,2022,27,9.生体の防御機構,B.特異的生体防御反応（免疫系）,胸腺、脾臓、リンパ組織,3,リンパの流れで正しいのはどれか。,成人の胸管を流れる量は1日約10Lである。,右上半身のリンパは胸管に流入する。,中枢から末梢への一方向に流れる。,筋運動を行うと流量は増加する。,,D,,false,,false,notebooklm,2026-04-05T01:24:41.691Z
2022_nrs_22_pm028,nursing,2022,28,6.循環機能,A.心臓の疾患の病態と診断・治療,心筋症（肥大型心筋症、拡張型心筋症）,3,肥大型心筋症について正しいのはどれか。,ウイルス感染が主な病因である。,拡張障害が問題となる。,左室内腔は拡大する。,弁膜に肥厚を認める。,,B,,false,,false,notebooklm,2026-04-05T01:24:41.691Z
2022_nrs_22_pm029,nursing,2022,29,7.栄養の摂取・消化・吸収・代謝機能,A.口腔、咽頭の疾患の病態と診断・治療,う歯、歯周病,3,歯周病について正しいのはどれか。,原因はウイルス感染が多い。,発症の直接因子として飲酒がある。,真性ポケットが形成される歯周炎を含む。,破壊が歯槽骨まで及んでいるのは歯肉炎である。,,C,,false,,false,notebooklm,2026-04-05T01:24:41.691Z
2022_nrs_22_pm030,nursing,2022,30,13.皮膚機能,A.皮膚の疾患の病態と診断・治療,感染性疾患（帯状疱疹、蜂腐織炎、白癬、カンジダ症、所癬）,3,帯状疱疹について正しいのはどれか。,運動神経麻痺は生じない。,感染の既往として水痘がある。,ウイルスは発症後1か月で消滅する。,単純ヘルペスウイルスの感染が原因である。,,B,,false,,false,notebooklm,2026-04-05T01:24:41.691Z
2022_nrs_22_pm031,nursing,2022,31,2.社会の中の集団,B.労働と健康,育児休業、介護休業等育児又は家族介護を行う労働者の福祉に関する法律＜育児・介護休業法＞,3,令和2年度（2020年度）の家族に関する調査で正しいのはどれか。,人口動態調査では合計特殊出生率が1.54である。,労働力調査では共働き世帯が専業主婦世帯より少ない。,人口動態調査では結婚後5年未満の離婚が約半数である。,雇用均等基本調査では男性の育児休業取得率が12.65％である。,,D,,false,,false,notebooklm,2026-04-05T01:24:41.691Z
2022_nrs_22_pm032,nursing,2022,32,5.社会福祉の基本,D.生活保護に関する制度,扶助の種類と内容,3,生活保護法の扶助の種類とその内容の組合せで正しいのはどれか。,医療扶助 -- 医療にかかる費用,教育扶助 -- 高等学校以上の教育にかかる費用,住宅扶助 -- 住宅の購入にかかる費用,出産扶助 -- 新生児の育児用品にかかる費用,,A,,false,,false,notebooklm,2026-04-05T01:24:41.692Z
2022_nrs_22_pm033,nursing,2022,33,6.健康と公衆衛生,D.健康に関する指標に基づく公衆衛生,受療状況、有病率、罹患率,3,健康に関する指標の記述で正しいのはどれか。,罹患率が高い疾患は有病率が高くなる。,推計患者数には助産所を利用した者を含む。,受療率は人口10万人に対する推計患者数である。,平均在院日数は調査時点で入院している者の在院日数の平均である。,,C,,false,,false,notebooklm,2026-04-05T01:24:41.692Z
2022_nrs_22_pm034,nursing,2022,34,11.人々の健康を支える職種やサービス提供体制に関する法や施策,B.医療や社会福祉の関連職に関する法,社会福祉士及び介護福祉士法、精神保健福祉士法,3,介護保険法と社会福祉士及び介護福祉士法に基づき、介護福祉士が一定の条件を満たす場合に実施できる医行為はどれか。,摘　便,喀痰吸引,血糖測定,インスリン注射,,B,,false,,false,notebooklm,2026-04-05T01:24:41.692Z
2022_nrs_22_pm035（不備問題採点除外）,nursing,2022,0,基礎看護学,,,3,聴診器のチェストピース部のベル型で聴取するのが適切なのはどれか。,心雑音,腸蠕動音,胸膜摩擦音,気管支肺胞音,,A,B,C,D,,false,,false,notebooklm,2026-04-05T01:24:41.692Z
2022_nrs_22_pm036,nursing,2022,36,3.看護における基本技術,G.安全管理＜セーフティマネジメント＞,針刺しの予防と対策,3,針刺し事故を防止する方法で適切なのはどれか。,採血時に手袋を着用する。,採血部位をアルコールで消毒する。,抜針した採血針はキャップをして破棄する。,針専用の廃棄容器は容量が8割程度に達したら処分する。,,D,,false,,false,notebooklm,2026-04-05T01:24:41.692Z
2022_nrs_22_pm037,nursing,2022,37,3.看護における基本技術,H.安楽の確保,安楽な姿勢・体位の保持,3,安楽な姿勢を保持する体位と枕を挿入する位置の組合せで適切なのはどれか。,Sims＜シムス＞位 -- 腰背部,側臥位 -- 胸腹部,半座位 -- 前胸部,腹臥位 -- 膝窩部,,B,,false,,false,notebooklm,2026-04-05T01:24:41.692Z
2022_nrs_22_pm038,nursing,2022,38,11.徴候と疾患,A.主要な症状と徴候,下血,3,便の性状と原因の組合せで正しいのはどれか。,灰白色便 -- Crohn＜クローン＞病,鮮紅色便 -- 鉄剤の内服,タール便 -- 上部消化管出血,米のとぎ汁様便 -- 急性膵炎,,C,,false,,false,notebooklm,2026-04-05T01:24:41.692Z
2022_nrs_22_pm039,nursing,2022,39,14.日常生活援助技術,C,活動と休息,3,"患者の足底と杖をつく位置を図に示す。,,
両上肢の動きに制限がなく、右下肢に軽度の筋力低下がある患者の三点歩行で、歩き始めの杖の位置が適切なのはどれか。",&#160;,&#160;,&#160;,&#160;,,A,,true,,false,notebooklm,2026-04-05T01:24:41.692Z
2022_nrs_22_pm040,nursing,2022,40,3.基本的な病因とその成り立ち,A.細胞の障害,創傷と治癒,3,創傷治癒の成熟期の状態はどれか。,マクロファージが創内を清浄化する。,基底細胞が創面を覆う。,肉芽組織を形成する。,瘢痕を形成する。,,D,,false,,false,notebooklm,2026-04-05T01:24:41.692Z
2022_nrs_22_pm041,nursing,2022,41,5.診療に伴う看護技術,C.与薬,与薬方法と効果の観察,3,成人への与薬方法で正しいのはどれか。,筋肉内注射は大殿筋に行う。,坐薬は肛門から1cm挿入する。,バッカル錠は、かんでから飲み込む。,点眼薬は下眼瞼結膜の中央に滴下する。,,D,,false,,false,notebooklm,2026-04-05T01:24:41.692Z
2022_nrs_22_pm042,nursing,2022,42,16.診療に伴う看護技術,F.救命救急処置,自動体外式除細動器<AED>,3,成人に対する自動体外式除細動器＜AED＞の使用で正しいのはどれか。,胸部が濡れている場合は電極パッドを貼る前に拭き取る。,電極パッドは左前胸部に並べて貼る。,心電図の解析中にも胸骨圧迫を継続する。,心拍が再開されたら電極パッドを直ちにはがす。,,A,,false,,false,notebooklm,2026-04-05T01:24:41.692Z
2022_nrs_22_pm043,nursing,2022,43,5.診療に伴う看護技術,F. 生体機能のモニタリング,経皮的動脈血酸素飽和度＜SpO2＞の測定、血糖測定,3,経皮的動脈血酸素飽和度＜SpO2＞の測定値に影響を及ぼすのはどれか。,頻　脈,高血圧,高体温,末梢循環不全,,D,,false,,false,notebooklm,2026-04-05T01:24:41.692Z
2022_nrs_22_pm044,nursing,2022,44,5.周術期にある患者と家族の看護,B.術中の看護,手術体位による影響と援助,3,"仰臥位で手術を受けた患者が術後に上肢の薬指と小指のしびれを訴えた。,,
しびれの原因として考えられるのはどれか。",頸部の伸展,前腕の回内,肩関節の内旋,肘関節の伸展,,C,,false,,false,notebooklm,2026-04-05T01:24:41.692Z
2022_nrs_22_pm045,nursing,2022,45,17.脳・神経機能障害のある患者の看護,D.病期や機能障害に応じた看護,筋萎縮性側索硬化症＜ALS＞,3,"Aさん（58歳）は筋萎縮性側索硬化症＜ALS＞で在宅療養をしている。嚥下機能の低下が進行したため入院し、胃瘻の造設が検討されているが、経口摂取の継続を希望している。,,
看護師が連携する職種で優先度が高いのはどれか。",言語聴覚士,作業療法士,理学療法士,介護支援専門員,,A,,false,,false,notebooklm,2026-04-05T01:24:41.692Z
2022_nrs_22_pm046,nursing,2022,46,9.終末期にある患者および緩和ケアを必要とする患者と家族への看護,C.臨死期の看護,身体的特徴とケア,3,"臨死期にある患者の家族から「のどがゴロゴロと鳴っていて苦しんでいます。この苦痛をとってあげたい」と相談された。看護師が、呼吸音を聴取すると咽頭に雑音を認めた。,,
患者の苦痛を緩和するための対応で適切なのはどれか。",顔を横に向ける。,気管支拡張薬を用いる。,口腔内をガーゼで拭く。,雑音が消失するまで吸引する。,,A,,false,,false,notebooklm,2026-04-05T01:24:41.692Z
2022_nrs_22_pm047,nursing,2022,47,10.呼吸機能障害のある患者の看護,C.治療を受ける患者の看護,吸入による薬物療法,3,成人の気管支喘息に対する副腎皮質ステロイド薬の吸入で正しいのはどれか。,糖尿病の患者への投与は禁忌である。,副作用（有害事象）に不整脈がある。,重積発作の際に使用する。,吸入後は含嗽を促す。,,D,,false,,false,notebooklm,2026-04-05T01:24:41.692Z
2022_nrs_22_pm048,nursing,2022,48,12.消化・吸収機能障害のある患者への看護,B.検査・処置を受ける患者への看護,内視鏡的逆行性胆管膵管造影＜ERCP＞,3,"Aさん（43歳、男性）は胆道狭窄のため内視鏡的逆行性胆管膵管造影＜ERCP＞検査を受けた。検査後に心窩部痛が出現したため血液検査を行い、禁食、抗菌薬および蛋白分解酵素阻害薬による治療を行うことになった。,,
血液検査の項目でAさんに生じた合併症を判断できるのはどれか。",アミラーゼ＜AMY＞,アルブミン＜Alb＞,カリウム＜K＞,クレアチンキナーゼ＜CK＞,,A,,false,,false,notebooklm,2026-04-05T01:24:41.692Z
2022_nrs_22_pm049,nursing,2022,49,11.免疫機能,B.アレルギー性疾患の病態と診断・治療,接触皮膚炎,3,パッチテストで皮膚反応を観察するタイミングはどれか。,12時間後,24時間後,36時間後,48時間後,,D,,false,,false,notebooklm,2026-04-05T01:24:41.692Z
2022_nrs_22_pm050,nursing,2022,50,4.疾病にたいする医療,C.治療方法,化学療法,3,シクロホスファミドを投与している患者で注意が必要なのはどれか。,緑内障,間質性肺炎,歯肉の肥厚,出血性膀胱炎,,D,,false,,false,notebooklm,2026-04-05T01:24:41.692Z
2022_nrs_22_pm051,nursing,2022,51,16.生殖機能,A.生殖器系の疾患の病態と診断・治療,腫瘍（乳癌、子宮体癌、子宮頸癌、卵巣癌、前立腺癌）,3,ヒトパピローマウイルス＜HPV＞検査の説明で正しいのはどれか。,「子宮頸部の細胞をこすり取って検査します」,「HPVワクチンを接種した人が対象です」,「陽性であれば子宮頸癌と診断されます」,「HPV抗原検査も同時に行います」,,A,,false,,false,notebooklm,2026-04-05T01:24:41.692Z
2022_nrs_22_pm052,nursing,2022,52,6.健康と公衆衛生,D.健康に関する指標に基づく公衆衛生,受療状況、有病率、罹患率,3,令和元年（2019年）の国民生活基礎調査における高齢者の健康状態で正しいのはどれか。,75歳以上の通院率は約9割である。,65歳以上の半数以上が有訴者である。,65歳以上の外来受療率は年齢が上がるほど高くなる。,65歳以上の自覚症状で男女とも最も多いのは腰痛である。,,D,,false,,false,notebooklm,2026-04-05T01:24:41.692Z
2022_nrs_22_pm053,nursing,2022,53,1.社会・家族機能と生活基盤の変化,A.生活単位の変化,家族、世帯,3,平成30年度（2018年度）の高齢者の住宅と生活環境に関する調査で、高齢者がいる世帯で賃貸住宅に住んでいる世帯の割合が最も多いのはどれか。,単身世帯,三世代世帯,夫婦のみの世帯,単身の子どもと同居世帯,,A,,false,,false,notebooklm,2026-04-05T01:24:41.692Z
2022_nrs_22_pm054,nursing,2022,54,8.治療・介護を必要とする高齢者の家族の看護,A.疾患や障害をもつ高齢者の家族への支援,高齢者や家族の特徴に応じた家族への支援,3,"Aさん（80歳、女性）は脳梗塞の後遺症のため要介護5と認定され、治療を終えて退院することになった。Aさんの息子の妻が「義母が退院したら同居して、私が初めて介護することになります」と不安そうに看護師に話しかけてきた。,,
このときの看護師の対応で適切なのはどれか。",「介護は楽しいですよ」,「介護にはすぐに慣れますよ」,「家族で介護できるよう頑張りましょう」,「介護についてどのような思いがありますか」,,D,,false,,false,notebooklm,2026-04-05T01:24:41.692Z
2022_nrs_22_pm055,nursing,2022,55,2.子どもの成長・発達,A.子どもの成長・発達の原則と影響因子,成長・発達の原則,3,子どもの発達で正しいのはどれか。,発達は急速な時期と緩慢な時期がある。,原始反射は生後6～12か月にみられる。,基本的な運動発達は脚部から上方へ向かう。,新生児期は遺伝よりも環境因子の影響が大きい。,,A,,false,,false,notebooklm,2026-04-05T01:24:41.692Z
2022_nrs_22_pm056,nursing,2022,56,2.子どもの成長・発達,C.小児期における成長・発達の特徴,生歯,3,乳歯について正しいのはどれか。,永久歯より石灰化度が高い。,生後8か月に生えそろう。,胎児期に石灰化が始まる。,本数は永久歯と同じである。,,C,,false,,false,notebooklm,2026-04-05T01:24:41.692Z
2022_nrs_22_pm057,nursing,2022,57,3.小児各期における健康増進のための子どもと家族への看護,C.逝びと学習,逝びの分類と発達,3,子どもの平行遊びで正しいのはどれか。,3歳ころまでの主要な遊びである。,他の子どもが遊ぶ様子を見て楽しむ。,リーダーの存在や役割の分担がある。,他の子どもとおもちゃの貸し借りを行う。,,A,,false,,false,notebooklm,2026-04-05T01:24:41.692Z
2022_nrs_22_pm058,nursing,2022,58,1.母性看護の対象を取り巻く環境や社会の変遷,D.女性の健康支援に関する法や施策,母体保護法,3,母体保護法に規定されているのはどれか。,産後の休業,妊娠中の女性の危険有害業務の就業制限,妊娠したことを理由とした不利益な取扱いの禁止,経済的理由により母体の健康を著しく害するおそれのある場合の人工妊娠中絶,,D,,false,,false,notebooklm,2026-04-05T01:24:41.692Z
2022_nrs_22_pm059,nursing,2022,59,3.女性のライフサイクル各期における看護,C.更年期・老年期女性の健康と看護,ホルモンの変化,3,閉経について正しいのはどれか。,閉経すると膣の自浄作用が低下する。,閉経後はエストロゲン分泌が増加する。,日本人の閉経の平均年齢は55歳である。,10か月の連続した無月経の確認で診断される。,,A,,false,,false,notebooklm,2026-04-05T01:24:41.692Z
2022_nrs_22_pm060,nursing,2022,60,4.妊娠期の看護,A.正常な妊娠経過と妊娠期の異常,母体の生理的変化,3,妊娠に伴う母体の生理的変化とその時期の組合せで正しいのはどれか。,体温が低下する。 -- 妊娠5週ころ,乳房が緊満する。 -- 妊娠15週ころ,つわりが軽減する。 -- 妊娠11週ころ,循環血液量が最大になる。 -- 妊娠32週ころ,,D,,false,,false,notebooklm,2026-04-05T01:24:41.692Z
2022_nrs_22_pm061,nursing,2022,61,6.産褥期の看護,A.正常な産褥の経過と産褥期の異常,生殖器の変化,3,産褥期の生理的変化で正しいのはどれか。,児が乳頭を吸啜することによってオキシトシンが分泌される。,子宮が非妊時の大きさに戻るのは分娩後約2週である。,分娩後は一時的に尿量が減少する。,プロゲステロンが増加する。,,A,,false,,false,notebooklm,2026-04-05T01:24:41.692Z
2022_nrs_22_pm062,nursing,2022,62,2.災害と看護,B.災害各期の特徴と看護,災害時の被災者・支援者の身体反応と心理過程,3,"大規模災害が発生し、被災した住民は自治体が設置した避難所に集まり避難生活を始めた。発災3日、自治体から派遣された看護師は避難所の片隅で涙ぐんでいるAさんへの関わりを始めた。Aさんは「悲しい気持ちが止まりません」と話している。,,
このときのAさんへの看護師の発言で適切なのはどれか。",「災害以外のことを何か考えましょう」,「あなたの悲しい気持ちは乗り越えられるものですよ」,「悲しい気持ちが止まらないのは異常なことではないですよ」,「みんなが大変なのですからAさんも元気を出してください」,,C,,false,,false,notebooklm,2026-04-05T01:24:41.692Z
2022_nrs_22_pm063,nursing,2022,63,1.精神保健の基本,F.精神の健康とマネジメント,トラウマインフォームド・ケア＜TIC＞、逆境体験,3,精神病床に入院し、身体的拘束が必要となる攻撃性の高い精神疾患患者のケアで正しいのはどれか。,心的外傷＜トラウマ＞体験を想定して支援を行う。,患者が暴力行為に及んだ場合は積極的に反省を促す。,患者の攻撃性が収まるまで疾患や治療の教育を行うことは避ける。,患者の身体的拘束が解除されてから病棟のスケジュールの説明を行う。,,A,,false,,false,notebooklm,2026-04-05T01:24:41.692Z
2022_nrs_22_pm064,nursing,2022,64,4.精神疾患・障害がある者とその家族への看護,H.社会資源の活用とケアマネジメント,就労移行支援,3,一般の事業所や企業に就労を希望する精神障害者に対して行う支援で、24か月間を原則として就職に必要な訓練や求職活動を行うのはどれか。,就労移行支援,自立生活援助,ピアサポート,就労継続支援A型,,A,,false,,false,notebooklm,2026-04-05T01:24:41.692Z
2022_nrs_22_pm065,nursing,2022,65,7.在宅療養生活を支える看護,C.在宅療養者の排泄を支えるケア,尿道カテーテル管理,3,"Aさん（70歳、男性）は神経因性膀胱のため、膀胱留置カテーテルを挿入し在宅療養を開始することになった。,,
Aさんが行う膀胱留置カテーテルの管理で適切なのはどれか。",外出前に蓄尿バッグの尿を廃棄する。,カテーテルは大腿の内側に固定する。,蓄尿バッグに遮光カバーをかぶせる。,カテーテルと蓄尿バッグの接続は外さない。,,A,,false,,false,notebooklm,2026-04-05T01:24:41.692Z
2022_nrs_22_pm066,nursing,2022,66,3.地域・在宅看護における安全と健康危機管理,A.在宅療養者の日常生活における安全管理,熱中症の予防,3,"Aさん（88歳、女性、要介護1）は長女（58歳、会社員）と2人暮らしで、胃瘻を造設し訪問看護を利用している。看護師の訪問時、Aさんは頭痛、嘔気を訴え、ベッドに横になっていた。バイタルサインは、体温37.6℃、呼吸数24/分、脈拍96/分、整、血圧102/76mmHg、口唇が乾燥している。室温は30℃である。長女に連絡し、かかりつけ医に往診を依頼することにした。,,
医師が到着するまでの訪問看護師の対応で適切なのはどれか。",頭を高くする。,腋窩を冷やす。,水を飲ませる。,中枢から末梢に下肢をマッサージする。,,B,,false,,false,notebooklm,2026-04-05T01:24:41.692Z
2022_nrs_22_pm067,nursing,2022,67,4.地域・在宅看護実践をめぐる制度の概要,A.訪問看護制度の理解,訪問看護の対象と提供方法,3,指定訪問看護ステーションについて正しいのはどれか。,看護職員以外は配置できない。,緊急時用の薬剤の保管が義務付けられている。,訪問看護指示書に基づいて療養者のケアを行う。,従事する看護職員は5年以上の臨床経験が必要である。,,C,,false,,false,notebooklm,2026-04-05T01:24:41.692Z
2022_nrs_22_pm068,nursing,2022,68,5.療養の場に応じた地域・在宅看護,A.病期に応じた在宅療養者への看護,終末期にある在宅療養者と家族の看護,3,"Aさん（63歳、男性）は妻と2人暮らしで、肺癌の終末期で在宅医療を受けて医療用麻薬を使用中である。看護師が訪問したとき、Aさんは椅子に座って咳をしがら苦痛に耐えている様子であった。妻は「レスキュー薬が効くまでは苦しそうなので、何か私にできることはありますか」と訪問看護師に尋ねた。,,
このときの訪問看護師の妻への対応で適切なのはどれか。",救急車を要請するよう提案する。,Aさんを仰臥位にする介助方法を指導する。,Aさんの背中をさすりながら傍にいるよう勧める。,一度に2倍量のレスキュー薬の服用を試すよう説明する。,,C,,false,,false,notebooklm,2026-04-05T01:24:41.692Z
2022_nrs_22_pm069,nursing,2022,69,1.看護におけるマネジメント,E.医療安全を維持する仕組みと対策,安全管理体制整備、医療安全文化の醸成,3,"A病院の組織図を示す。,,
医療安全管理を担う部門が横断的に活動する位置はどれか",①,②,③,④,,B,,true,,false,notebooklm,2026-04-05T01:24:41.692Z
2022_nrs_22_pm070,nursing,2022,70,11.人々の健康を支える職種やサービス提供体制に関する法や施策,D.その他の役割,安全管理＜セーフティマネジメント＞,3,医療法に基づき医療機関が医療の安全を確保する目的で行うのはどれか。,医療安全支援センターを設置する。,医療安全管理者養成研修を実施する。,医療の安全を確保するための指針を策定する。,医療安全管理のために必要な研修を2年に1回実施する。,,C,,false,,false,notebooklm,2026-04-05T01:24:41.692Z
2022_nrs_22_pm071,nursing,2022,71,2.災害と看護,A.災害時の医療を支えるしくみ,災害に関する法と制度,3,災害時の医療を支える体制で正しいのはどれか。,地域災害拠点病院は市町村が指定する。,災害対策基本法に防災計画の作成が規定されている。,トリアージは救命困難な患者の治療を優先するために行う。,災害派遣医療チーム＜DMAT＞は被災地域の精神科医療および精神保健活動を専門的に行う。,,B,,false,,false,notebooklm,2026-04-05T01:24:41.692Z
2022_nrs_22_pm072,nursing,2022,72,3.国際化と看護,B.グローバルな社会における看護,多様な文化を考慮した看護,3,"Aさん（58歳、男性）は外国籍の妻（40歳）と10年前に結婚し、2人で暮らしている。虚血性心疾患と診断され、外来看護師による生活指導を妻と一緒に受けることになった。初回の面談で、Aさんは「10年間で体重が10kg増えました。妻の母国の習慣で味が濃いおかずや揚げ物とご飯を1日に何度も食べています。最近、2人とも運動をしなくなりました」と話した。,,
このときの外来看護師のAさんと妻への最初の対応で適切なのはどれか。",生活習慣の改善についてAさんと妻に考えを聞く。,食事は1日3回までにするよう指導する。,毎日1時間のウォーキングを提案する。,料理教室に通うことを勧める。,,A,,false,,false,notebooklm,2026-04-05T01:24:41.692Z
2022_nrs_22_pm073,nursing,2022,73,19.運動機能障害のある患者の看護,B.検査・処置を受ける患者への看護,関節可動域＜ROM＞検査,3,"上肢の運動を図に示す。,,
肩関節の屈曲の可動域測定で正しいのはどれか。",1,2,3,4,5,E,,true,,false,notebooklm,2026-04-05T01:24:41.692Z
2022_nrs_22_pm074,nursing,2022,74,9.生体の防御機構,B.特異的生体防御反応（免疫系）,液体免疫,3,細菌が体内に初めて侵入したときに最初に産生される免疫グロブリンはどれか。,IgA,IgD,IgE,IgG,IgM,E,,false,,false,notebooklm,2026-04-05T01:24:41.692Z
2022_nrs_22_pm075,nursing,2022,75,13.泌尿器系,C.排尿,排尿反射,3,膀胱の蓄尿と排尿反射で正しいのはどれか。,排尿中枢はホルモンによって制御される。,排尿反射は交感神経を介して起こる。,蓄尿時に内尿道括約筋は収縮する。,排尿時に外尿道括約筋は収縮する。,蓄尿時に排尿筋は収縮する。,C,,false,,false,notebooklm,2026-04-05T01:24:41.692Z
2022_nrs_22_pm076,nursing,2022,76,8.内部環境調節機能,A.内分泌系の疾患の病態と診断・治療,副腎皮質・髄質疾患,3,全身性エリテマトーデス＜SLE＞でプレドニゾロンを長期間服用している成人女性の患者で、血中濃度が顕著に低下しているのはどれか。,インスリン,甲状腺ホルモン,エストラジオール,副甲状腺ホルモン＜PTH＞,副腎皮質刺激ホルモン＜ACTH＞,E,,false,,false,notebooklm,2026-04-05T01:24:41.692Z
2022_nrs_22_pm077,nursing,2022,77,4.疾病にたいする医療,A.診断の基本と方法,生体機能検査,3,心電図検査の胸部誘導で電極を第4肋間胸骨右縁に装着するのはどれか。,Ⅰ,V<sub>1</sub>,V<sub>2</sub>,V<sub>4</sub>,aV<sub>R</sub>,B,,false,,false,notebooklm,2026-04-05T01:24:41.692Z
2022_nrs_22_pm078,nursing,2022,78,12.代謝系,B.物質代謝,核酸の代謝,3,プリン体の代謝産物である尿酸で正しいのはどれか。,下肢末端は温度が下がるので結晶化しやすい。,男性ホルモンによって腎排泄が増加する。,激しい運動で産生が減少する。,利尿薬によって排泄される。,肝臓で分解される。,A,,false,,false,notebooklm,2026-04-05T01:24:41.692Z
2022_nrs_22_pm079,nursing,2022,79,4.疾病にたいする医療,C.治療方法,人工臓器・透析,3,血液透析について正しいのはどれか。,合併症は腹膜炎が多い。,食事はカルシウムを制限する。,導入初期には不均衡症候群が起こる。,導入の原因疾患はIgA腎症が最も多い。,透析に用いる半透膜はタンパク質が通過する。,C,,false,,false,notebooklm,2026-04-05T01:24:41.692Z
2022_nrs_22_pm080,nursing,2022,80,4.日常生活援助技術,B.食事と栄養,経管・経腸栄養法,3,成人に経鼻経管栄養の胃管を挿入する方法で適切なのはどれか。,無菌操作で行う。,挿入時、患者の体位は仰臥位にする。,胃管が咽頭に達するまで頸部を前屈してもらう。,胃管が咽頭に達したら嚥下を促す。,水を注入して胃管の先端が胃内に到達したことを確認する。,D,,false,,false,notebooklm,2026-04-05T01:24:41.692Z
2022_nrs_22_pm081,nursing,2022,81,4.社会保険制度の基本,C.介護保険制度,要介護認定と給付の仕組み,3,介護保険サービスを利用して購入できるのはどれか。,簡易浴槽,特殊寝台,体位変換器,移動用リフト,取り付け工事を伴わないスロープ,A,,false,,false,notebooklm,2026-04-05T01:24:41.692Z
2022_nrs_22_pm082,nursing,2022,82,2.子どもの成長・発達,B.子どもの成長・発達のアセスメント,身体発育の評価,3,標準的な成長をしている正期産児の身長が出生時の約2倍になるのはどれか。,生後6か月,生後12か月,2　歳,4　歳,6　歳,D,,false,,false,notebooklm,2026-04-05T01:24:41.692Z
2022_nrs_22_pm083,nursing,2022,83,3.女性のライフサイクル各期における看護,A.思春期・成熟期女性の健康維持への看護,第二次性徴,3,女子の第二次性徴に最も関与するホルモンはどれか。,エストロゲン,オキシトシン,成長ホルモン,甲状腺ホルモン,テストステロン,A,,false,,false,notebooklm,2026-04-05T01:24:41.692Z
2022_nrs_22_pm084,nursing,2022,84,3.精神看護の対象の理解と支援のための概念,B.セルフケアへの援助,安全,3,"Aさん（25歳、女性）は統合失調症と診断され、入院2か月が経過した。食事や水分の摂取、トイレ歩行は1人でできる。歯磨き、入浴への関心はあまりない。幻聴が聞こえると突然走り出し、壁に頭をぶつけている。日中はホールで過ごし、自分から他の患者と交流はしない。,,
Aさんのセルフケアのアセスメントで優先度が高いのはどれか。",排　泄,個人衛生,安全を保つ能力,活動と休息のバランス,孤独と付き合いのバランス,C,,false,,false,notebooklm,2026-04-05T01:24:41.692Z
2022_nrs_22_pm085,nursing,2022,85,4.疾病にたいする医療,B.薬剤の特性,薬物動態（吸収、分布、代謝、排泄）,3,薬物血中濃度モニタリング＜TDM＞の実施が必要な薬物はどれか。2つ選べ。,ヘパリン,インスリン,ジギタリス,炭酸リチウム,ニトログリセリン,C,D,,false,,true,notebooklm,2026-04-05T01:24:41.692Z
2022_nrs_22_pm086,nursing,2022,86,5.高齢者の生活を支える看護,F.高齢者の活動と休息のバランスの特徴と援助,高齢者の睡眠と生活リズムの特徴,3,高齢者の睡眠で正しいのはどれか。2つ選べ。,単相性の睡眠になる。,浅い眠りが少なくなる。,総睡眠時間が延長する。,中途覚醒の回数が増加する。,入眠するまでに時間がかかる。,D,E,,false,,true,notebooklm,2026-04-05T01:24:41.692Z
2022_nrs_22_pm087,nursing,2022,87,6.さまざまな健康状態や受療状況に応じた高齢者の看護,F.検査を受ける高齢者の看護,加齢による検査結果への影響,3,高齢者の血液検査の結果で成人の基準値と比較して値が高くなるのはどれか。2つ選べ。,血小板数,尿素窒素,白血球数,食後血糖値,AST＜GOT＞,B,D,,false,,true,notebooklm,2026-04-05T01:24:41.692Z
2022_nrs_22_pm088,nursing,2022,88,1.精神保健の基本,A.精神の健康の概念,精神障害の一次予防・二次予防・三次予防,3,精神保健における三次予防はどれか。2つ選べ。,うつ病患者のリワーク支援を行う。,災害時の精神的支援を行うボランティアを育成する。,自殺企図をして未遂だった人の希死念慮を確認する。,精神障害者の長期入院による自発性の低下を予防する。,統合失調症のアンチ・スティグマ・キャンペーンを行う。,A,D,,false,,true,notebooklm,2026-04-05T01:24:41.692Z
2022_nrs_22_pm089,nursing,2022,89,1.地域・在宅看護の対象,A.在宅療養者の特徴と健康課題,子どもの在宅療養者,3,"Aちゃん（小学4年生、女児）は父親（40歳、会社員）、母親（40歳、会社員）、弟（小学2年生）と4人で暮らしている。交通事故で頸髄損傷となり、訪問看護を利用して在宅療養を開始した。Aちゃんはこれまで通っていた小学校に継続して通学することを希望している。,,
Aちゃんの家族への看護師の対応で適切なのはどれか。2つ選べ。",特別支援学校に転校するよう勧める。,弟の退行現象に注意するよう説明する。,Aちゃんが利用できる社会資源を紹介する。,Aちゃんのケアは主に母親が行うよう助言する。,事故については家族の間で話題にしないよう指導する。,B,C,,false,,true,notebooklm,2026-04-05T01:24:41.692Z
2022_nrs_22_pm090,nursing,2022,90,16.診療に伴う看護技術,E.呼吸管理,酸素ボンベ,3,"500Lの酸素ボンベ（14.7MPa充塡）の内圧が10MPaを示している。この酸素ボンベを用いて3L/分で酸素吸入を行う。,,
使用可能な時間は何分か。,,
ただし、小数点以下の数値が得られた場合は、小数点以下第1位を四捨五入すること。,,
,,
システムの都合上選択肢を表示できません。各自で0～9の数字を組合せて回答してください。,,
,,
解答：①②③分",&#160;,&#160;,&#160;,&#160;,,A,B,C,D,,false,,false,notebooklm,2026-04-05T01:24:41.692Z
2022_nrs_22_pm091,nursing,2022,91,15.内分泌機能障害のある患者の看護,D.病期や機能障害に応じた看護,2型糖尿病,3,Aさんの状態のアセスメントで適切なのはどれか。,肝性脳症,小脳出血,ケトアシドーシス＜DKA＞,高浸透圧高血糖状態＜HHS＞,,D,,false,,false,notebooklm,2026-04-05T01:24:41.692Z
2022_nrs_22_pm092,nursing,2022,92,15.内分泌機能障害のある患者の看護,C.治療を受ける患者への看護,食事療法、運動療法,3,"Aさんはインスリン療法、糖尿病足病変に対する抗菌薬治療で全身状態は改善した。退院へ向けて、看護師はAさんに食事指導をすることにした。,,
Aさんに勧める1日の摂取カロリーで最も適切なのはどれか。","1,400kcal","1,800kcal","2,200kcal","2,600kcal","3,000kcal",B,,false,,false,notebooklm,2026-04-05T01:24:41.692Z
2022_nrs_22_pm093,nursing,2022,93,15.内分泌機能障害のある患者の看護,D.病期や機能障害に応じた看護,2型糖尿病,3,Aさんの糖尿病足病変の悪化を防ぐ目的で看護師が行う指導で正しいのはどれか。2つ選べ。,「靴下を履きましょう」,「月に1回、足を観察してください」,「暖房器具に足を近づけないでください」,「足の傷は痛みが出てから受診してください」,「鶏眼＜うおのめ＞が出来た場合は自分で削ってください」,A,C,,false,,true,notebooklm,2026-04-05T01:24:41.692Z
2022_nrs_22_pm094,nursing,2022,94,13.看護における基本技術,C.フィジカルアセスメント,意識レベルの評価,3,グラスゴー・コーマ・スケール＜GCS＞によるAさんの意識レベルの評価はどれか。,E1V1M2,E1V2M4,E2V2M2,E4V5M5,,B,,false,,false,notebooklm,2026-04-05T01:24:41.692Z
2022_nrs_22_pm095（不備問題複数回答）,nursing,2022,0,成人看護学,,,3,"Aさんは右側の急性硬膜外血腫と診断され、緊急開頭手術を受けることになった。術前のバイタルサインは、体温37.2℃、呼吸数14/分、脈拍74/分、整。血圧は、搬送時の134/84mmHgから174/66mmHgに上昇し、痛み刺激に対する反応が消失している。,,
このときのAさんの瞳孔の状態はどれか。",&#160;,&#160;,&#160;,&#160;,,A,C,,false,,false,notebooklm,2026-04-05T01:24:41.692Z
2022_nrs_22_pm096,nursing,2022,96,17.脳・神経機能障害のある患者の看護,C.治療を受ける患者への看護,開頭術,3,"開頭手術後2日、Aさんの全身状態は良好で、硬膜外ドレーンの排液も異常所見はなく経過している。看護師が訪室するとAさんは仰臥位で開眼し、「目が覚めたら病院にいて手術も終えていたので驚きました。今は気分もよいが、寝てばかりで背中が痛くなってきたので体勢を変えたい」と話す。,,
看護師の対応で適切なのはどれか。",仰臥位を保持する。,頭側を30度挙上する。,頭側を60度挙上する。,頭側を90度挙上する。,,B,,false,,false,notebooklm,2026-04-05T01:24:41.692Z
2022_nrs_22_pm097,nursing,2022,97,老年看護学,,,3,このときのAさんの状態はどれか。,うつ熱,高血圧,呼気の延長,皮膚の掻痒感,,C,,false,,false,notebooklm,2026-04-05T01:24:41.692Z
2022_nrs_22_pm098,nursing,2022,98,7.高齢者に特有な症候・疾患・障害と看護,C.高齢者に特有な疾患・障害の治療,慢性閉塞性肺疾患,3,"Aさんは入院し、抗菌薬の点滴静脈内注射と酸素投与が開始された。病棟内の歩行の許可が出て、食事も全粥食を半分程度は食べることができた。,,
Aさんに起こりうる症状で最も注意が必要なのはどれか。",貧　血,便　秘,高血糖,CO<sub>2</sub>ナルコーシス,,D,,false,,false,notebooklm,2026-04-05T01:24:41.692Z
2022_nrs_22_pm099,nursing,2022,99,7.高齢者に特有な症候・疾患・障害と看護,D.高齢者に特有な疾患・障害の予防と看護,慢性閉塞性肺疾患,3,"Aさんは順調に回復したため、退院が決まった。退院後の慢性閉塞性肺疾患＜COPD＞の治療は、在宅酸素療法＜HOT＞は導入せずに薬物療法を継続することになった。Aさんは、看護師に「退院後も自宅で生活したい」と話している。近隣に家事を手伝ってくれる親戚や友人はいない。,,
Aさんへの退院指導の内容で適切なのはどれか。2つ選べ。",肺炎球菌ワクチンの接種を勧める。,水分を制限するよう指導する。,糖分を制限するよう指導する。,配食サービスの利用を勧める。,毎日の散歩を勧める。,A,D,,false,,true,notebooklm,2026-04-05T01:24:41.692Z
2022_nrs_22_pm100,nursing,2022,100,1.子どもと家族を取り巻く環境,C.子どもと家族を取り巻く社会資源の活用,小児慢性特定疾病医療費助成制度,3,A君が利用できる制度はどれか。,自立支援医療,指定難病の医療費助成,未熟児養育医療の給付,小児慢性特定疾病医療費助成,,D,,false,,false,notebooklm,2026-04-05T01:24:41.692Z
2022_nrs_22_pm101,nursing,2022,101,8.慢性的な疾患・障害がある子どもと家族への看護,C.医療的ケアを必要とする子どもと家族への看護,入院生活から在宅への移行に向けた支援,3,"A君の造血幹細胞移植は無事に終了したが、終了後6か月で2度目の再発をし、化学療法が行われたが寛解しなかった。医師から両親にA君が終末期にあること、余命2か月程度であることが伝えられた。両親は「2度目の再発と聞いて覚悟をしていた。延命するための治療はしなくてよいと考えています。在宅療養に切り替えてAと家で過ごしたいが、できることと、できないことを教えてほしいです」と話した。,,
両親への看護師の返答で適切なのはどれか。2つ選べ。",「遊園地には行けません」,「幼稚園に登園できます」,「食べ物の制限はありません」,「痛みが出た場合、自宅では痛みを和らげる治療はできません」,「感染対策のため、お兄ちゃんとの接触をできるだけ制限してください」,B,C,,false,,true,notebooklm,2026-04-05T01:24:41.692Z
2022_nrs_22_pm102,nursing,2022,102,9.エンド・オブ・ライフ＜ end-of-life ＞にある子どもと家族への看護,B.子どもと家族への緩和ケア,エンド・オブ・ライフ＜end-of-life＞にある子どもの心身の状態と緩和ケア,3,"数日後、両親から「Aが亡くなることをAの兄にどのように説明したらよいでしょうか。私たちでは、うまく説明できません」と相談があった。,,
看護師の両親への対応で適切なのはどれか。",「お兄ちゃんが病状を尋ねてくるのを待ちましょう」,「頑張っているA君のために、お兄ちゃんには治ると説明しましょう」,「看護師も同席してお兄ちゃんに説明する機会を設けることができます」,「ドナーになったお兄ちゃんががっかりするので説明しないでおきましょう」,,C,,false,,false,notebooklm,2026-04-05T01:24:41.692Z
2022_nrs_22_pm103,nursing,2022,103,7.急性期にある子どもと家族への看護,A.急性症状のある子どもと家族への看護,呼吸困難,3,A君の気管支喘息の発作強度はどれか。,小発作,中発作,大発作,呼吸不全,,B,,false,,false,notebooklm,2026-04-05T01:24:41.692Z
2022_nrs_22_pm104,nursing,2022,104,3.小児各期における健康増進のための子どもと家族への看護,I.思春期の成長・発達,アイデンティティの確立,3,"救急外来で、吸入と点滴静脈内注射が行われA君の症状は軽快した。A君は、医師や看護師による問診には素直に答えているが、心配する母親には「病院に来るほどじゃないんだよ。入院はしないからな」と発言し、反抗的な態度をとっている。,,
このときの看護師の対応で適切なのはどれか。",A君に発言の理由を尋ねる。,A君ではなく母親から病状を聴取する。,母親への態度は問題行動であるとA君に忠告する。,親子関係に問題があるのではないかと母親に伝える。,,A,,false,,false,notebooklm,2026-04-05T01:24:41.692Z
2022_nrs_22_pm105,nursing,2022,105,8.慢性的な疾患・障害がある子どもと家族への看護,A.先天性疾患や慢性的な経過をとる疾患をもつ子どもと家族への看護,発達に応じたセルフケア能力の獲得・自立支援,3,"A君は1年前から気管支喘息の急性増悪＜発作＞を起こして救急外来の受診を繰り返していることが分かった。看護師がA君に今の症状に対する認識を確認すると「喘息発作が起きていて、家で吸入をしても治まらなかった」と答えた。学校生活や服薬については「学校は好きだけど、体育は嫌だな。吸入が面倒くさい。吸入しなくても発作が起きなければいいんでしょ」と話した。看護師は、急性増悪＜発作＞を繰り返しているA君のセルフケアへの支援をする必要があると考えた。,,
A君への看護師の対応で最も適切なのはどれか。",毎日運動するよう勧める。,お薬手帳を持ち歩くよう伝える。,A君と服薬管理について話し合う。,喘息発作があったことを母親から担任の先生に伝えるよう提案する。,,C,,false,,false,notebooklm,2026-04-05T01:24:41.692Z
2022_nrs_22_pm106,nursing,2022,106,6.産褥期の看護,B.褥婦の健康と生活のアセスメント,全身状態,3,Aさんの産褥1日のアセスメントで正しいのはどれか。,貧血がある。,感染徴候がある。,正常な経過である。,子宮復古不全である。,,C,,false,,false,notebooklm,2026-04-05T01:24:41.692Z
2022_nrs_22_pm107,nursing,2022,107,7.早期新生児期の看護,C.早期新生児とその家族への看護,保温,3,"産褥3日、Aさんの夫から「退院後は私が子どもの沐浴をします。子どもの身体の洗い方は動画で学んだのですが、沐浴のときに注意することはありますか。寒い時期なので心配です」と看護師に質問があった。,,
Aさんの夫への説明で適切なのはどれか。",「着替え用の衣類が冷たくないか、沐浴前に確認しておきましょう」,「10分程度お湯に浸けて赤ちゃんを温めましょう」,「ベビーバスには50℃のお湯を準備しましょう」,「沐浴する場所の室温は30℃に設定しましょう」,,A,,false,,false,notebooklm,2026-04-05T01:24:41.692Z
2022_nrs_22_pm108,nursing,2022,108,6.産褥期の看護,C.褥婦と家族への看護,退院後の生活調整、産後のサポート,3,"産褥5日、子宮収縮は臍恥中央、褐色悪露が少量、歩行時に会陰部痛がある。授乳は母乳のみで行っている。Aさんは「この子の世話が大変で、次の妊娠はしばらく考えられません。結婚前は経口避妊薬を服用していましたが、産後の避妊はどうしたらよいか教えてください」と看護師に話した。,,
Aさんへの説明で適切なのはどれか。",「基礎体温法が適しています」,「経口避妊薬は産後1か月から服用できます」,「性交再開時からコンドームを使用しましょう」,「母乳を与えている間は妊娠の心配はありません」,,C,,false,,false,notebooklm,2026-04-05T01:24:41.692Z
2022_nrs_22_pm109,nursing,2022,109,4.精神疾患・障害がある者とその家族への看護,G.精神保健医療福祉に関する社会資源の活用と調整,精神科訪問看護、訪問看護,3,このときの訪問看護師の対応で優先度が高いのはどれか。,父親に薬の管理を依頼する。,薬を飲み忘れない方法を話し合う。,外来受診時に薬局の薬剤師に服薬指導を依頼する。,デイケアの再開を主治医と相談するように提案する。,,B,,false,,false,notebooklm,2026-04-05T01:24:41.692Z
2022_nrs_22_pm110,nursing,2022,110,4.精神疾患・障害がある者とその家族への看護,G.精神保健医療福祉に関する社会資源の活用と調整,精神科訪問看護、訪問看護,3,"初回訪問から1か月、訪問看護師はAさんが適切に服薬できていることを確認した。Aさんは「調子はいいですね。やる気も少し出てきました。主治医は今の薬を飲み続けるのがいいと話しています。ただ、夜の薬は朝に眠気が残るので昼まで寝てしまいます」と話した。,,
このときの訪問看護師のAさんへの声かけで最も適切なのはどれか。",「朝起きられるように毎朝の日課を何か作りましょう」,「朝に眠気が残ることを主治医に相談してみませんか」,「来週は朝早く一緒に散歩へ行けるように訪問しますね」,「朝起こしてもらうようにお父さんにお願いしてみませんか」,,B,,false,,false,notebooklm,2026-04-05T01:24:41.692Z
2022_nrs_22_pm111,nursing,2022,111,4.精神疾患・障害がある者とその家族への看護,H.社会資源の活用とケアマネジメント,共同生活援助＜グループホーム＞,3,"初回訪問から6か月、Aさんの状態は安定し、デイケアへ週3回程度は通所でるようになった。一方で、父親は「Aは食事も作れないし、家のことができないので、自分が死んだ後のことを考えると1人で生きていけるのかが心配だ。どうしたらよいか」と訪問看護師に相談した。それを聞いたAさんも「父が死んだ後の生活が心配だ」と話した。,,
現時点でAさんと父親へ提案する社会資源で適切なのはどれか。",生活保護,地域移行支援,グループホーム,障害者権利擁護センター,,C,,false,,false,notebooklm,2026-04-05T01:24:41.692Z
2022_nrs_22_pm112,nursing,2022,112,7.高齢者に特有な症候・疾患・障害と看護,B.高齢者に特有な疾患・障害のアセスメント,脱水症,3,Aさんの状態のアセスメントで適切なのはどれか。2つ選べ。,脱　水,貧　血,低栄養,視空間失認,電解質異常,A,E,,false,,true,notebooklm,2026-04-05T01:24:41.692Z
2022_nrs_22_pm113,nursing,2022,113,7.高齢者に特有な症候・疾患・障害と看護,E.認知機能が低下した高齢者の看護,認知症の症状,3,"入院当日、Aさんは日中は会話ができていたが、夕方からそわそわしながら落ち着かない様子であった。また、話のつじつまが合わず、朝と夕方を間違え急に大きな声を出し、夜中に起きだして自分の荷物を触っていることがあった。翌日、日中は眠気を訴えながらも眠ることなく静かに過ごし、夜間は焦燥があり眠れていない。,,
Aさんの状態はどれか。",せん妄,睡眠時遊行症,レム睡眠行動障害,睡眠時無呼吸症候群,,A,,false,,false,notebooklm,2026-04-05T01:24:41.692Z
2022_nrs_22_pm114,nursing,2022,114,7.高齢者に特有な症候・疾患・障害と看護,E.認知機能が低下した高齢者の看護,認知症看護の基本的視点,3,"入院2日、病棟の看護師でAさんへの援助の方針について話し合った。,,
Aさんへの対応で適切なのはどれか。",日中の離床を促すために歩行に付き添う。,夜間はベッドからの転落防止のために身体的拘束を行う。,睡眠時間の確保のために夕方に3時間の睡眠をとるように勧める。,症状緩和のためにベンゾジアゼピン系睡眠薬の処方を医師に依頼する。,,A,,false,,false,notebooklm,2026-04-05T01:24:41.692Z
2022_nrs_22_pm115,nursing,2022,115,8.地域ケアシステムにおける多職種連携,A.行政との連携,職種の役割と機能,3,Aさんから保健師に伝える内容で優先度が高いのはどれか。,長男の仕事内容,Aさんの経済状況,母親の病状の経過,妹の遺伝子診断の予定,,B,,false,,false,notebooklm,2026-04-05T01:24:41.692Z
2022_nrs_22_pm116,nursing,2022,116,6.症状・疾患・治療に応じた地域・在宅看護,B.主な疾患等に応じた在宅看護,難病,3,"1か月後の定期受診のときに、Aさんは「長男に私の病名と遺伝性の疾患であることを伝えました。長男には何も症状はありませんが、発症前診断を受けて欲しいと思っています」と外来の看護師に話した。,,
看護師のAさんへの対応で適切なのはどれか。",長男が脊髄小脳変性症についてどの程度知っているか確認することを勧める。,長男には症状がないので発症前診断では発症の予測はできないと説明する。,両親の同意があれば長男が発症前診断を受けることができると説明する。,長男が頭部CT検査を受けることを勧める。,,A,,false,,false,notebooklm,2026-04-05T01:24:41.692Z
2022_nrs_22_pm117,nursing,2022,117,7.在宅療養生活を支える看護,E.在宅療養者の移動を支えるケア,移動補助用具の種類の選択と使用,3,"Aさんは仕事を辞め、妻が自営業を続け1年が経過した。Aさんは歩行器で室内を移動し、日中は1人で過ごしていた。転倒したことをきっかけに、訪問看護を週1回利用することになった。初回の訪問時に、Aさんは「妻が仕事を続けてくれて感謝しています。妻に迷惑はかけられない。妻が食卓に準備してくれた昼食を食べようと起き上がって歩行器に移ろうとしたら、立ちくらみを起こして転んでしまった」と訪問看護師に話した。,,
訪問看護師のAさんへの対応で適切なのはどれか。",ベッド上で食事を摂るよう説明する。,移乗の介助を妻に依頼するよう勧める。,立位でのリハビリテーションを指導する。,室内の移動を車椅子に変更することを提案する。,,D,,false,,false,notebooklm,2026-04-05T01:24:41.692Z
2022_nrs_22_pm118,nursing,2022,118,4.臨床実践場面における統合的な判断や対応,D.発災からの経過に応じて被災者に提供される診療や支援を促進するための看護,専門分野の各科目で学んだ内容を統合し、臨床実践場面における状況設定問題として出題,3,Bさんに考えられる状態はどれか。,過換気症候群,虚血性心疾患,腰椎圧迫骨折,フレイルチェスト＜胸壁動揺＞,,D,,false,,false,notebooklm,2026-04-05T01:24:41.693Z
2022_nrs_22_pm119,nursing,2022,119,4.臨床実践場面における統合的な判断や対応,D.発災からの経過に応じて被災者に提供される診療や支援を促進するための看護,専門分野の各科目で学んだ内容を統合し、臨床実践場面における状況設定問題として出題,3,"発災6時間、Cさん（60歳、男性）は、職場のがれきの下から救助され、搬送されてきた。Cさんの意識は清明、バイタルサインは、、体温35.8℃、脈拍110/分、不整、血圧90/68mmHg、経皮的動脈血酸素飽和度＜SpO2＞95％（room air）である。がれきに挟まれていた両下肢は、皮膚の創傷、腫脹および皮下出血が認められた。両下肢の感覚は鈍く、麻痺がみられる。足背動脈は触知できる。尿の色は赤褐色である。血液検査の結果、尿素窒素20mg/dL、クレアチニンキナーゼ＜CK＞3万IU/L、血糖値110mg/dL、Na140mEq/L、K8.2mEq/Lであった。圧挫症候群＜クラッシュ症候群＞が疑われ、救出後から輸液療法が開始されている。,,
このときの看護師の対応で優先度が高いのはどれか。",除細動器の準備,既往歴の聴取,全身の保温,創傷の洗浄,,A,,false,,false,notebooklm,2026-04-05T01:24:41.693Z
2022_nrs_22_pm120,nursing,2022,120,4.臨床実践場面における統合的な判断や対応,E.A～Dを促進するための多職種連携,専門分野の各科目で学んだ内容を統合し、臨床実践場面における状況設定問題として出題,3,"Cさんは直ちに入院となり、緊急で血液透析が開始されることになった。集中治療室のベッドサイドで血液透析が開始され、Cさんのバイタルサインは安定した。下肢の腫脹、感覚障害は持続している。Cさんは「家族は無事なのか」「また地震がきて病院が停電になったら、透析の器械は止まらないのか」と不安な表情で担当看護師に訴えた。Cさんの家族は避難所にいると連絡があったことを伝えると、Cさんは少し落ち着いた表情となった。担当看護師は、次々と搬送される傷病者の受け入れ準備をするよう、リーダー看護師に声をかけられた。,,
この時点でのCさんへの対応で担当看護師が優先して連携するのはどれか。",管理栄養士,社会福祉士,理学療法士,臨床工学技士,,D,,false,,false,notebooklm,2026-04-05T01:24:41.693Z
2023_nrs_23_am001,nursing,2023,1,1. 健康の定義と理解,B.健康に関する指標,世帯数,3,令和元年（2019年）の国民生活基礎調査における平均世帯人数はどれか。,1.39人,2.39人,3.39人,4.39人,,B,,false,,false,notebooklm,2026-04-05T01:24:41.693Z
2023_nrs_23_am002,nursing,2023,2,1. 健康の定義と理解,B.健康に関する指標,出生と死亡の動向,3,令和3年（2021年）の人口動態統計における死亡場所で最も多いのはどれか。,自　宅,病　院,老人ホーム,介護医療院・介護老人保健施設,,B,,false,,false,notebooklm,2026-04-05T01:24:41.693Z
2023_nrs_23_am003,nursing,2023,3,2. 健康に影響する要因,B.生活環境,食品衛星,3,食品を扱う人の化膿した創が汚染源となる食中毒の原因菌はどれか。,腸炎ビブリオ,ボツリヌス菌,黄色ブドウ球菌,サルモネラ属菌,,C,,false,,false,notebooklm,2026-04-05T01:24:41.693Z
2023_nrs_23_am004,nursing,2023,4,3.看護で活用する社会保障,B.介護保険制度の基本,地域支援事業,3,介護保険法の地域支援事業で正しいのはどれか。,保険給付である。,都道府県の事業である。,介護保険施設で実施される。,配食サービスは生活支援サービスの1つである。,,D,,false,,false,notebooklm,2026-04-05T01:24:41.693Z
2023_nrs_23_am005,nursing,2023,5,4.看護における倫理,A.基本的人権の擁護,患者の権利,3,臨床研究の倫理指針で被験者の権利を優先することを提唱しているのはどれか。,オタワ憲章,リスボン宣言,ジュネーブ宣言,ヘルシンキ宣言,,D,,false,,false,notebooklm,2026-04-05T01:24:41.693Z
2023_nrs_23_am006,nursing,2023,6,2. 健康に影響する要因,A.生活行動・習慣,喫煙、嗜好品,3,令和元年（2019年）の国民健康・栄養調査で20歳以上の男性における喫煙習慣者の割合に最も近いのはどれか。,7％,17％,27％,37％,,C,,false,,false,notebooklm,2026-04-05T01:24:41.693Z
2023_nrs_23_am007,nursing,2023,7,7.人間のライフサイクル各期の特徴と生活,D.学童期,社会性の発達,3,学童期中学年から高学年にみられる、親から離れて仲の良い仲間同士で集団行動をとる特徴はどれか。,心理的離乳,自我の芽生え,ギャングエイジ,自我同一性＜アイデンティティ＞の確立,,C,,false,,false,notebooklm,2026-04-05T01:24:41.693Z
2023_nrs_23_am008,nursing,2023,8,7.人間のライフサイクル各期の特徴と生活,F.成人期,生殖機能の成熟と衰退,3,壮年期の男性で減少するのはどれか。,エストロゲン,プロラクチン,アルドステロン,テストステロン,,D,,false,,false,notebooklm,2026-04-05T01:24:41.693Z
2023_nrs_23_am009,nursing,2023,9,8.看護の対象としての患者と家族,B.家族形態の変化,家族の多様性,3,核家族はどれか。,兄弟姉妹のみ,夫婦と子ども夫婦,夫婦と未婚の子ども,夫婦とその親と夫婦の子ども,,C,,false,,false,notebooklm,2026-04-05T01:24:41.693Z
2023_nrs_23_am010,nursing,2023,10,9.主な看護活動の場と看護の機能,A.看護活動の場と機能・役割,病院、診療所,3,"医療法に規定されている診療所とは、患者を入院させるための施設を有しないもの又は（　）人以下の患者を入院させるための施設を有するものをいう。,,
（　）に入る数字はどれか。",17,18,19,20,,C,,false,,false,notebooklm,2026-04-05T01:24:41.693Z
2023_nrs_23_am011,nursing,2023,11,10.人体の構造と機能,A.人体の基本的な構造と正常な機能,運動系,3,肘関節を伸展させる筋肉はどれか。,三角筋,大胸筋,上腕三頭筋,上腕二頭筋,,C,,false,,false,notebooklm,2026-04-05T01:24:41.693Z
2023_nrs_23_am012,nursing,2023,12,10.人体の構造と機能,A.人体の基本的な構造と正常な機能,神経系,3,脳幹に含まれる部位はどれか。,延　髄,小　脳,下垂体,松果体,,A,,false,,false,notebooklm,2026-04-05T01:24:41.693Z
2023_nrs_23_am013,nursing,2023,13,10.人体の構造と機能,A.人体の基本的な構造と正常な機能,免疫系,3,免疫機能に関与する細胞はどれか。,血小板,白血球,網赤血球,成熟赤血球,,B,,false,,false,notebooklm,2026-04-05T01:24:41.693Z
2023_nrs_23_am014,nursing,2023,14,10.人体の構造と機能,B.人間の死,脳死,3,脳死の状態はどれか。,縮瞳がある。,脳波で徐波がみられる。,自発呼吸は停止している。,痛み刺激で逃避反応がある。,,C,,false,,false,notebooklm,2026-04-05T01:24:41.693Z
2023_nrs_23_am015,nursing,2023,15,11.徴候と疾患,B.主要な疾患による健康障害,感染症,3,経口感染するウイルス性肝炎はどれか。,A型肝炎,B型肝炎,C型肝炎,D型肝炎,,A,,false,,false,notebooklm,2026-04-05T01:24:41.693Z
2023_nrs_23_am016,nursing,2023,16,12.薬物の作用とその管理,A.主な薬物の効果と副作用（有害事象）,抗感染症薬,3,抗菌薬について正しいのはどれか。,ウイルスに有効である。,経口投与では効果がない。,耐性菌の出現が問題である。,正常の細菌叢には影響を与えない。,,C,,false,,false,notebooklm,2026-04-05T01:24:41.693Z
2023_nrs_23_am017,nursing,2023,17,12.薬物の作用とその管理,A.主な薬物の効果と副作用（有害事象）,消炎鎮痛薬,3,インドメタシン内服薬の禁忌はどれか。,痛　風,咽頭炎,消化性潰瘍,関節リウマチ,,C,,false,,false,notebooklm,2026-04-05T01:24:41.693Z
2023_nrs_23_am018,nursing,2023,18,13.看護における基本技術,C.フィジカルアセスメント,呼吸状態の観察,3,異常な呼吸音のうち低調性連続性副雑音はどれか。,笛のような音＜笛音＞,いびきのような音＜類鼾音＞,耳元で髪をねじるような音＜捻髪音＞,ストローで水中に空気を吹き込むような音＜水泡音＞,,B,,false,,false,notebooklm,2026-04-05T01:24:41.693Z
2023_nrs_23_am019,nursing,2023,19,11.徴候と疾患,A.主要な症状と徴候,運動麻痺,3,膝蓋腱反射の低下で疑われる病態はどれか。,脚　気,壊血病,くる病,夜盲症,,A,,false,,false,notebooklm,2026-04-05T01:24:41.693Z
2023_nrs_23_am020,nursing,2023,20,15.患者の安全・安楽を守る看護技術,A.療養環境,病室環境,3,医療法施行規則に定められている病院の一般病床における患者1人に必要な病室床面積はどれか。,3.4m<sup>2</sup>以上,4.4m<sup>2</sup>以上,5.4m<sup>2</sup>以上,6.4m<sup>2</sup>以上,,D,,false,,false,notebooklm,2026-04-05T01:24:41.693Z
2023_nrs_23_am021,nursing,2023,21,15.患者の安全・安楽を守る看護技術,C.感染対策対策,無菌操作,3,無菌操作が必要なのはどれか。,浣　腸,気管内吸引,口腔内吸引,経鼻胃管挿入,,B,,false,,false,notebooklm,2026-04-05T01:24:41.693Z
2023_nrs_23_am022,nursing,2023,22,16.診療に伴う看護技術,B.薬物療法,予約方法,3,成人への坐薬の挿入方法で正しいのはどれか。,息を止めるよう説明する。,右側臥位になるよう説明する。,挿入後1、2分肛門を押さえる。,肛門から2cmの位置に挿入する。,,C,,false,,false,notebooklm,2026-04-05T01:24:41.693Z
2023_nrs_23_am023,nursing,2023,23,16.診療に伴う看護技術,F.救命救急処置,トリアージ,3,"トリアージタッグを示す。,,
待機的治療群となるトリアージタッグはどれか。",①,②,③,④,,C,,false,,false,notebooklm,2026-04-05T01:24:41.693Z
2023_nrs_23_am024,nursing,2023,24,16.診療に伴う看護技術,F.救命救急処置,直流除細動器,3,直流除細動器の使用目的はどれか。,血圧の上昇,呼吸の促進,体温の上昇,洞調律の回復,,D,,false,,false,notebooklm,2026-04-05T01:24:41.693Z
2023_nrs_23_am025,nursing,2023,25,11.徴候と疾患,A.主要な症状と徴候,呼吸困難,3,代謝性アシドーシスによって起こる呼吸はどれか。,奇異呼吸,口すぼめ呼吸,Biot＜ビオー＞呼吸,Kussmaul＜クスマウル＞呼吸,Cheyne-Stokes＜チェーン-ストークス＞呼吸,D,,false,,false,notebooklm,2026-04-05T01:24:41.693Z
2023_nrs_23_am026,nursing,2023,26,3.神経系,A.神経細胞と神経組織,神経細胞<ニューロン>と情報伝達,3,神経線維には髄鞘のあるものとないものがあるが、活動電位に対する髄鞘の働きはどれか。,活動電位の発生頻度を増やす。,活動電位のピークを高くする。,活動電位の伝導速度を速くする。,活動電位が周囲の神経線維に伝わるのを防ぐ。,,C,,false,,false,notebooklm,2026-04-05T01:24:41.693Z
2023_nrs_23_am027,nursing,2023,27,5.感覚器系,E.味覚,味蕾の構造と機能,3,"舌の模式図を示す。,,
味蕾が少ない部位はどれか。",①,②,③,④,,B,,true,,false,notebooklm,2026-04-05T01:24:41.693Z
2023_nrs_23_am028,nursing,2023,28,1.社会・家族機能と生活基盤の変化,C. ライフスタイルの変化,女性の労働,3,労働力調査における平成22年（2010年）と令和3年（2021年）の男性と女性の労働力人口の比較で正しいのはどれか。,男性、女性とも減少している。,男性、女性とも増加している。,男性は減少し、女性は増加している。,男性は増加し、女性は減少している。,,C,,false,,false,notebooklm,2026-04-05T01:24:41.693Z
2023_nrs_23_am029,nursing,2023,29,5.社会福祉の基本,D.生活保護に関する制度,生活保護法,3,生活保護法に基づき生活保護の実務を行うのはどれか。,保健所,福祉事務所,精神保健福祉センター,地域包括支援センター,,B,,false,,false,notebooklm,2026-04-05T01:24:41.693Z
2023_nrs_23_am030,nursing,2023,30,7.公衆衛生における感染症と対策,A.感染症の基本,感染症の予防及び感染症の患者に対する医療に関する法律＜感染症法＞,3,感染症の予防及び感染症の患者に対する医療に関する法律＜感染症法＞において、診断した際に全数を届け出る疾患はどれか。,インフルエンザ,細菌性髄膜炎,水　痘,梅　毒,,D,,false,,false,notebooklm,2026-04-05T01:24:41.693Z
2023_nrs_23_am031,nursing,2023,31,9.保健活動の基盤と制度,B.母子保健,健やか親子21（第2次）,3,健やか親子21（第2次）の基盤課題A「切れ目ない妊産婦・乳幼児への保健対策」の目標はどれか。,児童虐待による死亡数の減少,十代の人工妊娠中絶率の減少,妊娠・出産について満足している者の割合の増加,マタニティマークを妊娠中に使用したことのある母親の割合の増加,,C,,false,,false,notebooklm,2026-04-05T01:24:41.693Z
2023_nrs_23_am032,nursing,2023,32,6.健康と公衆衛生,D.健康に関する指標に基づく公衆衛生,健康寿命,3,健康寿命の説明で適切なのはどれか。,生活習慣病の予防は健康寿命を伸ばす。,令和元年（2019年）の健康寿命は女性より男性の方が長い。,令和元年（2019年）の健康寿命は平成28年（2016年）よりも短い。,平均寿命と健康寿命の差は健康上の問題なく日常生活が過ごせる期間である。,,A,,false,,false,notebooklm,2026-04-05T01:24:41.693Z
2023_nrs_23_am033,nursing,2023,33,1.看護の基本となる概念,D.看護における倫理,患者の権利と擁護,3,"入院中のAさんの親族と名乗る者から「急用があるためAさんと話をさせてほしい」と病棟に電話があった。,,
看護師の対応で正しいのはどれか。",「用件を教えてください」,「このままおつなぎします」,「Aさんにかけ直してもらいます」,「Aさんという方が入院中かどうかはお答えできません」,,D,,false,,false,notebooklm,2026-04-05T01:24:41.693Z
2023_nrs_23_am034,nursing,2023,34,3.看護における基本技術,E.フィジカルアセスメント,系統別のフィジカルアセスメント,3,"成人の心音の聴取部位を図に示す。,,
心音の聴診における、僧帽弁領域はどれか。,,
ただし、聴取部位は●で示す。",①,②,③,④,,C,,true,,false,notebooklm,2026-04-05T01:24:41.693Z
2023_nrs_23_am035,nursing,2023,35,3.看護における基本技術,F.感染防止対策,手洗い、消毒、滅菌法、無菌操作,3,"滅菌手袋を図に示す。,,
右手から装着する場合に、左手の母指と示指でつかんで持ち上げる位置で適切なのはどれか。",①,②,③,④,,D,,true,,false,notebooklm,2026-04-05T01:24:41.693Z
2023_nrs_23_am036,nursing,2023,36,3.看護における基本技術,H.安楽の確保,安楽な姿勢・体位の保持,3,仰臥位の患者の良肢位で正しいのはどれか。,肩関節外転90度,肘関節屈曲90度,膝関節屈曲90度,足関節底屈90度,,B,,false,,false,notebooklm,2026-04-05T01:24:41.693Z
2023_nrs_23_am037,nursing,2023,37,4.日常生活援助技術,A.環境,療養環境の調整と整備,3,病室で読書をする際に適した照度はどれか。,100ルクス,300ルクス,500ルクス,"1,000ルクス",,B,,false,,false,notebooklm,2026-04-05T01:24:41.693Z
2023_nrs_23_am038,nursing,2023,38,4.日常生活援助技術,C.排泄,自然な排泄が困難な人への援助,3,成人男性への膀胱留置カテーテルの挿入で適切なのはどれか。,挿入時は腹圧をかけるように促す。,カテーテルを挿入する長さの目安は12～14cmである。,尿の流出の開始と同時に固定用バルーンを膨らませる。,陰茎を頭側に向け、カテーテルを下腹部に固定する。,,D,,false,,false,notebooklm,2026-04-05T01:24:41.693Z
2023_nrs_23_am039,nursing,2023,39,5.診療に伴う看護技術,A.呼吸、循環、体温調整,口腔内・鼻腔内・気管内吸引の適応と方法排痰法の適応と方法,3,排痰を促す目的で行うのはどれか。,タッチング,スクイージング,漸進的筋弛緩法,持続的気道陽圧＜CPAP＞療法,,B,,false,,false,notebooklm,2026-04-05T01:24:41.693Z
2023_nrs_23_am040,nursing,2023,40,5.診療に伴う看護技術,E.救命救急処置,止血法,3,鼻中隔前方からの出血への対応で正しいのはどれか。,仰臥位にする。,Bellocq＜ベロック＞タンポンを挿入する。,Kiesselbach＜キーゼルバッハ＞部位を圧迫する。,咽頭に流れてきた血液は飲み込むよう説明する。,,C,,false,,false,notebooklm,2026-04-05T01:24:41.693Z
2023_nrs_23_am041,nursing,2023,41,9.終末期にある患者および緩和ケアを必要とする患者と家族への看護,B.エンド・オブ・ライフ・ケア＜end-of-life care＞,症状アセスメントとマネジメント,3,成人のがん患者が痛みの程度を数値で回答するスケールはどれか。,フェイススケール,NRS,VAS,VRS,,B,,false,,false,notebooklm,2026-04-05T01:24:41.693Z
2023_nrs_23_am042,nursing,2023,42,5.周術期にある患者と家族の看護,C.術後の看護,ドレーン管理・処置,3,"肝切除術後3日の患者のドレーンから黄褐色の排液がみられた。,,
考えられる原因はどれか。",黄　疸,出　血,腹　水,胆汁漏,,D,,false,,false,notebooklm,2026-04-05T01:24:41.693Z
2023_nrs_23_am043,nursing,2023,43,16.身体防御機能の障害のある患者の看護,C.治療を受ける患者への看護,減感作療法,3,減感作療法を受ける患者への説明で適切なのはどれか。,「治療期間は1か月です」,「静脈内注射でアレルゲンを投与します」,「治療後はアレルゲンを気にせず生活できます」,「投与後30分はアナフィラキシー症状を観察します」,,D,,false,,false,notebooklm,2026-04-05T01:24:41.693Z
2023_nrs_23_am044,nursing,2023,44,13.皮膚機能,A.皮膚の疾患の病態と診断・治療,湿疹、皮膚炎（アト゜ー性皮膚炎、接触性皮膚炎、脂漏性皮膚炎、光線過敏症＜慢性光線性皮膚炎＞）,3,尋常性乾癬の患者への説明で正しいのはどれか。,患部に日光を当てない。,搔痒感があるときは患部を温める。,機械的刺激が加わらないよう患部を覆う。,落屑が多いときは蛋白質の摂取を減らす。,,C,,false,,false,notebooklm,2026-04-05T01:24:41.693Z
2023_nrs_23_am045,nursing,2023,45,18.感覚機能障害のある患者の看護,D.病期や機能障害に応じた看護,喉頭癌,3,喉頭摘出および気管孔造設術を受けた患者にみられるのはどれか。,難　聴,嗅覚低下,咀嚼困難,誤　嚥,,B,,false,,false,notebooklm,2026-04-05T01:24:41.693Z
2023_nrs_23_am046,nursing,2023,46,7.リハビリテーションの特徴と看護,C.障害に対する受容と適応への看護,補助具・自助具の活用,3,"自助具を図に示す。,,
関節リウマチによって肩関節に痛みがある患者の関節への負担を軽減する自助具で適切なのはどれか。",万能カフ,長柄ブラシ,コップホルダー,ボタンエイド,,B,,true,,false,notebooklm,2026-04-05T01:24:41.693Z
2023_nrs_23_am047,nursing,2023,47,20.排尿機能障害のある患者の看護,D.病期や機能障害に応じた看護,腎・尿路結石,3,"Aさん（47歳、男性、会社員）は、尿管結石による疝痛発作で入院した。入院翌日、自然に排石され、疼痛は消失したものの、結石が残存している。入院前は、ほぼ毎日、飲酒を伴う外食をしていた。,,
Aさんへの退院指導で適切なのはどれか。",「シュウ酸を多く含む食品を摂取しましょう」,「1日2L程度の水分を摂取しましょう」,「排石までは安静にしましょう」,「飲酒量に制限はありません」,,B,,false,,false,notebooklm,2026-04-05T01:24:41.693Z
2023_nrs_23_am048,nursing,2023,48,21.性・生殖・乳腺機能障害のある患者の看護,B.検査・処置を受ける患者への看護,マンモグラフィー,3,マンモグラフィを受ける成人女性への説明で適切なのはどれか。,「仰臥位で行います」,「検査前は絶食です」,「造影剤を使います」,「二方向から撮影します」,,D,,false,,false,notebooklm,2026-04-05T01:24:41.693Z
2023_nrs_23_am049,nursing,2023,49,2.高齢者の生活,B.その人らしい生活の継続,多様な生活の場とリロケーション,3,"Aさん（86歳、女性）は、生まれ育った地域で、近所に住む友人と交流しながら1人で暮らしていた。買い物へ行く途中に転倒し、腰椎圧迫骨折で入院治療を受けた。退院後は他県に住む長女夫婦と同居している。暮らし始めて間もなく、Aさんは「私はここで暮らして、新しい友人ができるかしら」と長女に訴えるようになり、徐々に口数が少なくなった。,,
このときのAさんの状況はどれか。",閉じこもり,廃用症候群,セルフ・ネグレクト,リロケーションダメージ,,D,,false,,false,notebooklm,2026-04-05T01:24:41.693Z
2023_nrs_23_am050,nursing,2023,50,3.高齢者の健康,B.老年期における身体機能の変化,運動器系,3,高齢者の歩行時につまずきが見られる場合、筋力低下が考えられる筋肉はどれか。,大殿筋,前脛骨筋,下腿三頭筋,大腿四頭筋,,B,,false,,false,notebooklm,2026-04-05T01:24:41.693Z
2023_nrs_23_am051,nursing,2023,51,4.老年看護の基本,C.高齢者の生活を支える制度と施策,高齢者の医療の確保に関する法律＜高齢者医療確保法＞に基づく制度,3,高齢者の医療の確保に関する法律の内容で正しいのはどれか。,医療の給付は市町村が行う。,高齢者は一律3割の医療費を自己負担する。,40歳以上の被保険者と被扶養者にがん検診を行う。,後期高齢者の医療給付の内容は国民健康保険と同じである。,,D,,false,,false,notebooklm,2026-04-05T01:24:41.693Z
2023_nrs_23_am052,nursing,2023,52,5.高齢者の生活を支える看護,A.高齢者のコミュニケーションの特徴と援助,高齢者のコミュニケーションの特徴,3,高齢者のコミュニケーション障害の要因と状態の組合せで正しいのはどれか。,歯牙の欠損 -- 言葉が出てこない。,耳垢の蓄積 -- 音が小さく聞こえる。,想起能力の低下 -- 相手の表情が読み取れない。,語音弁別能の低下 -- はっきり発音できない。,,B,,false,,false,notebooklm,2026-04-05T01:24:41.693Z
2023_nrs_23_am053,nursing,2023,53,6.さまざまな健康状態や受療状況に応じた高齢者の看護,E.終末期にある高齢者と家族への看護,高齢者のエンド・オブ・ライフ・ケア,3,"Aさん（92歳、女性）は重度の障害のため体を動かすことができないが、表情などで意思表示はできる。Aさんは食べることが好きで「最期まで口から食べたい」と言っていた。最近は誤嚥性肺炎で入退院を繰り返しており、現在は入院中で終末期である。同居している家族は積極的な治療をしないことを希望し、自宅でAさんを看取ることを決めた。,,
家族への退院時の指導で適切なのはどれか。",「24時間付き添ってあげましょう」,「オムツの重さで尿量を測定しましょう」,「Aさんの息が苦しそうになったら救急車を呼びましょう」,「Aさんが食べたいと望めば、口から食べさせてあげましょう」,,D,,false,,false,notebooklm,2026-04-05T01:24:41.693Z
2023_nrs_23_am054,nursing,2023,54,2.子どもの成長・発達,C.小児期における成長・発達の特徴,アタッチメント、分離不安,3,Bowlby＜ボウルビィ＞が提唱したアタッチメントの記述で正しいのはどれか。,人見知りは6、7か月の乳児に出現する。,安全基地は家の中での子どもの居場所のことである。,子どもと不特定の他者との間に築かれる情緒的な結びつきである。,愛着対象との分離で生じる子どもの行動の第一段階は「絶望の段階」である。,,A,,false,,false,notebooklm,2026-04-05T01:24:41.693Z
2023_nrs_23_am055,nursing,2023,55,6.循環機能,A.心臓の疾患の病態と診断・治療,先天性疾患（心房中核欠損症、心室中隔欠損症、動脈管開存症、Fallot<ファロー>四徴症）,3,"出生体重3,020gの正期産児。,,
新生児期に最もチアノーゼを生じやすい先天性心疾患はどれか。",動脈管開存症,心室中隔欠損症,心房中隔欠損症,Fallot＜ファロー＞四徴症,,D,,false,,false,notebooklm,2026-04-05T01:24:41.693Z
2023_nrs_23_am056,nursing,2023,56,4.病気や診療・入院が子どもと家族に与える影響と看護,B.プレパレーション,検査・処置を受ける子どもと家族への支援,3,子どもに医療処置を行う際、看護師が行うディストラクションはどれか。,処置後に子どものがんばりを認める。,人形を用いて子どもに処置を説明する。,子どもの対処行動のパターンを把握する。,子どもの注意を処置ではなく他のものに向ける。,,D,,false,,false,notebooklm,2026-04-05T01:24:41.693Z
2023_nrs_23_am057,nursing,2023,57,7.急性期にある子どもと家族への看護,B.救急救命処置が必要な子どもと家族への看護,子どもの一次救命処置＜BLS＞,3,乳児に対する一次救命処置＜BLS＞で正しいのはどれか。,脈拍の確認は橈骨動脈の触知で行う。,意識レベルは足底を叩きながら反応を確認する。,救助者が2名いる場合、胸骨圧迫と人工呼吸の回数の比率は30：2である。,胸骨圧迫の速さ（回数）は130～150回/分である。,,B,,false,,false,notebooklm,2026-04-05T01:24:41.693Z
2023_nrs_23_am058,nursing,2023,58,5.社会福祉の基本,F.児童に関する制度,児童虐待の防止等に関する法律＜児童虐待防止法＞,3,児童虐待の防止等に関する法律＜児童虐待防止法＞に基づいて行う通告で正しいのはどれか。,警察に通告する。,守秘義務の遵守が優先される。,通告にあたっては児童自身の意思を尊重することが規定されている。,児童が同居している家庭における配偶者に対する暴力は通告の対象となる。,,D,,false,,false,notebooklm,2026-04-05T01:24:41.693Z
2023_nrs_23_am059,nursing,2023,59,1.母性看護の対象を取り巻く環境や社会の変遷,C.働く妊産婦への支援に関する法や施策,労働基準法,3,法律で定められている育児時間に関する説明で正しいのはどれか。,育児休業、介護休業等育児又は家族介護を行う労働者の福祉に関する法律＜育児・介護休業法＞に規定されている。,請求できるのは子が1歳6か月に達するまでである。,父親と母親の両方が取得できる。,1日に2回請求できる。,,D,,false,,false,notebooklm,2026-04-05T01:24:41.693Z
2023_nrs_23_am060,nursing,2023,60,3.女性のライフサイクル各期における看護,B.思春期・成熟期女性の健康課題,人工妊娠中絶,3,日本の人工妊娠中絶で正しいのはどれか。,配偶者の同意が必須である。,妊娠10週以降は死産の届出が必要である。,実施が可能なのは妊娠22週未満の場合である。,実施率は母の年齢が20～24歳よりも20歳未満の方が高い。,,C,,false,,false,notebooklm,2026-04-05T01:24:41.693Z
2023_nrs_23_am061,nursing,2023,61,4.妊娠期の看護,A.正常な妊娠経過と妊娠期の異常,不育症、流産、早産,3,"自然流産を連続（　）回以上繰り返した状態を習慣流産という。,,
（　）に当てはまるのはどれか。",2,3,4,5,,B,,false,,false,notebooklm,2026-04-05T01:24:41.693Z
2023_nrs_23_am062,nursing,2023,62,7.早期新生児期の看護,A.早期新生児の生理的変化と異常,循環器系,3,正常新生児の卵円孔の機能的閉鎖に関する説明で正しいのはどれか。,動脈血酸素分圧＜PaO<sub>2</sub>＞の上昇によって閉鎖する。,肺血流の増加によって起こる。,出生から数週後に閉鎖する。,動脈管の閉鎖が要因となる。,,B,,false,,false,notebooklm,2026-04-05T01:24:41.693Z
2023_nrs_23_am063,nursing,2023,63,1.精神保健の基本,C.精神の健康に関する普及啓発,自殺対策,3,自殺対策基本法について正しいのはどれか。,自殺対策強化月間を設けることを定めている。,国の責務としてゲートキーパーの養成を定めている。,民間団体による地域自殺対策推進センターの設置を定めている。,事業主が職場のハラスメントの防止に必要な措置を講じることを義務付けている。,,A,,false,,false,notebooklm,2026-04-05T01:24:41.693Z
2023_nrs_23_am064,nursing,2023,64,3.精神看護の対象の理解と支援のための概念,A.援助関係の構築,共同意思決定、共同創造＜コプロダクション＞,3,患者とその家族や医療者が患者にとって望ましい治療を探り、お互いが納得する治療を選択できるようにしていくのはどれか。,心理教育,共同意思決定,ストレングス,アドヒアランス,,B,,false,,false,notebooklm,2026-04-05T01:24:41.693Z
2023_nrs_23_am065,nursing,2023,65,17.精神機能,A.精神・心身の疾患の病態と診断・治療,生理的障害・身体的要因に関連した行動症候群（摂食障害、非器質性睡眠障害）,3,"Aさん（30歳、男性）は、昼間の過剰な眠気を主訴に来院した。会社の会議ではいつも寝てしまい、居眠り運転で交通事故を起こしたこともある。笑ったときに脱力してしまうことや、入眠時に誰もいないのに人影が見えたり、睡眠と覚醒の移行期に体を動かせなくなることがある。,,
最も考えられる疾患はどれか。",ナルコレプシー,レム睡眠行動障害,睡眠時無呼吸症候群,レストレスレッグス症候群＜むずむず脚症候群＞,,A,,false,,false,notebooklm,2026-04-05T01:24:41.693Z
2023_nrs_23_am066,nursing,2023,66,6.精神保健医療福祉の変遷と法や施策,C.精神保健及び精神障害者福祉に関する法律＜精神保健福祉法＞の運用,入院形態,3,"Aさん（43歳、男性）は統合失調症で通院していたが、服薬中断によって幻覚妄想状態が続いていた。ある日、Aさんの父親に対する被害妄想が強くなり、父親へ殴りかかろうとしたところを母親に制止された。その後、Aさんは母親に促されて精神科病院を受診し「薬は飲みたくないけど、父親が嫌がらせをするので、すぐに入院して家から離れたい」と訴えた。母親も入院治療を強く希望している。,,
Aさんの入院形態はどれか。",応急入院,措置入院,任意入院,医療保護入院,,C,,false,,false,notebooklm,2026-04-05T01:24:41.693Z
2023_nrs_23_am067,nursing,2023,67,6.症状・疾患・治療に応じた地域・在宅看護,B.主な疾患等に応じた在宅看護,難病,3,"Aさん（55歳、男性）は筋萎縮性側索硬化症＜ALS＞で、経口摂取と胃瘻による経管栄養を併用し、在宅療養することになった。,,
Aさんと家族介護者への指導内容で適切なのはどれか。",水分は経口による摂取とする。,経口摂取中は頸部前屈位とする。,経管栄養剤以外の注入を禁止する。,注入時間に合わせて生活パターンを変更する。,,B,,false,,false,notebooklm,2026-04-05T01:24:41.693Z
2023_nrs_23_am068,nursing,2023,68,4.地域・在宅看護実践をめぐる制度の概要,A.訪問看護制度の理解,訪問看護の対象と提供方法,3,令和元年（2019年）の介護サービス施設・事業所調査において、介護保険制度による訪問看護の利用者の特徴で正しいのはどれか。,要介護5の利用者が最も多い。,傷病別では悪性新生物が最も多い。,医療保険制度による利用者よりも多い。,要支援1、2の利用者は全体の利用者の4割を占める。,,C,,false,,false,notebooklm,2026-04-05T01:24:41.693Z
2023_nrs_23_am069,nursing,2023,69,7.在宅療養生活を支える看護,A. 在宅療養者の生活機能のアセスメント,手段的日常生活動作＜IADL＞,3,"Aさん（82歳、女性、要介護1）は1人で暮らしている。認知症と診断され、週1回の訪問看護を利用することになった。訪問看護師は、Aさんが調理できなくなったので、配食サービスを導入したと介護支援専門員から情報を得た。初回訪問時に、Aさんは季節外れの服を着ており、今日の日付を答えられなかった。トイレで排泄できている。,,
訪問看護師が収集した情報のうち、手段的日常生活動作＜IADL＞はどれか。",調理ができない。,季節外れの服を着ている。,トイレで排泄できている。,今日の日付を答えられない。,,A,,false,,false,notebooklm,2026-04-05T01:24:41.693Z
2023_nrs_23_am070,nursing,2023,70,1.地域・在宅看護の対象,B.在宅療養者のいる家族の理解と健康課題,キーパーソン,3,"Aさん（90歳、男性）は要介護3となり、長男（60歳）と同居することになった。長男は「親を介護することがこんなに大変だとは思わなかった。親が衰えてつらいと感じるのは自分だけだろうか」と訪問看護師に話した。,,
訪問看護師の対応で最も適切なのはどれか。",高齢者の介護方法について説明する。,訪問看護の時間中に長男に外出を促す。,Aさんの短期入所サービスの利用を勧める。,親の介護をしている介護者の了解を得て長男に紹介する。,,D,,false,,false,notebooklm,2026-04-05T01:24:41.693Z
2023_nrs_23_am071,nursing,2023,71,11.人々の健康を支える職種やサービス提供体制に関する法や施策,A.看護職に関する法,看護師等の人材確保の促進に関する法律,3,看護師等の人材確保の促進に関する法律で規定されているのはどれか。,人員配置基準に基づき看護師を配置する。,看護師等の資質の向上のための研修等を行う。,新入職員を雇い入れるときに健康診断を行う。,年5回の年次有給休暇を取得させることが義務付けられている。,,B,,false,,false,notebooklm,2026-04-05T01:24:41.693Z
2023_nrs_23_am072,nursing,2023,72,2.災害と看護,B.災害各期の特徴と看護,災害時の被災者・支援者の身体反応と心理過程,3,"A君（4歳、男児）は地震による災害のため体育館に両親と避難し、2週後に仮設住宅に移動した。その後1か月経過したころから、A君はわざと机や椅子をガタガタ揺らしながら「地震だ、逃げろ」などと騒いで遊んでいた。母親は仮設住宅に巡回に来ていた看護師に「Aの遊びにどのように対応したらよいでしょうか」と相談した。,,
看護師の母親への説明で適切なのはどれか。",「すぐに児童精神科の医師の診察を受けましょう」,「危険な遊びにエスカレートしないよう、やめさせましょう」,「避難できたから安心だね、と声をかけながら見守りましょう」,「A君に家の手伝いをしてもらい何か役割を担ってもらいましょう」,,C,,false,,false,notebooklm,2026-04-05T01:24:41.693Z
2023_nrs_23_am073,nursing,2023,73,2.災害と看護,B.災害各期の特徴と看護,災害時に生じやすい健康被害の特徴,3,発災直後、自家用車に泊まり生活を始めた避難者に発生しやすいのはどれか。,生活不活発病,静脈血栓塞栓症,圧挫症候群＜クラッシュ症候群＞,心的外傷後ストレス障害＜PTSD＞,,B,,false,,false,notebooklm,2026-04-05T01:24:41.693Z
2023_nrs_23_am074,nursing,2023,74,3.国際化と看護,B.グローバルな社会における看護,多様な文化を考慮した看護,3,"Aちゃん（3歳）は、両親（外国籍）と3人で暮らしている。来日して1か月が経った。2日前に急性胃腸炎で個室に入院した。症状が改善し、経口での食事を再開することになった。看護師が訪室すると、香辛料の香りが部屋に充満しており、唐辛子の入った肉などのたくさんの料理が並べられていた。母親は看護師に気付くと「Aは日本食には慣れておらず、食べられないので家で作ってきました」と話した。,,
このときの母親への看護師の対応で適切なのはどれか。",普段のAちゃんの食事の内容を尋ねる。,栄養指導を受けるまで食事の持ち込みはできないと説明する。,たくさん食べさせてAちゃんの体力を回復させるよう伝える。,病院食を完食するまで、持ち込み食は食べさせないよう伝える。,,A,,false,,false,notebooklm,2026-04-05T01:24:41.693Z
2023_nrs_23_am075,nursing,2023,75,3.神経系,C.末梢神経系の構造と機能,脳神経,3,声帯の運動や緊張度を調節する神経を分枝するのはどれか。,三叉神経,顔面神経,舌咽神経,迷走神経,舌下神経,D,,false,,false,notebooklm,2026-04-05T01:24:41.693Z
2023_nrs_23_am076,nursing,2023,76,16.生殖器系,A.女性の生殖器系の構造と機能,乳房,3,乳房について正しいのはどれか。,月経前に乳房が張りやすいのはエストロゲンの影響である。,乳腺周囲の平滑筋はオキシトシンによって弛緩する。,乳腺はアポクリン汗腺が変化したものである。,乳房は褐色脂肪組織である。,乳管は乳汁を産生する。,C,,false,,false,notebooklm,2026-04-05T01:24:41.693Z
2023_nrs_23_am077,nursing,2023,77,3.神経系,B.中枢神経系の構造と機能,小脳,3,小脳の機能はどれか。,睡眠と覚醒,姿勢反射の中枢,振動感覚の中継,随意運動の制御,下行性の疼痛抑制,D,,false,,false,notebooklm,2026-04-05T01:24:41.693Z
2023_nrs_23_am078,nursing,2023,78,17.成長,A.成長による変化,成長による組織・臓器の形態的変化,3,出生後の成長で、最も早く成人の大きさに達するのはどれか。,脳,肺,肝　臓,心　臓,脊　柱,A,,false,,false,notebooklm,2026-04-05T01:24:41.693Z
2023_nrs_23_am079,nursing,2023,79,6.循環機能,B.血管系の疾患の病態と診断・治療,大動脈瘤、大動脈解離,3,"大動脈解離で真腔と偽腔（解離腔）が形成される。,,
偽腔が形成される大動脈壁の部位はどれか。",外　膜,外膜と中膜の間,中　膜,中膜と内膜の間,内　膜,C,,false,,false,notebooklm,2026-04-05T01:24:41.693Z
2023_nrs_23_am080,nursing,2023,80,8.内部環境調節機能,A.内分泌系の疾患の病態と診断・治療,甲状腺疾患（甲状腺機能充進症、甲状腺機能低下症、甲状腺炎）,3,甲状腺クリーゼについて正しいのはどれか。,低体温となる。,致死率は2％以下である。,誘因として感染症が多い。,初期症状として徐脈を認める。,甲状腺ホルモンの欠乏症である。,C,,false,,false,notebooklm,2026-04-05T01:24:41.693Z
2023_nrs_23_am081,nursing,2023,81,12.神経機能,A.中枢神経系の疾患の病態と診断・治療,機能性疾患（てんかん）腫瘍（脳腫瘍）,3,転移性脳腫瘍の原発巣で最も多いのはどれか。,胃　癌,乳　癌,肺　癌,大腸癌,子宮頸癌,C,,false,,false,notebooklm,2026-04-05T01:24:41.693Z
2023_nrs_23_am082,nursing,2023,82,4.社会保険制度の基本,E.その他の関係法規,労働者災害補償保険法,3,労働者災害補償保険法に規定されている保険者はどれか。,国,事業主,市町村,都道府県,健康保険組合,A,,false,,false,notebooklm,2026-04-05T01:24:41.693Z
2023_nrs_23_am083,nursing,2023,83,5.呼吸機能,A.呼吸器系の疾患の病態と診断・治療,肺結核,3,肺結核について正しいのはどれか。2つ選べ。,結核の10％程度である。,感染経路は接触感染である。,肺アスペルギルス症と同じ原因菌である。,二次性の発症は過去の感染の再活性化による。,"DOTS＜Directly Observed Treatment, Short-course＞が推奨される。",D,E,,false,,true,notebooklm,2026-04-05T01:24:41.693Z
2023_nrs_23_am084,nursing,2023,84,6.循環機能,D.ショックの病態と診断・治療,血流分布異常性ショック,3,敗血症性ショックについて正しいのはどれか。2つ選べ。,血圧は上昇する。,血中の乳酸濃度は低下する。,エンドトキシンが原因である。,最重症の臨床像は多臓器不全である。,コールドショックからウォームショックに移行する。,C,D,,false,,true,notebooklm,2026-04-05T01:24:41.693Z
2023_nrs_23_am085,nursing,2023,85,12.神経機能,A.中枢神経系の疾患の病態と診断・治療,機能性疾患（てんかん）腫瘍（脳腫瘍）,3,てんかんについて正しいのはどれか。2つ選べ。,けいれんと同義である。,症候性てんかんは脳内病変を伴う。,単純部分発作では意識障害を認める。,特発性の全般てんかんは高齢者に多い。,脳の神経細胞の発作性電気的興奮によって起こる。,B,E,,false,,true,notebooklm,2026-04-05T01:24:41.693Z
2023_nrs_23_am086,nursing,2023,86,4.疾病にたいする医療,A.診断の基本と方法,画像検査,3,エックス線を用いて行う検査はどれか。2つ選べ。,脳波検査,筋電図検査,頭部CT検査,サーモグラフィ,上部消化管造影検査,C,E,,false,,true,notebooklm,2026-04-05T01:24:41.693Z
2023_nrs_23_am087,nursing,2023,87,5.周術期にある患者と家族の看護,D.術後合併症と予防,呼吸器合併症,3,全身麻酔下で胃全摘出術を受ける患者に対する無気肺の予防法はどれか。2つ選べ。,腹帯の装着,抗菌薬の使用,ハフィング法,弾性ストッキングの装着,インセンティブ・スパイロメトリーの使用,C,E,,false,,true,notebooklm,2026-04-05T01:24:41.693Z
2023_nrs_23_am088,nursing,2023,88,13.栄養代謝機能障害のある患者の看護,D.病期や機能障害に応じた看護,肝硬変,3,肝硬変による肝性脳症で生じるのはどれか。2つ選べ。,浮　腫,異常行動,くも状血管腫,羽ばたき振戦,メドゥーサの頭,B,D,,false,,true,notebooklm,2026-04-05T01:24:41.693Z
2023_nrs_23_am089,nursing,2023,89,3.高齢者の健康,A.高齢者の健康と疾病,高齢者の疾病の特徴,3,高齢者の健康障害の特徴はどれか。2つ選べ。,原因を特定しやすい。,症候が定型的である。,若年者と比較して個人差は少ない。,薬物による有害事象が出現しやすい。,原疾患とは関連のない老年症候群が発生しやすい。,D,E,,false,,true,notebooklm,2026-04-05T01:24:41.693Z
2023_nrs_23_am090,nursing,2023,90,1.看護におけるマネジメント,E.医療安全を維持する仕組みと対策,医療事故・インシデントレポートの分析と活用,3,"薬剤投与に関する重大な医療事故が発生した。,,
このときの看護師の対応で適切なのはどれか。2つ選べ。",患者の状況を確認して安全を確保する。,事故発生状況の詳細を看護記録に残す。,薬剤投与に使用した物品は直ちに処分する。,患者の容態が落ち着いてから上司に報告する。,患者および家族に事故状況を説明するのは、原因が判明した後にする。,A,B,,false,,true,notebooklm,2026-04-05T01:24:41.693Z
2023_nrs_23_am091,nursing,2023,91,5.周術期にある患者と家族の看護,D.術後合併症と予防,深部静脈血栓症、肺血栓塞栓症,3,Aさんの術後に最も注意すべき所見はどれか。,Courvoisier＜クールボアジェ＞徴候,Blumberg＜ブルンベルグ＞徴候,Homans＜ホーマンズ＞徴候,Romberg＜ロンベルグ＞徴候,,C,,false,,false,notebooklm,2026-04-05T01:24:41.693Z
2023_nrs_23_am092,nursing,2023,92,5.周術期にある患者と家族の看護,D.術後合併症と予防,感染症,3,"術後1日、Aさんは39.1℃の発熱がみられた。,,
バイタルサイン：呼吸数　18/分、脈拍　117/分、整、血圧　132/82mmHg、経皮的動脈血酸素飽和度＜SpO2＞97％（room air）。,,
身体所見：呼吸音は異常なし、腰背部痛なし、術創部の腫脹、発赤、熱感はない。左手の末梢血管内カテーテル刺入部に発赤、熱感がある。,,
血液検査所見：赤血球　344万/μL、Hb　12.1g/dL、白血球　11,900/μL、血小板　18万/μL。,,
血液生化学所見：尿素窒素　16mg/dL、クレアチニン　0.8mg/dL、CRP　11.4mg/dL。,,
尿所見：沈査に白血球を認めない。,,
胸部エックス線写真：異常所見なし。,,
Aさんの発熱の原因で考えられるのはどれか。2つ選べ。",肺　炎,腎盂腎炎,術創部感染,術後の吸収熱,カテーテル関連血流感染症,D,E,,false,,true,notebooklm,2026-04-05T01:24:41.693Z
2023_nrs_23_am093,nursing,2023,93,21.性・生殖・乳腺機能障害のある患者の看護,C.治療を受ける患者への看護,乳癌手術,3,"術後3日、Aさんの全身状態は改善し、読書をして過ごしている。,,
Aさんの術後の合併症を予防する適切な肢位はどれか。",外　旋,外　転,内　旋,内　転,,B,,false,,false,notebooklm,2026-04-05T01:24:41.693Z
2023_nrs_23_am094,nursing,2023,94,10.呼吸機能障害のある患者の看護,D.病期や機能障害に応じた看護,慢性閉塞性肺疾患＜COPD＞、肺気腫,3,Aさんの呼吸機能に関する数値で増加を示すのはどれか。,1秒率,残気量,1回換気量,動脈血酸素分圧＜PaO<sub>2</sub>＞（room air）,,B,,false,,false,notebooklm,2026-04-05T01:24:41.693Z
2023_nrs_23_am095,nursing,2023,95,10.呼吸機能障害のある患者の看護,D.病期や機能障害に応じた看護,慢性閉塞性肺疾患＜COPD＞、肺気腫,3,"Aさんは発熱、咳嗽、粘稠痰、呼吸困難を認めたため受診し、肺炎を伴う慢性閉塞性肺疾患＜COPD＞の急性増悪と診断されて入院した。入院後、薬物療法によって病状は改善し退院が決定した。看護師がAさんに退院後の生活について尋ねると、今回の入院をきっかけにAさんは退職し、家事に専念すると答えた。,,
Aさんの呼吸機能に対する負荷が最も小さい動作はどれか。",食べる直前に調理する。,部屋全体に掃除機をかける。,頭より高い位置に洗濯物を干す。,買い物した荷物をカートで運ぶ。,,D,,false,,false,notebooklm,2026-04-05T01:24:41.693Z
2023_nrs_23_am096,nursing,2023,96,10.呼吸機能障害のある患者の看護,C.治療を受ける患者の看護,酸素療法,3,"5年後、Aさんは急性増悪による入退院を繰り返していた。今回の入院では呼吸機能の低下がみられたため、退院後に在宅酸素療法＜HOT＞を導入することになった。Aさんは「家での生活で気をつけることは何ですか」と看護師に質問した。,,
Aさんへの指導内容で適切なのはどれか。",「寒いときは電気毛布を使ってください」,「入浴時は酸素チューブを外してください」,「ガス調理器を電磁調理器に変更してください」,「呼吸が苦しいときは楽になるまで酸素流量を上げてください」,,C,,false,,false,notebooklm,2026-04-05T01:24:41.693Z
2023_nrs_23_am097,nursing,2023,97,7.高齢者に特有な症候・疾患・障害と看護,E.認知機能が低下した高齢者の看護,認知症の症状,3,Aさんに出現している認知機能障害はどれか。,脱抑制,近時記憶障害,実行機能障害,物盗られ妄想,,B,,false,,false,notebooklm,2026-04-05T01:24:41.693Z
2023_nrs_23_am098,nursing,2023,98,4.老年看護の基本,C.高齢者の生活を支える制度と施策,日常生活自立支援事業,3,"診断から2か月後、かかりつけの病院の看護師にAさんは「50年以上住んでいるこの土地で、できるだけ他人の迷惑にならず生活を続けたいと思って貯金もしてきました。私は軽い認知症だと言われたのですが、これからも自分でお金の管理ができるか心配です。どうしたらよいのでしょうか。私が使えるサービスがあれば知りたいです」と話した。,,
Aさんが利用できるのはどれか。",生活保護制度,地域生活支援事業,後期高齢者医療制度,日常生活自立支援事業,,D,,false,,false,notebooklm,2026-04-05T01:24:41.693Z
2023_nrs_23_am099,nursing,2023,99,6.さまざまな健康状態や受療状況に応じた高齢者の看護,H.薬物治療を受ける高齢者の看護,身体機能・認知機能に応じた服薬管理支援,3,"診断から半年後、Aさんは、かかりつけの病院の看護師に「書道教室や体操教室は、部屋のカレンダーに書いて参加しています。ただ、最近、病院に行くときに薬が残っています。大切な薬だと先生から言われていますし、忘れずに飲みたいのですが、どうしたらよいでしょうか」と相談した。,,
看護師のAさんへの対応で最も適切なのはどれか。",「お薬手帳を毎朝見るようにしましょう」,「薬のことは主治医に相談してください」,「薬を飲んだらカレンダーに丸を付けてみませんか」,「この病気の方は、薬を飲み忘れることがあります」,,C,,false,,false,notebooklm,2026-04-05T01:24:41.693Z
2023_nrs_23_am100,nursing,2023,100,7.高齢者に特有な症候・疾患・障害と看護,D.高齢者に特有な疾患・障害の予防と看護,変形性関節症,3,Aさんの症状の悪化を予防するための説明で適切なのはどれか。,運動はしない。,減塩食をとる。,体重を減らす。,家事は夫に任せる。,,C,,false,,false,notebooklm,2026-04-05T01:24:41.693Z
2023_nrs_23_am101,nursing,2023,101,5.高齢者の生活を支える看護,G.高齢者における性＜セクシュアリティ＞,高齢者にとっての性＜セクシュアリティ＞の理解と対応,3,"外来で、診察終了後にAさんから「少し話がある」と言われた女性のB看護師は、空いている診察室で面談した。Aさんから「男性の医師には聞けなかったのですが、性交はやめておいた方がよいでしょうか。股関節の痛みが強くなることはないのですが、夫も心配していました」と相談があった。,,
このときのB看護師のAさんへの対応で適切なのはどれか。",「同年代の変形性関節症の方に聞いてみてはいかがですか」,「股関節に負担がない体位について説明します」,「性交時は潤滑剤を使いましょう」,「性交は避けた方がよいでしょう」,,B,,false,,false,notebooklm,2026-04-05T01:24:41.693Z
2023_nrs_23_am102,nursing,2023,102,5.高齢者の生活を支える看護,B.高齢者の安全な活動への援助,身体機能・認知機能に応じた安全な活動の維持・拡大の支援,3,"B看護師は、Aさんが処置室前の待合室でT字杖を持ち、椅子から立ち上がろうとしているのを見かけた。B看護師が声をかけると、Aさんは「夫が会計をしていますが、急にトイレに行きたくなって」と慌てていた。夫はAさんから2mほど離れた所で会計をしているため、Aさんの様子に気がついていない。待合室は患者や家族で混雑しており、外来にある車椅子は別の患者が使用中だった。,,
AさんへのB看護師の声かけで適切なのはどれか。",「車椅子を探してきます」,「ご主人をお呼びしましょう」,「トイレまで一緒に行きましょう」,「転ばないように気を付けて行ってくださいね」,,C,,false,,false,notebooklm,2026-04-05T01:24:41.693Z
2023_nrs_23_am103,nursing,2023,103,2.子どもの成長・発達,C.小児期における成長・発達の特徴,消化器系,3,出生直後のAちゃんにみられるのはどれか。,腹部エックス線写真の鏡面像,口腔内の泡沫状唾液の流出,胆汁性の嘔吐,噴水状の嘔吐,,B,,false,,false,notebooklm,2026-04-05T01:24:41.693Z
2023_nrs_23_am104,nursing,2023,104,7.急性期にある子どもと家族への看護,C.周手術期における子どもと家族への看護,手術後の身体状態のアセスメントと援助,3,"Aちゃんは、出生当日に胃瘻造設、気管食道瘻切断と食道端々吻合術を受け、無事に終了した。術後2日、人工呼吸器管理下で胸腔ドレーンが挿入されている。,,
このときの看護で適切なのはどれか。",頸部を伸展させた体位を保持する。,摂食嚥下機能の獲得のため支援を開始する。,親がAちゃんを自由に抱っこするのを見守る。,唾液の吸引時には吸引チューブの挿入を吻合部の手前までにする。,,D,,false,,false,notebooklm,2026-04-05T01:24:41.693Z
2023_nrs_23_am105,nursing,2023,105,8.慢性的な疾患・障害がある子どもと家族への看護,C.医療的ケアを必要とする子どもと家族への看護,学校・保育所での支援,3,"Aちゃんは3歳6か月になった。現在は胃瘻を閉鎖し経口摂取をしているが、吻合部の狭窄による嚥下困難が生じ、これまでに食道バルーン拡張術を2回行った。現在も症状が残っていて、固形物の通過障害が軽度ある。身長92.5cm（25パーセンタイル）、体重11.5kg（3パーセンタイル）で、半年後に保育所へ入園する。両親が「Aはあまり体重が増えません。保育所ではみんなより食事に時間がかかるのではないかと心配です」と外来看護師に話したため、今後の対応について両親、看護師および医師で話し合った。,,
Aちゃんの摂食に関する対応で適切なのはどれか。",再度、胃瘻を造設する。,食事を保育士に介助してもらう。,昼前に保育所から帰宅し、家で昼食を摂る。,同じクラスの子ども達と同量を食べられるよう訓練する。,Aちゃんに適した食事形態の提供が可能か保育所に確認する。,E,,false,,false,notebooklm,2026-04-05T01:24:41.693Z
2023_nrs_23_am106,nursing,2023,106,4.妊娠期の看護,A.正常な妊娠経過と妊娠期の異常,妊娠週数,3,"Naegele＜ネーゲレ＞概算法を用いてAさんの分娩予定日を求めよ。,,
,,
システムの都合上選択肢を表示できません。各自で0～9の数字を組合せて回答してください。,,
,,
解答：2023年①②月③④日",&#160;,&#160;,&#160;,&#160;,,A,B,C,D,,false,,false,notebooklm,2026-04-05T01:24:41.693Z
2023_nrs_23_am107,nursing,2023,107,4.妊娠期の看護,B.妊婦の健康生活とアセスメント,嗜好品（喫煙、アルコール、カフェイン）,3,"診察後、Aさんから看護師に妊娠中の生活や体重の管理について質問があった。Aさんは「缶ビール2本を週に1回、コーヒーを1日に6杯以上飲んでいます。友人に勧められて半年前から1日240μgの葉酸のサプリメントを飲んでいます」と話す。Aさんは身長160cm、非妊時体重62kgである。,,
看護師のAさんへの説明で適切なのはどれか。",「飲酒は中止しましょう」,「妊娠中の体重増加は7kg未満にしましょう」,「コーヒーは今までどおりに飲んでも大丈夫です」,「葉酸は妊娠前と同じ量を摂るようにしましょう」,,A,,false,,false,notebooklm,2026-04-05T01:24:41.693Z
2023_nrs_23_am108,nursing,2023,108,4.妊娠期の看護,B.妊婦の健康生活とアセスメント,妊娠による不快症状（マイナートラブル）,3,"妊娠30週2日。Aさんは妊婦健康診査を受け、妊娠経過に異常はなく児の発育も順調と診断された。診察後、Aさんから看護師に「最近、腰が痛くなることがあります。腰痛への対処法はありますか」と質問があった。,,
看護師のAさんへの説明内容で適切なのはどれか。",安静にする。,椅子に浅く座る。,Sims＜シムス＞位で休む。,柔らかいマットレスや布団で寝る。,,C,,false,,false,notebooklm,2026-04-05T01:24:41.693Z
2023_nrs_23_am109,nursing,2023,109,7.早期新生児期の看護,C.早期新生児とその家族への看護,保温,3,看護師の行為で対流による児の熱喪失を予防したのはどれか。,羊水を拭き取った。,インファントラジアントウォーマーの下で観察を行った。,温めておいた衣服を着せた。,コットを空調の風が当たらない場所に配置した。,,D,,false,,false,notebooklm,2026-04-05T01:24:41.693Z
2023_nrs_23_am110,nursing,2023,110,6.産褥期の看護,C.褥婦と家族への看護,母乳育児への支援,3,"産褥3日。Aさんは児の啼泣に合わせて横抱きで母乳を与えている。Aさんの乳房の型はⅢ型、熱感が出てきている。乳管は左右とも4本開通している。「抱き方は色々あると聞きました。今の方法以外の授乳の仕方はありますか」と相談を受けた。,,
授乳の仕方を図に示す。,,
Aさんに適した授乳の仕方はどれか。",添え乳,たて抱き,フットボール抱き,交差横抱き,,C,,true,,false,notebooklm,2026-04-05T01:24:41.693Z
2023_nrs_23_am111,nursing,2023,111,7.早期新生児期の看護,B.早期新生児期のアセスメント,哺乳状態,3,"日齢4。体重2,760g。児のバイタルサインは正常である。経皮ビリルビン10mg/dL。前日の排尿は1日4回、排便1日1回。母乳のみを哺乳している。1回の授乳に30分以上かかり、授乳後も児は啼泣している。児は音に反応して抱きつくような動きをする。,,
新生児のアセスメントで適切なのはどれか。",異常な反射を認める。,母乳不足が疑われる。,黄疸が生理的範囲を超えている。,体重減少が生理的範囲を超えている。,,B,,false,,false,notebooklm,2026-04-05T01:24:41.693Z
2023_nrs_23_am112,nursing,2023,112,2.主な精神疾患・障害の特徴と看護,I.知的障害＜精神遅滞＞,臨床検査および心理検査と看護薬物療法と看護,3,Aさんに認められるのはどれか。,被害妄想,予期不安,ボディイメージの障害,コミュニケーションの障害,,D,,false,,false,notebooklm,2026-04-05T01:24:41.693Z
2023_nrs_23_am113,nursing,2023,113,4.精神疾患・障害がある者とその家族への看護,H.社会資源の活用とケアマネジメント,就労移行支援,3,"クリニックに通院し半年が経過した。現在、Aさんは無職である。Aさんは仕事が長続きしないことで将来への不安が強く、自身の適性にあった職場を探したいと希望している。外来看護師は主治医とも相談し、Aさんに就労移行支援のサービスについて伝えることにした。,,
Aさんへの説明で適切なのはどれか。",「仕事が見つかるまで期限なく通所できます」,「同じ障害を持つ仲間との共同生活が原則です」,「一般就労に向けて知識や能力の向上を目指します」,「生活リズムを整え、集団に慣れていくことが目的です」,,C,,false,,false,notebooklm,2026-04-05T01:24:41.693Z
2023_nrs_23_am114,nursing,2023,114,3.精神看護の対象の理解と支援のための概念,A.援助関係の構築,信頼関係の基礎づくり,3,"就労移行支援を利用し、Aさんは仕事を始めたが、苦手な仕事内容が多く、失敗が続いているため同僚から注意を受け続けている。外来看護師は、Aさんから「毎日が憂うつでつらい。ストレスが溜まるのでどうしたらよいか」と相談を受けた。,,
Aさんへの対応で適切なのはどれか。",仕事に慣れるまで待つように説明する。,憂うつな気分について詳しく話してもらう。,職場の同僚とうまく付き合う方法を考えてもらう。,外来看護師が行っているストレス発散方法を指導する。,,B,,false,,false,notebooklm,2026-04-05T01:24:41.693Z
2023_nrs_23_am115,nursing,2023,115,5.療養の場に応じた地域・在宅看護,A.病期に応じた在宅療養者への看護,終末期にある在宅療養者と家族の看護,3,長女への助言で適切なのはどれか。,緩和ケア病棟への入院,在宅療養支援診療所の利用,医師の診察を月1回に減らすこと,通所リハビリテーションを利用すること,,B,,false,,false,notebooklm,2026-04-05T01:24:41.693Z
2023_nrs_23_am116,nursing,2023,116,6.症状・疾患・治療に応じた地域・在宅看護,B.主な疾患等に応じた在宅看護,呼吸器疾患,3,"3か月後、Aさんは呼吸状態の悪化のため在宅酸素療法＜HOT＞（3L/分、24時間）を受けることになった。要介護3に変更され訪問看護を週に3回利用することになった。毎日午前は訪問介護、午後は長女が介護休業制度の短時間勤務等の措置を利用して介護することになった。訪問介護員から「Aさんの食事を作り、食べた後の片付けをしているのですが、Aさんが食事の後に少し息が苦しいと言うことがあります。どうすればよいでしょうか」と訪問看護師に相談があった。,,
訪問介護員への助言で適切なのはどれか。",「食事を介助しましょう」,「食事の後に短速呼吸を促しましょう」,「食事以外の時間は安静に過ごしてもらいましょう」,「Aさんの1回分の食事量を減らし回数を増やしましょう」,,D,,false,,false,notebooklm,2026-04-05T01:24:41.693Z
2023_nrs_23_am117,nursing,2023,117,5.療養の場に応じた地域・在宅看護,A.病期に応じた在宅療養者への看護,終末期にある在宅療養者と家族の看護,3,"6か月後、Aさんは長女に見守られ自宅で最期を迎えた。2週後、長女から「私なりに頑張りましたが、十分に介護してあげられなかった。もっとできることがあったのではと考えてしまいます」と訪問看護師に連絡があった。,,
訪問看護師の長女への対応で適切なのはどれか。",「もう少し仕事を休んで傍にいられたらよかったですね」,「何をすればよかったのか一緒に考えましょう」,「最期までよく介護していたと思いますよ」,「仕事に集中してみましょう」,,C,,false,,false,notebooklm,2026-04-05T01:24:41.693Z
2023_nrs_23_am118,nursing,2023,118,2.災害と看護,B.災害各期の特徴と看護,災害時に生じやすい健康被害の特徴,3,Aさんの状態で考えられるのはどれか。,敗血症,骨盤骨折,硬膜下血腫,腰部脊柱管狭窄症,,B,,false,,false,notebooklm,2026-04-05T01:24:41.693Z
2023_nrs_23_am119,nursing,2023,119,4.臨床実践場面における統合的な判断や対応,B.複合的な状況にある対象や、複合的に提供されている看護の状況を判断し、危険を回避する取組み,,3,"午前11時、Aさんの母親Bさん（80歳）は、余震が続くため避難する途中で転倒し、歩行が困難となった。Bさんは、孫のCさん（14歳、女子）に付き添われて救急車で病院に搬送された。Bさんは、意識は清明で、腰痛を訴えている。バイタルサインは、呼吸数　16/分、脈拍　90/分、血圧　135/80mmHgで、排尿によって着衣が濡れている。,,
外来で診察を待っている間に、Bさんの隣にいるCさんがうずくまっているのを看護師が発見した。Cさんのバイタルサインは、呼吸数　36/分、脈拍　110/分、血圧　94/40mmHgで、手のしびれ、動悸を訴えている。,,
看護師の初期対応で優先度が高いのはどれか。",Bさんの着衣の交換,Bさんの既往歴の確認,Cさんの四肢の保温,Cさんの経皮的動脈血酸素飽和度＜SpO<sub>2</sub>＞の測定,,D,,false,,false,notebooklm,2026-04-05T01:24:41.694Z
2023_nrs_23_am120,nursing,2023,120,4.臨床実践場面における統合的な判断や対応,D.発災からの経過に応じて被災者に提供される診療や支援を促進するための看護,,3,"Bさんは、歩行が困難であったため入院したが、検査の結果、腰部の打撲のみで他に身体的な問題を認めなかった。日中は眠っていることが多く、夕方になると落ち着かなくなり、大声で家族を呼んだり、家に帰ろうとすることがあった。入院4日後、Bさんは少しずつ歩けるようになり、退院が決まった。自宅が半壊状況のため、福祉避難所に行くことになった。一緒に福祉避難所に行くAさんの妻（42歳）は看護師に「義母は、入院前は大声を出すことはありませんでした。避難所で人に迷惑をかけるのではないかと心配です」と相談した。,,
看護師のBさんに関する助言内容で適切なのはどれか。",福祉避難所では昼間の覚醒を促す。,福祉避難所では人との交流を少なくする。,Bさんの退院を延期できるか医師に相談する。,福祉避難所に行ったらすぐに精神科を受診する。,,A,,false,,false,notebooklm,2026-04-05T01:24:41.694Z
2023_nrs_23_pm001,nursing,2023,1,1. 健康の定義と理解,B.健康に関する指標,平均寿命、平均寿命、健康寿命,3,令和3年（2021年）の日本における簡易生命表で女性の平均寿命に最も近いのはどれか。,77年,82年,87年,92年,,C,,false,,false,notebooklm,2026-04-05T01:24:41.694Z
2023_nrs_23_pm002,nursing,2023,2,2. 健康に影響する要因,A.生活行動・習慣,食事と栄養,3,日本人の食事摂取基準（2020年版）に示されている、18～49歳女性（月経あり）の鉄摂取推奨量はどれか。,5.5mg/日,10.5mg/日,15.5mg/日,20.5mg/日,,B,,false,,false,notebooklm,2026-04-05T01:24:41.694Z
2023_nrs_23_pm003,nursing,2023,3,2. 健康に影響する要因,C.社会環境,職業と健康障害,3,労働安全衛生法に規定されているのはどれか。,失業手当の給付,年少者の労働条件,過労死に関する調査研究,労働者に対する健康診断,,D,,false,,false,notebooklm,2026-04-05T01:24:41.694Z
2023_nrs_23_pm004,nursing,2023,4,4.看護における倫理,A.基本的人権の擁護,個人の尊厳,3,平成13年（2001年）の「身体拘束ゼロの手引き」において身体拘束の禁止対象となる行為はどれか。,L字バーを設置する。,離床センサーを設置する。,点滴ルートを服の下に通して視野に入らないようにする。,ベッドを柵（サイドレール）で囲んで降りられないようにする。,,D,,false,,false,notebooklm,2026-04-05T01:24:41.694Z
2023_nrs_23_pm005,nursing,2023,5,5.看護に関わる基本的法律,A.保健師助産師看護師法,保健師・助産師・看護師の義務（守秘義務・業務従事者届出の義務、臨床研修等を受ける努力義務）,3,看護師の業務従事者届の届出先はどれか。,保健所長,厚生労働大臣,都道府県知事,都道府県ナースセンターの長,,C,,false,,false,notebooklm,2026-04-05T01:24:41.694Z
2023_nrs_23_pm006,nursing,2023,6,7.人間のライフサイクル各期の特徴と生活,B.新生児・乳児期,発達の原則,3,成長・発達における順序性で正しいのはどれか。,頭部から脚部へ,微細から粗大へ,複雑から単純へ,末梢から中心へ,,A,,false,,false,notebooklm,2026-04-05T01:24:41.694Z
2023_nrs_23_pm007,nursing,2023,7,7.人間のライフサイクル各期の特徴と生活,E.思春期,第二次性徴,3,第二次性徴が発現し始めた思春期に関心が向くのはどれか。,善悪の区別,仕事と家庭の両立,自己の身体の変化,経済力の確保と維持,,C,,false,,false,notebooklm,2026-04-05T01:24:41.694Z
2023_nrs_23_pm008,nursing,2023,8,7.人間のライフサイクル各期の特徴と生活,G.老年期,身体的機能の変化,3,老化に伴う視覚の変化で正しいのはどれか。,視野が狭くなる。,近くが見やすくなる。,色の識別がしやすくなる。,明暗順応の時間が短縮する。,,A,,false,,false,notebooklm,2026-04-05T01:24:41.694Z
2023_nrs_23_pm009,nursing,2023,9,1. 健康の定義と理解,B.健康に関する指標,婚姻、家族形態,3,人口統計資料集2020年版における生涯未婚率（50歳時の未婚割合）で、平成22年（2010年）から令和2年（2020年）の推移で適切なのはどれか。,変化はない。,下降し続けている。,上昇し続けている。,上昇と下降を繰り返している。,,C,,false,,false,notebooklm,2026-04-05T01:24:41.694Z
2023_nrs_23_pm010,nursing,2023,10,1. 健康の定義と理解,B.健康に関する指標,出生と死亡の動向,3,令和2年（2020年）の人口動態統計における合計特殊出生率に最も近いのはどれか。,0.8,1.3,1.8,2.3,,B,,false,,false,notebooklm,2026-04-05T01:24:41.694Z
2023_nrs_23_pm011,nursing,2023,11,10.人体の構造と機能,A.人体の基本的な構造と正常な機能,循環器系,3,上行大動脈から分枝するのはどれか。,冠状動脈,腕頭動脈,左総頸動脈,左鎖骨下動脈,,A,,false,,false,notebooklm,2026-04-05T01:24:41.694Z
2023_nrs_23_pm012,nursing,2023,12,10.人体の構造と機能,A.人体の基本的な構造と正常な機能,消化器系,3,膵管と合流して大十二指腸乳頭（Vater＜ファーター＞乳頭）に開口するのはどれか。,肝　管,総肝管,総胆管,胆嚢管,,C,,false,,false,notebooklm,2026-04-05T01:24:41.694Z
2023_nrs_23_pm013,nursing,2023,13,10.人体の構造と機能,A.人体の基本的な構造と正常な機能,妊娠・分娩・産褥の経過,3,正期産となる出産時期はどれか。,妊娠35週0日から39週6日,妊娠36週0日から40週6日,妊娠37週0日から41週6日,妊娠38週0日から42週6日,,C,,false,,false,notebooklm,2026-04-05T01:24:41.694Z
2023_nrs_23_pm014,nursing,2023,14,11.徴候と疾患,A.主要な症状と徴候,嚥下障害,3,器質的変化で嚥下障害が出現する疾患はどれか。,食道癌,脳血管疾患,筋強直性ジストロフィー,Guillain-Barré＜ギラン・バレー＞症候群,,A,,false,,false,notebooklm,2026-04-05T01:24:41.694Z
2023_nrs_23_pm015,nursing,2023,15,11.徴候と疾患,B.主要な疾患による健康障害,生活習慣病,3,高血圧が原因で起こりやすいのはどれか。,脳出血,脳塞栓症,脳動静脈奇形,急性硬膜下血腫,,A,,false,,false,notebooklm,2026-04-05T01:24:41.694Z
2023_nrs_23_pm016,nursing,2023,16,12.薬物の作用とその管理,A.主な薬物の効果と副作用（有害事象）,抗血栓薬,3,手術予定の患者が服用している場合、安全のために術前の休薬を検討するのはどれか。,鉄　剤,抗血小板薬,冠血管拡張薬,プロトンポンプ阻害薬,,B,,false,,false,notebooklm,2026-04-05T01:24:41.694Z
2023_nrs_23_pm017,nursing,2023,17,13.看護における基本技術,B.看護過程,情報収集、アセスメント,3,看護過程における客観的情報はどれか。,家族の意見,患者の表情,患者の痛みの訴え,患者の病気に対する思い,,B,,false,,false,notebooklm,2026-04-05T01:24:41.694Z
2023_nrs_23_pm018,nursing,2023,18,13.看護における基本技術,C.フィジカルアセスメント,バイタルサインの観察,3,フィジカルアセスメントで問診の次に行うのはどれか。,視　診,触　診,打　診,聴　診,,A,,false,,false,notebooklm,2026-04-05T01:24:41.694Z
2023_nrs_23_pm019,nursing,2023,19,14.日常生活援助技術,B.排泄,導尿,3,男性の導尿でカテーテルを挿入するとき、体幹に対する頭部側からの挿入角度はどれか。,0～10度,40～50度,80～90度,120～130度,,C,,false,,false,notebooklm,2026-04-05T01:24:41.694Z
2023_nrs_23_pm020,nursing,2023,20,14.日常生活援助技術,B.排泄,排泄の援助（床上、トイレ、ポータブルトイレ、おむつ）,3,床上で排便しやすい体位はどれか。,仰臥位,側臥位,Sims＜シムス＞位,Fowler＜ファウラー＞位,,D,,false,,false,notebooklm,2026-04-05T01:24:41.694Z
2023_nrs_23_pm021（不備問題採点除外）,nursing,2023,0,必修問題,,,3,"ストレッチャーでの角の曲がり方を図に示す。,,
適切なのはどれか。",&#160;,&#160;,&#160;,&#160;,,A,B,C,D,,true,,false,notebooklm,2026-04-05T01:24:41.694Z
2023_nrs_23_pm022,nursing,2023,22,16.診療に伴う看護技術,D.採血,刺入部位,3,成人の静脈血採血の穿刺部位で適切なのはどれか。,腋窩静脈,上腕静脈,腕頭静脈,肘正中皮静脈,,D,,false,,false,notebooklm,2026-04-05T01:24:41.694Z
2023_nrs_23_pm023,nursing,2023,23,16.診療に伴う看護技術,F.救命救急処置,自動体外式除細動器<AED>,3,自動体外式除細動器＜AED＞を使用するときに、胸骨圧迫を中断するのはどれか。,電源を入れるとき,電極パッドを貼るとき,心電図の解析中,電気ショックの直後,,C,,false,,false,notebooklm,2026-04-05T01:24:41.694Z
2023_nrs_23_pm024,nursing,2023,24,16.診療に伴う看護技術,G.皮膚・創傷の管理,褥瘡の予防・処置,3,側臥位における褥瘡の好発部位はどれか。,後頭部,耳介部,仙骨部,肩甲骨部,,B,,false,,false,notebooklm,2026-04-05T01:24:41.694Z
2023_nrs_23_pm025,nursing,2023,25,12.薬物の作用とその管理,B.薬物の管理,禁忌,3,緑内障患者への投与が禁忌なのはどれか。,コデイン,アスピリン,アトロピン,ジゴキシン,フェニトイン,C,,false,,false,notebooklm,2026-04-05T01:24:41.694Z
2023_nrs_23_pm026,nursing,2023,26,3.神経系,C.末梢神経系の構造と機能,自律神経,3,交感神経の興奮によって起こる眼の反応はどれか。,散　瞳,流　涙,明順応,対光反射,,A,,false,,false,notebooklm,2026-04-05T01:24:41.694Z
2023_nrs_23_pm027,nursing,2023,27,12.神経機能,B.末梢神経系の疾患の病態と診断・治療,Guillain-Barré＜ギラン・バレー＞症候群顔面神経麻痺（Bell＜ベル＞麻痺）,3,",,
Ramsay Hunt＜ラムゼイ・ハント＞症候群は顔面神経麻痺症状を主症状とする。,,
原因となるウイルスはどれか。",アデノウィルス,インフルエンザウイルス,水痘帯状疱疹ウイルス,単純ヘルペスウイルス,,C,,false,,false,notebooklm,2026-04-05T01:24:41.694Z
2023_nrs_23_pm028,nursing,2023,28,2.社会の中の集団,B.労働と健康,雇用の分野における男女の均等な機会及び待遇の確保等に関する法律＜男女雇用機会均等法＞,3,雇用の分野における男女の均等な機会及び待遇の確保等に関する法律＜男女雇用機会均等法＞に規定されている母性保護はどれか。,生理日の就業制限,産後6週間の就業禁止,妊産婦の時間外労働の禁止,妊婦健康診査の受診時間の確保,,D,,false,,false,notebooklm,2026-04-05T01:24:41.694Z
2023_nrs_23_pm029,nursing,2023,29,6.健康と公衆衛生,D.健康に関する指標に基づく公衆衛生,受療状況、有病率、罹患率,3,保健統計調査と調査項目の組合せで正しいのはどれか。,患者調査 -- 受療の状況,人口動態調査 -- 転出入,国民生活基礎調査 -- 生活習慣,国民健康・栄養調査 -- 健康診断の受診状況,,A,,false,,false,notebooklm,2026-04-05T01:24:41.694Z
2023_nrs_23_pm030,nursing,2023,30,8.公衆衛生における生活環境への対策,C.ごみ・廃棄物,感染性廃棄物,3,医療機関の廃棄物とバイオハザードマークの色の組合せで正しいのはどれか。,固体状の放射性廃棄物 -- 黒　色,注射針などの鋭利な廃棄物 -- 赤　色,血液などの液状、泥状の廃棄物 -- 黄　色,血液の付着したガーゼの廃棄物 -- 橙　色,,D,,false,,false,notebooklm,2026-04-05T01:24:41.694Z
2023_nrs_23_pm031,nursing,2023,31,9.保健活動の基盤と制度,E.その他の保健活動の基盤となる法や施策,がん対策基本法,3,がん対策基本法で定められているのはどれか。,肝炎ウイルス検査の実施を推進する。,受動喫煙のない職場環境を整備する。,学校等でのがんに関する教育を推進する。,がん診療連携拠点病院にがん相談支援センターを設置する。,,C,,false,,false,notebooklm,2026-04-05T01:24:41.694Z
2023_nrs_23_pm032,nursing,2023,32,老年看護学,4.老年看護の基本,A.老年看護に用いられる概念・モデル・理論,3,国際生活機能分類＜ICF＞で「生活機能」の構成要素に含まれるのはどれか。,活　動,疾　病,能力障害,社会的不利,,A,,false,,false,notebooklm,2026-04-05T01:24:41.694Z
2023_nrs_23_pm033,nursing,2023,33,3.看護における基本技術,A.コミュニケーション,コミュニケーションに障害のある人々への対応,3,Broca＜ブローカ＞失語のある患者とのコミュニケーションで適切なのはどれか。,閉じた質問＜closed question＞を活用する。,大きな声で質問する。,単語で話しかける。,文字盤を用いる。,,A,,false,,false,notebooklm,2026-04-05T01:24:41.694Z
2023_nrs_23_pm034,nursing,2023,34,3.看護における基本技術,E.フィジカルアセスメント,系統別のフィジカルアセスメント,3,指鼻試験で評価するのはどれか。,視　野,小脳機能,表在反射,複合知覚,,B,,false,,false,notebooklm,2026-04-05T01:24:41.694Z
2023_nrs_23_pm035,nursing,2023,35,3.看護における基本技術,F.感染防止対策,標準予防策＜スタンダードプリコーション＞と感染経路別予防策,3,マイコプラズマ肺炎の感染経路はどれか。,空気感染,血液感染,飛沫感染,媒介物感染,,C,,false,,false,notebooklm,2026-04-05T01:24:41.694Z
2023_nrs_23_pm036,nursing,2023,36,4.日常生活援助技術,B.食事と栄養,健康な食生活と食事摂取基準治療食、療養食,3,痛風の患者が摂取量を減らすことが望ましい食品はどれか。,鶏　卵,チーズ,鶏レバー,じゃがいも,,C,,false,,false,notebooklm,2026-04-05T01:24:41.694Z
2023_nrs_23_pm037,nursing,2023,37,3.看護における基本技術,H.安楽の確保,ボディメカニクスの原理と看護実践への活用,3,"患者、看護師、ベッド、車椅子の位置を図に示す。,,
ベッド上にいる右片麻痺がある患者の端座位から車椅子への移乗を援助する看護師の足と車椅子の位置で適切なのはどれか。",&#160;,&#160;,&#160;,&#160;,,A,,true,,false,notebooklm,2026-04-05T01:24:41.694Z
2023_nrs_23_pm038,nursing,2023,38,4.日常生活援助技術,F.清潔と衣生活,清潔と衣生活のアセスメント,3,健康な成人の皮膚で正しいのはどれか。,垢として剝がれ落ちるのは基底層である。,外陰部にはアポクリン汗腺が存在する。,皮膚表面は弱アルカリ性である。,ケラチンは紫外線を吸収する。,,B,,false,,false,notebooklm,2026-04-05T01:24:41.694Z
2023_nrs_23_pm039,nursing,2023,39,5.診療に伴う看護技術,B.皮膚・創傷管理,洗浄、保護、包帯法,3,創傷処置について適切なのはどれか。,ドレッシング材は創部の辺縁に合わせて貼付する。,肉芽形成の時期は強い水圧をかけて洗浄する。,感染徴候のない創傷の消毒は不要である。,テープは皮膚から垂直方向に剝がす。,,C,,false,,false,notebooklm,2026-04-05T01:24:41.694Z
2023_nrs_23_pm040,nursing,2023,40,5.診療に伴う看護技術,F. 生体機能のモニタリング,検体検査（血液、尿、便、喀痰、胸水、腹水、骨髄液）,3,"午前8時から24時間蓄尿を開始することになった。,,
蓄尿の方法で正しいのはどれか。",滅菌容器に蓄尿する。,開始日の午前8時の尿は蓄尿する。,終了日の午前8時の尿は蓄尿する。,排尿のたびに中間尿を採取して蓄尿する。,,C,,false,,false,notebooklm,2026-04-05T01:24:41.694Z
2023_nrs_23_pm041,nursing,2023,41,6.看護の役割と機能,A.看護の場に応じた活動,保健施設と福祉施設における看護活動,3,介護老人保健施設について適切なのはどれか。,常勤医師の配置は義務ではない。,老人福祉法に基づき設置される。,要介護者に対して自宅での生活に向けた支援を行う。,従事者の配置基準は看護職員と介護職員が同数である。,,C,,false,,false,notebooklm,2026-04-05T01:24:41.694Z
2023_nrs_23_pm042,nursing,2023,42,5.周術期にある患者と家族の看護,C.術後の看護,創傷管理・処置,3,術後の創傷治癒が遅延する因子となる検査値はどれか。,アルブミン　2.2g/dL,推算糸球体濾過量＜eGFR＞　62mL/分/1.73m<sup>2</sup>,動脈血酸素分圧＜PaO<sub>2</sub>＞　88Torr（room air）,ヘモグロビンA1c＜HbA1c＞　5.5％,,A,,false,,false,notebooklm,2026-04-05T01:24:41.694Z
2023_nrs_23_pm043,nursing,2023,43,11.循環機能障害のある患者の看護,B.検査・処置を受ける患者への看護,心血管超音波,3,"うっ血性心不全が疑われる患者が救急外来を受診した。,,
その際、12誘導心電図検査、胸部エックス線検査に加えて行われる優先度が高い検査はどれか。",冠動脈CT検査,心臓超音波検査,心筋シンチグラム,心臓カテーテル検査,,B,,false,,false,notebooklm,2026-04-05T01:24:41.694Z
2023_nrs_23_pm044,nursing,2023,44,14.内部環境（体液量、電解質、酸塩基平衡）調節機能障害のある患者の看護,D.病期や機能障害に応じた看護,慢性腎臓病,3,慢性腎臓病においてリンの代謝障害によって生じる症状はどれか。,骨　痛,貧　血,浮　腫,不整脈,,A,,false,,false,notebooklm,2026-04-05T01:24:41.694Z
2023_nrs_23_pm045,nursing,2023,45,基礎看護学,3.看護における基本技術,G.安全管理＜セーフティマネジメント＞,3,ヒト免疫不全ウイルス＜HIV＞に汚染された注射針による針刺し事故の感染率で正しいのはどれか。,40％,10％,2％,0.3％,,D,,false,,false,notebooklm,2026-04-05T01:24:41.694Z
2023_nrs_23_pm046,nursing,2023,46,17.脳・神経機能障害のある患者の看護,D.病期や機能障害に応じた看護,脳炎、髄膜炎,3,急性髄膜炎患者への対応で正しいのはどれか。,鎮痛薬は禁忌である。,頭部に温罨法を行う。,部屋の照明を暗くする。,腰椎穿刺直後は頭部を高くする。,,C,,false,,false,notebooklm,2026-04-05T01:24:41.694Z
2023_nrs_23_pm047,nursing,2023,47,20.排尿機能障害のある患者の看護,B.検査・処置を受ける患者への看護,膀脱組織検査導尿,3,膀胱鏡による組織検査を受ける成人男性への説明で正しいのはどれか。,「検査前は膀胱に尿をためてください」,「尿道から内視鏡を挿入します」,「膀胱に二酸化炭素を注入します」,「検査後24時間はベッドで安静にします」,,B,,false,,false,notebooklm,2026-04-05T01:24:41.694Z
2023_nrs_23_pm048,nursing,2023,48,1.高齢者の理解の基本となる概念,C.高齢者のいる家族の理解,家族の機能の変化,3,家族周期における発達段階で、高齢者が配偶者を失った後の段階はどれか。,完結期,教育期,充実期,分離期,,A,,false,,false,notebooklm,2026-04-05T01:24:41.694Z
2023_nrs_23_pm049,nursing,2023,49,3.高齢者の健康,B.老年期における身体機能の変化,感覚器系,3,老人性難聴の特徴はどれか。,両側性に生じる。,混合性難聴である。,低音域が障害される。,外耳の障害によって起こる。,,A,,false,,false,notebooklm,2026-04-05T01:24:41.694Z
2023_nrs_23_pm050,nursing,2023,50,4.老年看護の基本,B.老年看護の倫理,高齢者差別（スティグマ、エイジズム）,3,高齢という理由で高齢者を画一的に捉え、差別することを意味するのはどれか。,エイジズム,アディクション,パターナリズム,アンチエイジング,,A,,false,,false,notebooklm,2026-04-05T01:24:41.694Z
2023_nrs_23_pm051,nursing,2023,51,5.高齢者の生活を支える看護,F.高齢者の活動と休息のバランスの特徴と援助,高齢者の睡眠と生活リズムの特徴,3,高齢者の不眠の要因はどれか。,午前中に日光浴をする。,昼食後に30分程度の午睡をする。,就寝直前に42℃以上の風呂に入る。,就寝前に100mL程度のホットミルクを飲む。,,C,,false,,false,notebooklm,2026-04-05T01:24:41.694Z
2023_nrs_23_pm052,nursing,2023,52,5.高齢者の生活を支える看護,B.高齢者の安全な活動への援助,活動の縮小の影響(廃用症候群、フレイル、閉じこもり）,3,高齢者のサルコペニアの予防に関する指導内容で適切なのはどれか。,読書をする。,飲酒をやめる。,塩分を制限する。,筋肉に負荷をかける運動をする。,,D,,false,,false,notebooklm,2026-04-05T01:24:41.694Z
2023_nrs_23_pm053,nursing,2023,53,母性看護学,7.早期新生児期の看護,B.早期新生児期のアセスメント,3,新生児マススクリーニング検査（先天性代謝異常等検査）で正しいのはどれか。,対象疾患数は5である。,唾液を用いた検査である。,早期新生児期に実施される。,治療法が確立していない疾患を対象とする。,,C,,false,,false,notebooklm,2026-04-05T01:24:41.694Z
2023_nrs_23_pm054,nursing,2023,54,3.小児各期における健康増進のための子どもと家族への看護,C.逝びと学習,逝びの分類と発達,3,"遊具を図に示す。,,
標準的な成長発達をしている1歳4か月の子どもの発達段階に適した遊具はどれか。",三輪車,ガラガラ,オルゴールメリー,手押し車（カタカタ）,,D,,true,,false,notebooklm,2026-04-05T01:24:41.694Z
2023_nrs_23_pm055,nursing,2023,55,4.病気や診療・入院が子どもと家族に与える影響と看護,A.病気に対する子どもの理解と説明,発達に応じた病気の説明,3,ピアジェ，J.の認知発達理論における段階と病気の説明に使用するツールの組合せで適切なのはどれか。,感覚運動期 -- 人体模型,前操作期 -- 印刷文書,具体的操作期 -- 動　画,形式的操作期 -- 指人形,,C,,false,,false,notebooklm,2026-04-05T01:24:41.694Z
2023_nrs_23_pm056,nursing,2023,56,4.病気や診療・入院が子どもと家族に与える影響と看護,E.痛みを表現している子どもと家族への看護,痛みの緩和に向けた援助,3,"下腿の開放骨折のため手術を受けたA君（8歳、男児）に、術後の疼痛管理のため患者自己調節鎮痛法＜Patient Controlled Analgesia：PCA＞を用いた持続的な静脈内注射を行うことになった。A君は「痛くなるのが怖い」と話している。看護師はA君に鎮痛薬の追加について説明することにした。,,
A君への説明で適切なのはどれか。",「時間を決めて操作ボタンを押そうね」,「痛くなり始めたら操作ボタンを押そうね」,「痛くなったら何回でも操作ボタンを押してお薬を追加できるよ」,「痛みがどうしても我慢できなくなったら操作ボタンを押そうね」,,B,,false,,false,notebooklm,2026-04-05T01:24:41.694Z
2023_nrs_23_pm057,nursing,2023,57,4.妊娠期の看護,C.妊婦と家族への看護,健康維持・増進、セルフケアに関する教育,3,正常に経過している妊娠26週の妊婦が、次に妊婦健康診査を受診する時期として推奨されるのはどれか。,4週後,3週後,2週後,1週後,,C,,false,,false,notebooklm,2026-04-05T01:24:41.694Z
2023_nrs_23_pm058,nursing,2023,58,2.母性看護の基盤となる概念,B.母性・父性・家族に関する概念,母性、父性、親性,3,親性について適切なのはどれか。,子を育もうとする性質である。,誰でも子を持つ時点で備えている。,性別に基づく役割分業で育児を行うことをいう。,生物学的に結びつきがあることが親性をもつ条件となる。,,A,,false,,false,notebooklm,2026-04-05T01:24:41.694Z
2023_nrs_23_pm059,nursing,2023,59,3.女性のライフサイクル各期における看護,C.更年期・老年期女性の健康と看護,ホルモンの変化,3,閉経に伴うエストロゲンの低下で生じるのはどれか。,骨量の増加,腟粘膜の萎縮,脳血流量の増加,血中LDLコレステロールの減少,,B,,false,,false,notebooklm,2026-04-05T01:24:41.694Z
2023_nrs_23_pm060,nursing,2023,60,5.分娩期の看護,A.正常な分娩の経過と分娩期の異常,陣痛、産痛、陣痛異常（微弱陣痛、過強陣痛）破水、前期破水,3,"順調に分娩が進行している妊娠40週0日の初産婦から「腟から水っぽいものが流れ、下着が濡れた」とナースコールがあった。看護師が流出したものを確認すると、量は少量で、羊水特有の臭いを認めた。,,
このときの産婦への対応で優先度が高いのはどれか。",バイタルサインを測定する。,胎児心拍数を確認する。,食事摂取を勧める。,更衣を促す。,,B,,false,,false,notebooklm,2026-04-05T01:24:41.694Z
2023_nrs_23_pm061,nursing,2023,61,1.精神保健の基本,A.精神の健康の概念,精神障害の一次予防・二次予防・三次予防,3,看護師のメンタルヘルスに関する対応で一次予防はどれか。,入職時のストレスマネジメントに関する研修,精神的不調が生じた看護師への公認心理師による相談,精神的不調で休職している看護師への復職支援プランの作成,精神的負荷がかかっている可能性のある看護師への産業保健師による面談,,A,,false,,false,notebooklm,2026-04-05T01:24:41.694Z
2023_nrs_23_pm062,nursing,2023,62,1.精神保健の基本,F.精神の健康とマネジメント,保健医療福祉に従事する者の精神の健康,3,人を援助する過程で自分の職務に対して継続して努力したが、満足感や達成感が得られず、うつ症状や社会機能の低下を生じるのはどれか。,悪性症候群,空の巣症候群,緊張病症候群,燃え尽き症候群,,D,,false,,false,notebooklm,2026-04-05T01:24:41.694Z
2023_nrs_23_pm063,nursing,2023,63,4.精神疾患・障害がある者とその家族への看護,H.社会資源の活用とケアマネジメント,精神障害者保健福祉手帳,3,精神障害者保健福祉手帳の交付によって精神障害者に適用されるのはどれか。,行動援護の介護給付,所得税の障害者控除,自立支援医療（精神通院医療）,グループホームで必要な日常生活上の援助,,B,,false,,false,notebooklm,2026-04-05T01:24:41.694Z
2023_nrs_23_pm064,nursing,2023,64,6.精神保健医療福祉の変遷と法や施策,A.患者の権利擁護＜アドボカシー＞,入院患者の基本的な処遇,3,都道府県知事に対し、精神科病院に医療保護入院となっている患者の退院請求をすることができるのはどれか。,警察官,検察官,患者本人,精神保健福祉士,,C,,false,,false,notebooklm,2026-04-05T01:24:41.694Z
2023_nrs_23_pm065,nursing,2023,65,1.地域・在宅看護の対象,B.在宅療養者のいる家族の理解と健康課題,キーパーソン,3,令和元年（2019年）の国民生活基礎調査において、要介護者等のいる世帯に同居している主な介護者の特徴で正しいのはどれか。,性別は男性が多い。,続柄は子が最も多い。,年齢は60～69歳が最も多い。,ストレスの原因は「自由にできる時間がない」が最も多い。,,C,,false,,false,notebooklm,2026-04-05T01:24:41.694Z
2023_nrs_23_pm066,nursing,2023,66,7.在宅療養生活を支える看護,E.在宅療養者の移動を支えるケア,移動補助用具の種類の選択と使用,3,"Aさん（73歳、女性、要介護1）は、1人で暮らしている。室内の家具や手すりなどの、左右にあるものにうまくつかまりながら、バランスをとって移動している。Aさんは「腕の力も足の力も落ちてきた。両手を使って体を支えるものがないと屋外の移動は不安だが、足の筋力が落ちないように近所の散歩を始めたい」と訪問看護師に相談があった。Aさんの住居の廊下や玄関に段差はなく、住居周辺には坂や段差のない舗装された歩道がある。,,
福祉用具を図に示す。,,
訪問看護師がAさんに勧める福祉用具で適切なのはどれか。",三点杖,松葉杖,自走用標準型車椅子,車輪付きの歩行器＜歩行車＞,,D,,true,,false,notebooklm,2026-04-05T01:24:41.694Z
2023_nrs_23_pm067,nursing,2023,67,6.症状・疾患・治療に応じた地域・在宅看護,C.主な治療等に応じた在宅看護,薬物療法,3,"Aさん（78歳、女性、要支援1）は1人で暮らしており、認知機能や嚥下機能の低下はない。訪問看護師は、内科と整形外科から朝2種類、夕3種類の合計5種類の内服薬が処方されていることを確認し、夕方に飲む薬だけが減っていることに気付いた。,,
訪問看護師のAさんへの対応で最も適切なのはどれか。",どの薬を何時に内服しているのかを聞く。,服薬用のゼリーを用いて内服することを勧める。,1日に5種類の薬を内服する必要があることを説明する。,介護予防訪問介護を利用して服薬の介助を依頼することを勧める。,,A,,false,,false,notebooklm,2026-04-05T01:24:41.694Z
2023_nrs_23_pm068,nursing,2023,68,4.地域・在宅看護実践をめぐる制度の概要,B.地域・在宅看護におけるサービス体系の理解,訪問系サービス,3,介護保険の介護給付で利用できる居宅サービスはどれか。,訪問入浴介護,介護予防居宅療養管理指導,看護小規模多機能型居宅介護,定期巡回・随時対応型訪問介護看護,,A,,false,,false,notebooklm,2026-04-05T01:24:41.694Z
2023_nrs_23_pm069,nursing,2023,69,6.症状・疾患・治療に応じた地域・在宅看護,B.主な疾患等に応じた在宅看護,心不全,3,"Aさん（65歳、男性）はうっ血性心不全の急性増悪で入院し、治療を受けて自宅に退院した。退院後は月1回の外来通院、週1回の訪問看護で生活指導を受け、血圧、体重、労作時の自覚症状について日誌に記録することになった。初回訪問時、Aさんは訪問看護師に「庭で野菜を作るのが趣味です。野菜作りの作業をしていると夢中になって時間を忘れてしまいます」と話した。,,
訪問看護師のAさんへの助言で適切なのはどれか。",「室内で安静に過ごしましょう」,「野菜を作るのはやめて他の趣味を見つけましょう」,「作業の後は30分以内に2Ｌ以上の水分を補給しましょう」,「日誌の記録をもとに自分で作業量を調整できるようにしましょう」,,D,,false,,false,notebooklm,2026-04-05T01:24:41.694Z
2023_nrs_23_pm070,nursing,2023,70,1.看護におけるマネジメント,C.看護業務のマネジメント,複数の看護業務が同時に発生した場合の判断や対処方法,3,"Aさん（55歳、虚血性心疾患）は4人部屋に入院している。Aさんは緊急で心臓カテーテル検査を行うことになった。日勤の担当看護師がAさんの検査のために訪室すると、同室の右片麻痺のあるBさん（60歳、脳出血）からトイレに行きたいと声をかけられた。,,
このときの看護師の行動で適切なのはどれか。",ナースステーションに戻り、リーダーに相談する。,Aさんに待つよう説明し、Bさんのトイレ介助を行う。,Bさんに待つよう説明し、Aさんを検査室に移送する。,その場から離れずに別の看護師を呼び、Bさんのトイレ介助を依頼する。,,D,,false,,false,notebooklm,2026-04-05T01:24:41.694Z
2023_nrs_23_pm071,nursing,2023,71,健康支援と社会保障制度,11.人々の健康を支える職種やサービス提供体制に関する法や施策,D.その他の役割,3,診療情報について適切なのはどれか。,診療情報の開示請求は患者本人に限られる。,2類感染症の罹患情報は市区町村長に届け出る。,医療者は患者が「知りたくない」と拒否した場合でも病状を説明する。,他院へのセカンドオピニオンを希望する患者に診療情報提供書を作成する。,,D,,false,,false,notebooklm,2026-04-05T01:24:41.694Z
2023_nrs_23_pm072,nursing,2023,72,2.災害と看護,B.災害各期の特徴と看護,災害時の被災者・支援者の身体反応と心理過程,3,サイコロジカルファーストエイド＜Psychological First Aid：PFA＞について正しいのはどれか。,活動の原則は、見る、聞く、つなぐである。,災害発生から1週間経過してから活動する。,被災都道府県からの派遣要請に基づき活動する。,苦痛の原因となった出来事を詳細に話すことを促す。,,A,,false,,false,notebooklm,2026-04-05T01:24:41.694Z
2023_nrs_23_pm073,nursing,2023,73,13.泌尿器系,B.体液量の調節,抗利尿ホルモンの作用,3,尿量の調節に深く関わるホルモンはどれか。,ガストリン,カルシトニン,グルカゴン,ソマトスタチン,バソプレシン,E,,false,,false,notebooklm,2026-04-05T01:24:41.694Z
2023_nrs_23_pm074,nursing,2023,74,7.血液,B.止血機構,線維素溶解,3,止血後の線維素溶解（線溶）に関係するのはどれか。,カルシウムイオン,フィブリノゲン,プラスミノゲン,プロトロンビン,セロトニン,C,,false,,false,notebooklm,2026-04-05T01:24:41.694Z
2023_nrs_23_pm075,nursing,2023,75,11.消化器系,B.消化と吸収,肝臓・胆道の構造と機能,3,体内で代謝された結果、胆汁酸として胆汁中に分泌されるのはどれか。,DNA,RNA,グリコーゲン,ヘモグロビン,コレステロール,E,,false,,false,notebooklm,2026-04-05T01:24:41.694Z
2023_nrs_23_pm076,nursing,2023,76,11.消化器系,B.消化と吸収,大腸の構造と機能,3,直腸の構造で正しいのはどれか。,陰窩には杯細胞が存在する。,粘膜の表面には絨毛がある。,縦走筋は結腸ヒモを作る。,肛門管は血管が少ない。,肛門管は内腔が広い。,A,,false,,false,notebooklm,2026-04-05T01:24:41.694Z
2023_nrs_23_pm077,nursing,2023,77,14.体温調節,B.体温の調節,熱放散と熱産生,3,"外傷や風邪で発熱し、解熱するまでの体温のセットポイントと実際の体温（核心温度）の変化の例を図に示す。,,
全身のふるえが起こるのはどれか。",①,②,③,④,⑤,B,,true,,false,notebooklm,2026-04-05T01:24:41.694Z
2023_nrs_23_pm078,nursing,2023,78,7.高齢者に特有な症候・疾患・障害と看護,※各小項目の共通の中項目（...）,感染症,3,胃癌の胃切除術後5年ほどで欠乏し貧血を起こさせるのはどれか。,ビタミンA,ビタミンB<sub>1</sub>,ビタミンB<sub>12</sub>,ビタミンC,ビタミンK,C,,false,,false,notebooklm,2026-04-05T01:24:41.694Z
2023_nrs_23_pm079,nursing,2023,79,12.神経機能,A.中枢神経系の疾患の病態と診断・治療,脳血管障害（脳内出血、くも膜下出血、脳梗塞、もやもや病）,3,もやもや病について正しいのはどれか。,脳動静脈の奇形である。,浅側頭動脈の狭窄が原因である。,代償性の側副血行路が形成される。,ポリオウイルスの感染が関与する。,Willis＜ウィリス＞動脈輪への血栓閉塞で生じる。,C,,false,,false,notebooklm,2026-04-05T01:24:41.694Z
2023_nrs_23_pm080,nursing,2023,80,10.全身の感染性疾患,A.感染性疾患の病態と診断・治療,ウイルスによる感染症（インフルエンザ、流行性耳下腺炎＜ムンプス＞、麻疹、風疹、エボラ出血熱、コロナウイルス感染症、ヒト免疫不全ウイルス＜HIV＞感染症）,3,感染症と代表的な原因ウイルスの組合せで正しいのはどれか。,手足口病 -- アデノウイルス,咽頭結膜熱 -- ヒトパピローマウイルス＜HPV＞,突発性発疹症 -- コクサッキーウイルス,伝染性単核球症 -- Epstein-Barr＜EB＞ウイルス,ヘルパンギーナ -- 単純ヘルペスウイルス,D,,false,,false,notebooklm,2026-04-05T01:24:41.694Z
2023_nrs_23_pm081,nursing,2023,81,3.高齢者の健康,C.老年期における認知機能の変化,記憶力、判断力、計算力、遂行力,3,短期記憶と関係が深いのはどれか。,橋,海　馬,脊　髄,松果体,視床下部,B,,false,,false,notebooklm,2026-04-05T01:24:41.694Z
2023_nrs_23_pm082,nursing,2023,82,1.健康の維持増進,A.疾病の予防・早期発見,健康診断、健康診査、がん検診,3,市町村による大腸がん検診の項目はどれか。2つ選べ。,問　診,直腸診,血液検査,便潜血検査,腹部エックス線検査,A,D,,false,,true,notebooklm,2026-04-05T01:24:41.694Z
2023_nrs_23_pm083,nursing,2023,83,6.循環機能,A.心臓の疾患の病態と診断・治療,心タンポナーデ,3,開心術後の心タンポナーデで正しいのはどれか。2つ選べ。,徐　脈,心音減弱,心拍出量の増加,中心静脈圧の上昇,吸気時収縮期圧の10mmHg上昇,B,D,,false,,true,notebooklm,2026-04-05T01:24:41.694Z
2023_nrs_23_pm084,nursing,2023,84,11.免疫機能,A.自己免疫疾患の病態と診断・治療,Sjögren＜シェーグレン＞症候群全身性強皮症,3,Sjögren＜シェーグレン＞症候群でリンパ球が浸潤して障害が起こるのはどれか。,胸　腺,涙　腺,甲状腺,唾液腺,副甲状腺,B,D,,false,,false,notebooklm,2026-04-05T01:24:41.694Z
2023_nrs_23_pm085,nursing,2023,85,5.診療に伴う看護技術,A.呼吸、循環、体温調整,口腔内・鼻腔内・気管内吸引の適応と方法排痰法の適応と方法,3,成人の気管内吸引の方法で適切なのはどれか。2つ選べ。,実施前に咽頭部の分泌物を吸引する。,吸引圧は－40kPa（300mmHg）に調整する。,気管チューブと同じ内径のカテーテルを用いる。,カテーテルは気管分岐部にあたらないように挿入する。,カテーテルの挿入開始から終了まで30秒で行う。,A,D,,false,,true,notebooklm,2026-04-05T01:24:41.694Z
2023_nrs_23_pm086,nursing,2023,86,6.慢性疾患がある患者と家族の看護,C.セルフケア・自己管理を促進する看護,自己効力感、エンパワメント,3,"Aさん（55歳、男性、会社員）は30年の喫煙歴がある。会社の健康診断で高血圧を指摘されて生活習慣の改善を勧められたが「週末にスポーツジムで運動するようになったけれど、仕事が忙しくてこれ以上生活を変える自信はありません」と述べた。,,
Aさんの自己効力感を高める支援はどれか。2つ選べ。",Aさんの運動への取り組みを評価する。,Aさんの職場の上司に配置転換を依頼する。,Aさんが取り組めそうな目標を一緒に設定する。,Aさんが生活習慣を改善する気持ちになるまで待つ。,Aさんが脳血管疾患になる危険性が高いことを説明する。,A,C,,false,,true,notebooklm,2026-04-05T01:24:41.694Z
2023_nrs_23_pm087,nursing,2023,87,15.内分泌機能障害のある患者の看護,C.治療を受ける患者への看護,インスリン補充療法,3,成人の糖尿病患者に対するペン型インスリン自己注射の指導で正しいのはどれか。,「ブドウ糖を携帯してください」,「注射部位は毎回変えてください」,「注射をした後は注射部位をよくもんでください」,「針は皮膚に対して30度の角度で刺してください」,「未使用のインスリンは冷凍庫で保管してください」,A,B,,false,,false,notebooklm,2026-04-05T01:24:41.694Z
2023_nrs_23_pm088,nursing,2023,88,2.高齢者の生活,A.高齢者の機能と評価,日常生活動作＜ADL＞,3,高齢者の基本的日常生活動作＜BADL＞で評価する内容はどれか。2つ選べ。,整　容,意思疎通,階段昇降,金銭管理,服薬管理,A,C,,false,,true,notebooklm,2026-04-05T01:24:41.694Z
2023_nrs_23_pm089,nursing,2023,89,1.看護におけるマネジメント,E.医療安全を維持する仕組みと対策,医療事故・インシデントレポートの分析と活用,3,インシデントレポートについて適切なのはどれか。2つ選べ。,法令で書式が統一されている。,責任追及のためには使用されない。,インシデントの発生から1か月後に提出する。,分析結果は他職種を含めて組織全体で共有する。,医療に誤りがあったが、患者に実施される前に発見された事例の報告は不要である。,B,D,,false,,true,notebooklm,2026-04-05T01:24:41.694Z
2023_nrs_23_pm090,nursing,2023,90,5.診療に伴う看護技術,D.輸液・輸血管理,輸液・輸血の管理方法,3,"20滴で1mLの輸液セットを用いて500mLの輸液を3時間30分かけて実施する場合の1分間の滴下数を求めよ。,,
ただし、小数点以下の数値が得られた場合には、小数点以下第1位を四捨五入すること。,,
,,
システムの都合上選択肢を表示できません。各自で0～9の数字を組合せて回答してください。,,
,,
解答：①②滴",&#160;,&#160;,,,,A,B,,false,,false,notebooklm,2026-04-05T01:24:41.694Z
2023_nrs_23_pm091,nursing,2023,91,10.呼吸機能障害のある患者の看護,A.原因と障害の程度のアセスメントと看護,換気障害,3,入院時の所見で正しいのはどれか。,頸部リンパ節の腫脹,拘束性換気障害,低栄養,貧　血,,B,,false,,false,notebooklm,2026-04-05T01:24:41.694Z
2023_nrs_23_pm092,nursing,2023,92,5.周術期にある患者と家族の看護,D.術後合併症と予防,呼吸器合併症,3,"Aさんは、入院2日目に胸腔鏡下左下葉切除術を受ける予定である。Aさんは看護師に「全身麻酔で手術を受けるのは初めてです。医師から手術の説明はあったけれど、合併症についてもう一度教えてもらえますか」と質問した。,,
Aさんに生じる可能性が高い合併症はどれか。",気　胸,反回神経麻痺,Horner＜ホルネル＞症候群,Pancoast＜パンコースト＞症候群,,A,,false,,false,notebooklm,2026-04-05T01:24:41.694Z
2023_nrs_23_pm093,nursing,2023,93,5.周術期にある患者と家族の看護,E.術後の機能障害や生活制限への看護,退院調整,3,"Aさんの手術は予定通りの形式で行われ、肺癌は術前診断通りの病期であった。Aさんの術後経過は良好であり、退院日が決定した。Aさんのバイタルサインは、体温　36.3℃、呼吸数　18/分、脈拍　66/分、整、血圧　134/76mmHg、経皮的動脈血酸素飽和度＜SpO2＞97％（room air）であった。,,
退院後の生活指導で正しいのはどれか。",「インフルエンザワクチンは接種できません」,「左手で重い荷物を持たないでください」,「少しずつ活動量を増やしてください」,「自宅で酸素吸入を行ってください」,,C,,false,,false,notebooklm,2026-04-05T01:24:41.694Z
2023_nrs_23_pm094,nursing,2023,94,8.がん患者と家族への看護,A.がん患者の抱える苦痛,転移・浸潤に伴う身体的苦痛、身体症状に伴う活動制限,3,Aさんの顔面の浮腫の原因で考えられるのはどれか。,発　熱,貧　血,低蛋白血症,上大静脈の圧迫,,D,,false,,false,notebooklm,2026-04-05T01:24:41.694Z
2023_nrs_23_pm095,nursing,2023,95,8.がん患者と家族への看護,B.がん患者の集学的治療と看護,薬物療法と看護,3,"AさんはR-CHOP療法＜リツキシマブ、シクロホスファミド、ドキソルビシン、ビンクリスチン、プレドニゾロン）を受けた。,,
AさんのR-CHOP療法の初日に生じる可能性がある合併症はどれか。",脱　毛,口内炎,低血糖,好中球減少症,腫瘍崩壊症候群,E,,false,,false,notebooklm,2026-04-05T01:24:41.694Z
2023_nrs_23_pm096,nursing,2023,96,8.がん患者と家族への看護,B.がん患者の集学的治療と看護,薬物療法と看護,3,"AさんはR-CHOP療法終了後も嘔気・嘔吐が続き、制吐薬の追加投与を受けた。治療後3日、「やっと楽になって食事が摂れるようになったけど、やっぱりつらかった。思い出すだけでも気持ち悪くなります」と話している。,,
Aさんの次回のR-CHOP療法において、嘔気・嘔吐への対応で適切なのはどれか。","1日1,000mLの水分摂取",治療前日の夕食の中止,治療前の制吐薬の投与,抗癌薬の減量,,C,,false,,false,notebooklm,2026-04-05T01:24:41.694Z
2023_nrs_23_pm097,nursing,2023,97,5.高齢者の生活を支える看護,D.高齢者の排泄の特徴と援助,高齢者の排泄の特徴,3,Aさんの尿失禁の種類で考えられるのはどれか。,溢流性尿失禁,機能性尿失禁,切迫性尿失禁,腹圧性尿失禁,,C,,false,,false,notebooklm,2026-04-05T01:24:41.694Z
2023_nrs_23_pm098,nursing,2023,98,老年看護学,,,3,"4、5日前からAさんは倦怠感を訴え、ベッドで寝ていることが多くなった。食欲が落ちてきて、1日の水分摂取量も減少した。トイレでの排尿が間に合わないことが多くなり、頻回に尿失禁するようになった。看護師がAさんの尿取りパッドの交換を介助すると尿臭が強く、色も茶褐色であった。Aさんが「おしっこをするとお腹の下の方が痛い。体がだるい」と看護師に訴えたため、体温を測定すると、37.5℃であった。看護師がAさんの状況を施設の医師に報告すると、抗菌薬を内服するように指示が出された。,,
Aさんへの看護師の対応で適切なのはどれか。",日中に飲水を勧める。,下腹部をマッサージする。,抗菌薬は自分で管理してもらう。,昼間は離床して過ごすように促す。,,A,,false,,false,notebooklm,2026-04-05T01:24:41.694Z
2023_nrs_23_pm099,nursing,2023,99,5.高齢者の生活を支える看護,E.高齢者の清潔と衣生活の特徴と援助,身体機能・認知機能に応じた清潔と衣生活の支援,3,"5日後、Aさんは解熱し、少しずつ食欲が出てきた。下腹部痛は消失し、尿失禁の回数も少なくなった。,,
病状の再燃を防止するためのAさんへの対応で適切なのはどれか。",2時間ごとに排尿誘導する。,用手圧迫排尿の方法を指導する。,排尿の度に陰部を洗浄するように促す。,尿取りパッドの交換回数を増やすように指導する。,,D,,false,,false,notebooklm,2026-04-05T01:24:41.694Z
2023_nrs_23_pm100,nursing,2023,100,7.急性期にある子どもと家族への看護,A.急性症状のある子どもと家族への看護,急性的な経過をたどる疾患の特徴と治療,3,Aちゃんの入院時の看護計画で適切なのはどれか。,水分摂取を促す。,1日3回の血圧測定を行う。,食事の持ち込みを許可する。,腰部に消炎鎮痛薬を貼用する。,,B,,false,,false,notebooklm,2026-04-05T01:24:41.694Z
2023_nrs_23_pm101,nursing,2023,101,7.急性期にある子どもと家族への看護,A.急性症状のある子どもと家族への看護,急性的な経過をたどる疾患の特徴と治療,3,"入院3日。両眼瞼の浮腫と肉眼的血尿は続いていた。看護師がAちゃんのベッドサイドを訪れると、Aちゃんは「頭が痛い。気持ち悪い」と訴えた。Aちゃんは体温36.6℃、呼吸数20/分、心拍数92/分、血圧148/88mmHgであった。,,
この状況からAちゃんに起こりうる症状はどれか。",眼のかゆみ,意識障害,耳　漏,鼻　閉,,B,,false,,false,notebooklm,2026-04-05T01:24:41.694Z
2023_nrs_23_pm102,nursing,2023,102,4.病気や診療・入院が子どもと家族に与える影響と看護,F.活動制限が必要な子どもと家族への看護,子どもの発達に応じた日常生活への援助,3,"入院して1週が経過した。症状は軽快傾向にあるが床上安静は続いている。仲が良かった同じ病室の児が退院して、Aちゃんはイライラしている。Aちゃんの母親は、毎日昼食後から夕食まで面会をしている。,,
Aちゃんのストレスに対する看護師の発言で適切なのはどれか。",「すぐに退院できるから頑張ろう」,「好きなだけテレビや動画を観ていいよ」,「ベッドに寝たままプレイルームに行こう」,「夕食後もお母さんに付き添ってもらおう」,,C,,false,,false,notebooklm,2026-04-05T01:24:41.694Z
2023_nrs_23_pm103,nursing,2023,103,4.病気や診療・入院が子どもと家族に与える影響と看護,B.プレパレーション,検査・処置を受ける子どもと家族への支援,3,母親への声かけで適切なのはどれか。,「検査があることは当日に説明しましょう」,「予防接種ができるのであれば心配ありません」,「家でA君に説明できる絵カードをお渡しします」,「看護師3人でA君をしっかりと抑えて採血します」,,C,,false,,false,notebooklm,2026-04-05T01:24:41.694Z
2023_nrs_23_pm104,nursing,2023,104,8.慢性的な疾患・障害がある子どもと家族への看護,A.先天性疾患や慢性的な経過をとる疾患をもつ子どもと家族への看護,セルフケア能力の獲得のための養育と家族への支援,3,"成長ホルモン分泌刺激試験の結果、母親が自宅で毎晩A君に成長ホルモン製剤を注射することになった。外来で母親は注射の手技を習得し、A君も注射に慣れた。,,
自宅での注射に向けて、母親に確認する事項で優先度が高いのはどれか。",保育所でのA君の様子,A君と家族の日課,家族の経済状況,祖父母の居住地,,B,,false,,false,notebooklm,2026-04-05T01:24:41.694Z
2023_nrs_23_pm105,nursing,2023,105,8.慢性的な疾患・障害がある子どもと家族への看護,B.心身障害のある子どもと家族への看護,重症心身障害児と家族発達障害児と家族,3,"3か月後、自宅でのA君への成長ホルモン製剤の注射は順調に実施されている。外来受診時に母親から看護師に「Aが通っている療育センターにも相談しましたが、Aは自閉スペクトラム症であるだけでなく、注射もしているので就学のことを考えると心配です。通常の学級に通わせたいと考えているのですが、通常の学級への就学について教えてください」と相談があった。,,
看護師の説明で適切なのはどれか。",「お母さんが学校で待機する必要があります」,「就学する学級は受入れ先の校長が決定します」,「通常の学級に籍を置くと通級指導は受けられません」,「A君の特性に合わせた配慮を学校に求めることができます」,,D,,false,,false,notebooklm,2026-04-05T01:24:41.694Z
2023_nrs_23_pm106,nursing,2023,106,6.産褥期の看護,D.産褥期の健康問題に対する看護,帝王切開術後,3,"帝王切開術後1日、午前9時、子宮底は臍下1横指、硬度良好、バイタルサインは体温36.9℃、呼吸数18/分、脈拍72/分、整、血圧110/70mmHgであった。夜間に排ガスを認めた。Aさんは「痛み止めを使用した後は眠れましたが、また痛みが出てきました。こんな状態で動けるか心配です。この後の予定を知りたいです」と話した。,,
このときのAさんへの説明で適切なのはどれか。",「入院中は毎日、タオルで身体を拭きます」,「膀胱に入れている管は明日抜きます」,「今日から歩行を開始します」,「食事は明日からです」,,C,,false,,false,notebooklm,2026-04-05T01:24:41.694Z
2023_nrs_23_pm107,nursing,2023,107,2.母性看護の基盤となる概念,B.母性・父性・家族に関する概念,母子相互作用、愛着形成,3,"帝王切開術後3日、子宮底は臍下3横指、悪露は褐色であった。乳房に熱感があり、乳管は左右とも3本開通しており、移行乳の分泌を認める。看護師が訪室するとAさんは「まだ、お腹の創が痛くて、動くのはつらいです」と話す。慣れない手付きで児に授乳をしながら「上手にできなくてごめんね」と児の顔を見て語りかけている。Aさんと児の目と目が合う様子がみられる。,,
アセスメントで適切なのはどれか。",子宮復古が遅れている。,乳汁分泌が遅れている。,母子相互作用がみられる。,マタニティブルーズである。,,C,,false,,false,notebooklm,2026-04-05T01:24:41.694Z
2023_nrs_23_pm108,nursing,2023,108,6.産褥期の看護,D.産褥期の健康問題に対する看護,乳房トラブル,3,"帝王切開術後5日、診察の結果、明日退院することになった。Aさんの乳房は緊満しており、乳管は左右とも5、6本開通している。母児同室を行い、児の哺乳の欲求に合わせて1日10回の授乳を行っている。「母乳で育てたいと思っています。でもおっぱいが張ってつらいです。この子も上手に吸ってくれません」と看護師に話した。,,
このときの看護師の説明で適切なのはどれか。",「授乳の回数を減らしましょう」,「授乳前に乳輪を柔らかくしましょう」,「授乳と授乳の間は乳房を温めましょう」,「乳房の緊満が強くなるのはこれからです」,,B,,false,,false,notebooklm,2026-04-05T01:24:41.694Z
2023_nrs_23_pm109,nursing,2023,109,3.精神看護の対象の理解と支援のための概念,A.援助関係の構築,信頼関係の基礎づくり,3,このときの看護師の対応で適切なのはどれか。,「生きていれば良いことがありますよ」,「薬を飲むと数日で効いて楽になります」,「悲しいことが続くときは誰にでもあります」,「Aさんがつらい状況にあることを私は心配しています」,,D,,false,,false,notebooklm,2026-04-05T01:24:41.694Z
2023_nrs_23_pm110,nursing,2023,110,4.精神疾患・障害がある者とその家族への看護,C.B以外の治療法,電気けいれん療法,3,"Aさんはその後しばらく会話をしたり、食事も少し食べられたりしていたが、入院3日から、臥床したままで1日中全く動かず、昏迷状態になった。検査の結果、軽度の脱水以外の異常はなかった。治療として修正型電気けいれん療法が開始されることになり、実施後20分でAさんは覚醒し、その後の観察中にけいれん発作は認めなかった。実施後30分、Aさんは突然起き上がり興奮し、大きな声で「仕事に行く」と言って病室から出ていこうとした。看護師が制止し、一緒に座って話を聞いたところ、見当識障害、記憶障害、注意障害が認められた。,,
Aさんの状態で正しいのはどれか。",せん妄,躁状態,不安発作,前向性健忘,,A,,false,,false,notebooklm,2026-04-05T01:24:41.694Z
2023_nrs_23_pm111,nursing,2023,111,4.精神疾患・障害がある者とその家族への看護,B.心理・社会的療法,認知行動療法,3,"入院1か月が経過し、Aさんは夜間の睡眠がとれるようになり、食事は全量摂取している。妻から間違いを指摘されたことを思い出し、「何をやってもきっと失敗するだけだ。今度はもっと大きな失敗をして仕事を辞めることになる。だから自分はだめな人間だ。努力しても意味がない」と看護師に言った。,,
Aさんへの治療法で最も適切なのはどれか。",森田療法,集団精神療法,認知行動療法,社会生活技能訓練＜SST＞,,C,,false,,false,notebooklm,2026-04-05T01:24:41.694Z
2023_nrs_23_pm112,nursing,2023,112,3.精神看護の対象の理解と支援のための概念,B.セルフケアへの援助,活動と休息,3,"内服を始めて1週後、Aさんは看護師に「鍵を閉めたかどうかの確認が増え、睡眠時間が減ってつらい」と訴えている。,,
看護師の声かけで適切なのはどれか。",「主治医に薬の変更を相談しましょう」,「睡眠状態を具体的に教えてください」,「Bさんに別の部署に異動したいと伝えてみましょう」,「鍵を閉めたかどうか気になるときは別のことを考えましょう」,,B,,false,,false,notebooklm,2026-04-05T01:24:41.694Z
2023_nrs_23_pm113,nursing,2023,113,4.精神疾患・障害がある者とその家族への看護,E.家族への看護,家族への教育的介入と支援,3,"受診に同行していた母親からは「Aから『私の代わりに鍵が閉まっているか見てきてほしい」といった要望が多い。それに従わないと『どうして私のつらさを分かってくれないの』と大きな声を出す。どのように関わればよいか分からない」と看護師に相談があった。,,
母親への看護師の対応で適切なのはどれか。",要望に応じ続ける方がよいと助言する。,治療の効果が得られるまで待つように伝える。,母親が疾患をどのように理解しているか確認する。,Aさんが大きな声を出しても反応しないように助言する。,,C,,false,,false,notebooklm,2026-04-05T01:24:41.694Z
2023_nrs_23_pm114,nursing,2023,114,4.精神疾患・障害がある者とその家族への看護,B.心理・社会的療法,認知行動療法,3,"選択的セロトニン再取り込み阻害薬＜SSRI＞の内服を始めてから2ヶ月が経過し、Aさんは外出中に鍵を閉め忘れたかもしれないという考えが強くなり、外出から予定より早く帰宅することがある。Aさんは「鍵を閉め忘れていないかの確認を減らしたい」と看護師に相談した。,,
Aさんへの看護師の対応で適切なのはどれか。",外出を控えるよう助言する。,外出するときは誰かに付き添ってもらうよう提案する。,鍵の閉め忘れが気になる理由を考えてみるよう伝える。,鍵の閉め忘れが特に気になるときの前後の状況を振り返るよう促す。,,D,,false,,false,notebooklm,2026-04-05T01:24:41.694Z
2023_nrs_23_pm115,nursing,2023,115,6.症状・疾患・治療に応じた地域・在宅看護,C.主な治療等に応じた在宅看護,人工呼吸療法,3,Aさんの両親に対する看護師の指導で適切なのはどれか。,息苦しいときは非侵襲的陽圧換気の吸気圧を上げる。,人工呼吸器が動かないときはすぐに救急車を要請する。,人工呼吸器が過剰送気を示すときは回路が外れていないか確認する。,マスクの周囲から空気が漏れるときはマスクのベルトをきつく締める。,,C,,false,,false,notebooklm,2026-04-05T01:24:41.694Z
2023_nrs_23_pm116,nursing,2023,116,3.地域・在宅看護における安全と健康危機管理,B.災害による暮らしへの影響,在宅療養者・家族が行う災害時の備え,3,"退院後1週。Aさんの父親から「最近、大雨や落雷、地震による被災の報道が多くて、Aは人工呼吸器を付けているし、弟もまだ小さいので不安です。災害に備え何をすればよいでしょうか」と訪問看護師に相談があった。,,
訪問看護師がAさんの父親に説明する内容で優先度が高いのはどれか。",非常用電源の選び方,福祉避難所への移動手段,足踏み式吸引器の使用方法,ハザードマップの確認方法,,A,,false,,false,notebooklm,2026-04-05T01:24:41.694Z
2023_nrs_23_pm117,nursing,2023,117,6.症状・疾患・治療に応じた地域・在宅看護,C.主な治療等に応じた在宅看護,感染予防対策,3,"退院後6か月。Aさんは人工呼吸器を装着して特別支援学校に通学することにも慣れてきた。Aさんの母親から「弟がインフルエンザと診断された。弟は2階の子ども部屋、Aは1階のリビングで過ごしている。家族全員がインフルエンザの予防接種を受けた。Aにインフルエンザがうつらないか心配」と訪問看護師に連絡があった。,,
訪問看護師の対応で適切なのはどれか。",Aさんが特別支援学校を2週間休むことを勧める。,Aさんが感染予防の目的で入院することを医師に相談する。,Aさんは予防接種を受けているのでうつらないと説明する。,ケアを父母で分担し、弟の担当は弟以外と接触しないことを提案する。,,D,,false,,false,notebooklm,2026-04-05T01:24:41.694Z
2023_nrs_23_pm118,nursing,2023,118,成人看護学,8.がん患者と家族への看護,B.がん患者の集学的治療と看護,3,放射線外来の看護師が行うAさんへの説明で正しいのはどれか。,「入浴直後に照射部位の観察をしましょう」,「照射後は照射部位に冷湿布を貼りましょう」,「照射部位の皮膚は乾燥させておきましょう」,「照射部位は強くこすらないようにしましょう」,,D,,false,,false,notebooklm,2026-04-05T01:24:41.694Z
2023_nrs_23_pm119,nursing,2023,119,成人看護学,8.がん患者と家族への看護,B.がん患者の集学的治療と看護,3,"Aさんの放射線療法が開始され初回の照射を終えた。放射線外来の看護師は、終了後にAさんへ声をかけた。Aさんは「ベッドは硬いし、最後まで同じ姿勢でいることがとても苦痛です。大きな音がするので恐怖も感じます」と訴えた。,,
このときの看護師の説明で正しいのはどれか。",「次回から照射中は傍に付き添います」,「治療体位をとるための固定具を工夫してみます」,「照射時間を短くできるよう主治医に相談してみます」,「照射中に体位変換ができるよう放射線技師に相談します」,,B,,false,,false,notebooklm,2026-04-05T01:24:41.694Z
2023_nrs_23_pm120,nursing,2023,120,成人看護学,9.終末期にある患者および緩和ケアを必要とする患者と家族への看護,B.エンド・オブ・ライフ・ケア＜end-of-life care＞,3,"Aさんが放射線治療を終了して半年後、腰部と右大腿部の痛みが出現した。倦怠感と食欲不振が続いたため病院を受診し精密検査を受けた。骨転移していることが分かり、Aさんと妻に主治医から余命と治療方針の説明があった。Aさんはその場で「痛みを取り除いてほしい。つらい治療は受けたくない」と訴え、3日後に緩和ケア病棟に入院した。,,
入院翌日、受け持ちの看護師Bが、プリセプターである看護師に「今朝、奥さんの顔色が悪くふらついていたので声をかけると『夫の最期を受け入れられない気がして不安です』と打ち明けられました。昨夜も眠らずにAさんに付き添っていたようでした。奥さんにどう対応したらよいのでしょうか」と相談した。,,
プリセプターである看護師が看護師Bに助言する内容で適切なのはどれか。",妻がAさんの死を受け入れられるよう妻を励ますこと,妻がAさんへの思いを看護師Bに語る時間をつくること,Aさんの予後について再度主治医から妻へ説明するよう調整すること,妻がAさんの死を受け入れられるまで夜も付き添うよう妻に伝えること,,B,,false,,false,notebooklm,2026-04-05T01:24:41.694Z
2024_nrs_24_am001,nursing,2024,1,1. 健康の定義と理解,B.健康に関する指標,労働人口,3,日本の令和4年（2022年）の生産年齢人口の構成割合に最も近いのはどれか。,40％,50％,60％,70％,,C,,false,,false,notebooklm,2026-04-05T01:24:41.694Z
2024_nrs_24_am002,nursing,2024,2,1. 健康の定義と理解,B.健康に関する指標,平均寿命、平均寿命、健康寿命,3,平均寿命で正しいのはどれか。,0歳の平均余命である。,50歳の平均余命である。,死亡者の平均年齢である。,健康な60歳の健康寿命と同じである。,,A,,false,,false,notebooklm,2026-04-05T01:24:41.694Z
2024_nrs_24_am003,nursing,2024,3,2. 健康に影響する要因,A.生活行動・習慣,活動と運動、レクリエーション,3,令和元年（2019年）の国民健康・栄養調査で、運動習慣のある割合が最も高いのはどれか。,20歳代,40歳代,60歳代,70歳以上,,D,,false,,false,notebooklm,2026-04-05T01:24:41.694Z
2024_nrs_24_am004,nursing,2024,4,15. 患者の安全・安楽を守る看護技術,B.医療安全対策,転倒・転落の防止,3,高齢者の転倒予防のための環境づくりで適切なのはどれか。,玄関にマットを敷く。,廊下に手すりをつける。,夜間は廊下の照明を消す。,椅子にキャスターをつける。,,B,,false,,false,notebooklm,2026-04-05T01:24:41.694Z
2024_nrs_24_am005,nursing,2024,5,3.看護で活用する社会保障,A.医療保険精度の基本,給付の内容,3,医療保険の給付の対象となるのはどれか。,疾病の診察,人間ドック,市販薬の購入,定期予防接種,,A,,false,,false,notebooklm,2026-04-05T01:24:41.694Z
2024_nrs_24_am006,nursing,2024,6,6.人間の特性,A.人間と欲求,基本的欲求,3,"マズロー,A.H.の基本的欲求の階層で生理的欲求はどれか。",仲間を持ちたい。,空腹を満たしたい。,自分らしくありたい。,他者から称賛されたい。,,B,,false,,false,notebooklm,2026-04-05T01:24:41.694Z
2024_nrs_24_am007,nursing,2024,7,10.人体の構造と機能,A.人体の基本的な構造と正常な機能,妊娠・分娩・産褥の経過,3,胎児循環で酸素を最も多く含む血液が流れているのはどれか。,臍静脈,臍動脈,肺静脈,肺動脈,,A,,false,,false,notebooklm,2026-04-05T01:24:41.694Z
2024_nrs_24_am008,nursing,2024,8,7.人間のライフサイクル各期の特徴と生活,D.学童期,運動能力の発達、体力の特徴,3,永久歯が生え始める目安となる年齢はどれか。,3歳,6歳,9歳,12歳,,B,,false,,false,notebooklm,2026-04-05T01:24:41.694Z
2024_nrs_24_am009,nursing,2024,9,7.人間のライフサイクル各期の特徴と生活,D.学童期,運動能力の発達、体力の特徴,3,学童の体格を評価するのに用いるのはどれか。,Kaup＜カウプ＞指数,Rohrer＜ローレル＞指数,Tanner＜タナー＞の分類,Scammon＜スキャモン＞の発育曲線,,B,,false,,false,notebooklm,2026-04-05T01:24:41.694Z
2024_nrs_24_am010,nursing,2024,10,1. 健康の定義と理解,B.健康に関する指標,世帯数,3,令和4年（2022年）の国民生活基礎調査で全世帯に占める65歳以上の者がいる世帯の割合に最も近いのはどれか。,10％,30％,50％,70％,,C,,false,,false,notebooklm,2026-04-05T01:24:41.694Z
2024_nrs_24_am011,nursing,2024,11,10.人体の構造と機能,A.人体の基本的な構造と正常な機能,感覚器系,3,眼球運動を行う神経はどれか。,視神経,外転神経,顔面神経,三叉神経,,B,,false,,false,notebooklm,2026-04-05T01:24:41.694Z
2024_nrs_24_am012,nursing,2024,12,10.人体の構造と機能,A.人体の基本的な構造と正常な機能,消化器系,3,成人の食道の構造で正しいのはどれか。,胃の幽門につながる。,上1/3が平滑筋である。,生理的狭窄部位がある。,長さは約45cmである。,,C,,false,,false,notebooklm,2026-04-05T01:24:41.694Z
2024_nrs_24_am013,nursing,2024,13,11.徴候と疾患,A.主要な症状と徴候,不整脈,3,"心電図波形を示す。,,
心室頻拍はどれか。",&#160;,&#160;,&#160;,&#160;,,D,,false,,false,notebooklm,2026-04-05T01:24:41.694Z
2024_nrs_24_am014,nursing,2024,14,11.徴候と疾患,A.主要な症状と徴候,黄疸,3,閉塞性黄疸の患者にみられる便の色はどれか。,赤,黄,黒,灰　白,,D,,false,,false,notebooklm,2026-04-05T01:24:41.694Z
2024_nrs_24_am015,nursing,2024,15,11.徴候と疾患,A.主要な症状と徴候,運動麻痺,3,下垂手の原因はどれか。,尺骨神経麻痺,正中神経麻痺,橈骨神経麻痺,腓骨神経麻痺,,C,,false,,false,notebooklm,2026-04-05T01:24:41.694Z
2024_nrs_24_am016,nursing,2024,16,11.徴候と疾患,A.主要な症状と徴候,乏尿、無尿、頻尿、多尿,3,前立腺肥大症患者の頻尿の原因はどれか。,多　尿,残尿量の増加,膀胱刺激症状,器質的膀胱容量の減少,,B,,false,,false,notebooklm,2026-04-05T01:24:41.694Z
2024_nrs_24_am017,nursing,2024,17,11.徴候と疾患,C.基本的な臨床検査値の評価,尿検査,3,尿中ケトン体が陽性になる疾患はどれか。,痛　風,肝硬変,糖尿病,ネフローゼ症候群,,C,,false,,false,notebooklm,2026-04-05T01:24:41.694Z
2024_nrs_24_am018,nursing,2024,18,12.薬物の作用とその管理,A.主な薬物の効果と副作用（有害事象）,抗がん薬,3,抗癌薬の副作用（有害事象）で骨髄抑制によるものはどれか。,嘔　吐,脱　毛,血球減少,神経障害,,C,,false,,false,notebooklm,2026-04-05T01:24:41.694Z
2024_nrs_24_am019,nursing,2024,19,14.日常生活援助技術,B.排泄,失禁のケア,3,骨盤底筋訓練が有効な尿失禁はどれか。,溢流性尿失禁,機能性尿失禁,切迫性尿失禁,腹圧性尿失禁,,D,,false,,false,notebooklm,2026-04-05T01:24:41.694Z
2024_nrs_24_am020,nursing,2024,20,14.日常生活援助技術,"""C","活動と休息""",3,看護師のボディメカニクスで正しいのはどれか。,動作時の重心は高い位置に置く。,立位では支持基底面を広くとる。,重心線は支持基底面の外側に置く。,足底と床の間の摩擦力を小さくする。,,B,,false,,false,notebooklm,2026-04-05T01:24:41.694Z
2024_nrs_24_am021,nursing,2024,21,15.患者の安全・安楽を守る看護技術,A.療養環境,病室環境,3,病室の湿度で適切なのはどれか。,10％,30％,50％,70％,,C,,false,,false,notebooklm,2026-04-05T01:24:41.694Z
2024_nrs_24_am022,nursing,2024,22,15.患者の安全・安楽を守る看護技術,C.感染対策対策,感染経路別予防策,3,空気感染（飛沫核感染）の予防策はどれか。,消毒薬の噴霧,病室の陽圧換気,N95マスクの着用,ラビング法の手指消毒,,C,,false,,false,notebooklm,2026-04-05T01:24:41.694Z
2024_nrs_24_am023,nursing,2024,23,16.診療に伴う看護技術,C.輸液・輸血管理,点滴静脈注射,3,成人の持続点滴静脈内注射の方法で適切なのはどれか。,点滴筒には1/5の薬液を満たす。,刺入部が見えないように固定する。,刺入部は関節などの活動を妨げる部位を避ける。,液面が刺入部から30cmの高さになるように輸液バッグをかける。,,C,,false,,false,notebooklm,2026-04-05T01:24:41.694Z
2024_nrs_24_am024,nursing,2024,24,16.診療に伴う看護技術,E.呼吸管理,体位ドレナージ,3,体位ドレナージの目的はどれか。,関節拘縮の予防,痛みの軽減,睡眠の導入,排痰の促進,,D,,false,,false,notebooklm,2026-04-05T01:24:41.694Z
2024_nrs_24_am025,nursing,2024,25,16.診療に伴う看護技術,F.救命救急処置,胸骨圧迫,3,心静止の患者に投与する薬剤はどれか。,ドパミン,アトロピン,リドカイン,アドレナリン,,D,,false,,false,notebooklm,2026-04-05T01:24:41.694Z
2024_nrs_24_am026,nursing,2024,26,4.運動器系,C.骨格筋の構造と機能,筋収縮の機構,3,"神経筋接合部にあるイオンチャネル型受容体にアセチルコリンが結合すると、あるイオンが筋細胞内に流入する。,,
このイオンはどれか。",塩化物イオン,カリウムイオン,カルシウムイオン,ナトリウムイオン,,D,,false,,false,notebooklm,2026-04-05T01:24:41.694Z
2024_nrs_24_am027,nursing,2024,27,2.生体リズムと内部環境の恒常性,A.生体リズム,概日リズム<サーカディアンリズム>,3,規則的な日常生活を送っている成人で、血中濃度が1日のうち起床時に最も高くなるのはどれか。,アドレナリン,コルチゾール,成長ホルモン,メラトニン,,B,,false,,false,notebooklm,2026-04-05T01:24:41.694Z
2024_nrs_24_am028,nursing,2024,28,9.生体の防御機構,B.特異的生体防御反応（免疫系）,胸腺、脾臓、リンパ組織,3,胸管について正しいのはどれか。,集めたリンパを左鎖骨下動脈に注ぐ。,右側の頸リンパ本幹と合流する。,毛細リンパ管網である。,乳び槽から始まる。,,D,,false,,false,notebooklm,2026-04-05T01:24:41.694Z
2024_nrs_24_am029,nursing,2024,29,11.消化器系,A.咀嚼・嚥下,嚥下,3,嚥下反射に伴って起こるのはどれか。,甲状腺の上下の動き,肝臓の上下の動き,声門の開放,舌根の沈下,,A,,false,,false,notebooklm,2026-04-05T01:24:41.694Z
2024_nrs_24_am030,nursing,2024,30,16.生殖器系,C.受精と発生,初期発生と器官形成,3,"胎生3週の発生過程にある胚子の横断面を図に示す。,,
Aから分化するのはどれか。",気　管,食　道,脊　髄,大動脈,,C,,true,,false,notebooklm,2026-04-05T01:24:41.694Z
2024_nrs_24_am031,nursing,2024,31,14.運動機能,A.運動器系の疾患の病態と診断・治療,重症筋無力症,3,重症筋無力症に合併する頻度が最も高いのはどれか。,胸腺腫,胸膜中皮腫,甲状腺腫瘍,悪性リンパ腫,,A,,false,,false,notebooklm,2026-04-05T01:24:41.695Z
2024_nrs_24_am032,nursing,2024,32,6.健康と公衆衛生,D.健康に関する指標に基づく公衆衛生,受療状況、有病率、罹患率,3,令和2年（2020年）の患者調査における入院医療で正しいのはどれか。,都道府県別の受療率の差はない。,推計患者数が最も多いのは循環器系疾患である。,年齢階級別の受療率が最も高いのは80歳代である。,平均在院日数が最も長いのは精神及び行動の障害である。,,D,,false,,false,notebooklm,2026-04-05T01:24:41.695Z
2024_nrs_24_am033,nursing,2024,33,10.生活者の健康増進,A.生活習慣病の予防,喫煙・飲酒対策,3,令和元年（2019年）の国民健康・栄養調査で正しいのはどれか。,20歳以上女性の喫煙率は7.6％,20歳代女性のやせの割合は10.5％,20歳以上女性の食塩摂取量の平均値は6.5g/日,20歳以上女性の野菜摂取量の平均値は400g/日,,A,,false,,false,notebooklm,2026-04-05T01:24:41.695Z
2024_nrs_24_am034,nursing,2024,34,1.看護の基本となる概念,B.看護の対象,社会・文化的存在,3,患者の個別性を理解するために必要な概念はどれか。,ダイバーシティ,パターナリズム,プライマリヘルスケア,ソーシャルインクルージョン,,A,,false,,false,notebooklm,2026-04-05T01:24:41.695Z
2024_nrs_24_am035,nursing,2024,35,3.看護における基本技術,D.看護業務に関する情報,看護業務に関する情報の記録・報告・共有,3,"入院中のAさんは昨晩、体温が38.8℃であったため解熱剤の坐薬を使用した。今朝の検温では37.0℃であった。Aさんが「ずっとお風呂に入っていないから背中がかゆい」と話したため、看護師が確認すると背部に発汗がみられた。,,
客観的情報の記録で適切なのはどれか。",背中がかゆい。,背部に発汗がある。,坐薬の効果があった。,全身清拭を実施する。,,B,,false,,false,notebooklm,2026-04-05T01:24:41.695Z
2024_nrs_24_am036,nursing,2024,36,3.看護における基本技術,F.感染防止対策,手洗い、消毒、滅菌法、無菌操作,3,人体には使用しない消毒薬はどれか。,グルタラール,ポビドンヨード,塩化ベンザルコニウム,クロルヘキシジングルコン酸塩,,A,,false,,false,notebooklm,2026-04-05T01:24:41.695Z
2024_nrs_24_am037,nursing,2024,37,3.看護における基本技術,H.安楽の確保,安楽を提供するためのケア,3,リラクセーションを目的とした腹式呼吸の方法で適切なのはどれか。,浅い呼吸を繰り返す。,呼吸に意識を集中する。,1分間に20回のペースで行う。,吸気と呼気の時間の比率を2：1とする。,,B,,false,,false,notebooklm,2026-04-05T01:24:41.695Z
2024_nrs_24_am038,nursing,2024,38,5.診療に伴う看護技術,A.呼吸、循環、体温調整,酸素吸入の適応と方法,3,高濃度の酸素吸入によってCO2ナルコーシスを生じる危険性が最も高いのはどれか。,無気肺,肺塞栓症,間質性肺炎,慢性閉塞性肺疾患＜COPD＞,,D,,false,,false,notebooklm,2026-04-05T01:24:41.695Z
2024_nrs_24_am039,nursing,2024,39,5.診療に伴う看護技術,B.皮膚・創傷管理,洗浄、保護、包帯法,3,"左肘を固定するために三角巾を置く位置を図に示す。,,
適切なのはどれか。",&#160;,&#160;,&#160;,&#160;,,A,,true,,false,notebooklm,2026-04-05T01:24:41.695Z
2024_nrs_24_am040,nursing,2024,40,5.診療に伴う看護技術,D.輸液・輸血管理,輸液・輸血の種類と取り扱い方法,3,新鮮凍結血漿の説明で正しいのはどれか。,30～37℃の湯で融解する。,輸血には輸液セットを使用する。,融解後は48時間以内に使用する。,融解後に直ちに使用しない場合は20～24℃で保管する。,,A,,false,,false,notebooklm,2026-04-05T01:24:41.695Z
2024_nrs_24_am041,nursing,2024,41,5.診療に伴う看護技術,E.救命救急処置,一次救命処置＜BLS＞,3,一次救命処置＜BLS＞で回復体位はどれか。,&#160;,&#160;,&#160;,&#160;,,B,,false,,false,notebooklm,2026-04-05T01:24:41.695Z
2024_nrs_24_am042,nursing,2024,42,5.診療に伴う看護技術,F. 生体機能のモニタリング,生体検査（エックス線撮影、超音波、CT、MRI、心電図、内視鏡、核医学）,3,上部消化管内視鏡検査で適切なのはどれか。,検査前日の就寝前に緩下薬を内服する。,検査の12時間前から禁食とする。,検査時の体位は右側臥位とする。,終了直後から飲食は可能である。,,B,,false,,false,notebooklm,2026-04-05T01:24:41.695Z
2024_nrs_24_am043,nursing,2024,43,4.老年看護の基本,C.高齢者の生活を支える制度と施策,成年後見制度,3,成年後見制度で正しいのはどれか。,地域生活支援事業の1つとして位置付けられる。,後見の対象者は大体のことを自分で判断できる者である。,審判を受けるための申し立て先は社会福祉協議会である。,法定後見制度とは判断能力の低下に備えあらかじめ後見人を決めておくことである。,,A,,false,,false,notebooklm,2026-04-05T01:24:41.695Z
2024_nrs_24_am044,nursing,2024,44,4.地域・在宅看護実践をめぐる制度の概要,A.訪問看護制度の理解,訪問看護の対象と提供方法,3,要介護認定者であっても、訪問看護が医療保険で提供される疾患はどれか。,糖尿病,認知症,脳梗塞,多発性硬化症,,D,,false,,false,notebooklm,2026-04-05T01:24:41.695Z
2024_nrs_24_am045,nursing,2024,45,6.症状・疾患・治療に応じた地域・在宅看護,C.主な治療等に応じた在宅看護,薬物療法,3,"Aさん（78歳、女性）は認知症があり、認知症高齢者の日常生活自立度判定基準Ⅰである。1人で暮らしており、かかりつけの医師から処方された複数の内服薬を1日3回服用している。嚥下障害はない。Aさんは「薬がたくさんあって、余る薬もあるのよ」と訪問看護師に話した。,,
このときの服薬管理で適切なのはどれか。",内服薬を一包化する。,薬剤の形状を変更する。,訪問看護師の訪問時に内服する。,複数の内服薬を1つの箱にまとめて保管する。,,A,,false,,false,notebooklm,2026-04-05T01:24:41.695Z
2024_nrs_24_am046,nursing,2024,46,2.地域・在宅看護における基盤となる概念,D.地域・在宅看護の目的と特徴,ケアマネジメント,3,介護保険制度のケアマネジメントで適切なのはどれか。,地域の課題を抽出する。,地域ケア会議を開催する。,要介護状態区分を判定する。,対象者のモニタリングを行う。,,D,,false,,false,notebooklm,2026-04-05T01:24:41.695Z
2024_nrs_24_am047,nursing,2024,47,3.急性期にある患者と家族の看護,A.急性期にある患者と家族の特徴,身体的特徴心理的特徴,3,急性期の患者に起きる生体反応で正しいのはどれか。,エネルギー代謝が低下する。,蛋白質の同化が異化を上回る。,カテコールアミンの分泌が亢進する。,抗利尿ホルモン＜ADH＞の分泌が低下する。,,C,,false,,false,notebooklm,2026-04-05T01:24:41.695Z
2024_nrs_24_am048,nursing,2024,48,6.慢性疾患がある患者と家族の看護,D.社会的支援の獲得への援助,セルフヘルプグループ・サポートグループ・家族会の活用と支援,3,セルフヘルプグループについて正しいのはどれか。,医療従事者が運営する。,営利を目的にした団体である。,当事者同士の交流による心理的効果がある。,在籍年数の長いメンバーの意見が重視される。,,C,,false,,false,notebooklm,2026-04-05T01:24:41.695Z
2024_nrs_24_am049,nursing,2024,49,8.がん患者と家族への看護,A.がん患者の抱える苦痛,転移・浸潤に伴う身体的苦痛、身体症状に伴う活動制限,3,終末期癌患者にみられる悪液質の徴候はどれか。,体重減少,がん性疼痛,リンパ浮腫,末梢神経障害,,A,,false,,false,notebooklm,2026-04-05T01:24:41.695Z
2024_nrs_24_am050,nursing,2024,50,8.がん患者と家族への看護,A.がん患者の抱える苦痛,社会的苦痛,3,がん患者の家族における社会的苦痛はどれか。,「患者にはどのがん治療が適切なのか」,「なぜ自分の家族はがんに罹患したのか」,「患者のがん治療を代わることはできないのか」,「治療の期間が長くなり、出費が続くと自分の生活はどうなるのか」,,D,,false,,false,notebooklm,2026-04-05T01:24:41.695Z
2024_nrs_24_am051,nursing,2024,51,10.呼吸機能障害のある患者の看護,D.病期や機能障害に応じた看護,気胸,3,"Aさん（27歳、男性）は、突然の胸痛と呼吸困難があり、救急外来を受診した。意識は清明。身長179cm、体重63kg、胸郭は扁平である。20歳から1日50本の喫煙をしている。バイタルサインは、体温36.1℃、呼吸数22/分、経皮的動脈血酸素飽和度（SpO2）96％（room air）である。,,
胸部CTを示す。,,
Aさんの所見から考えられるのはどれか。",酸素吸入が必要である。,抗菌薬投与が必要である。,右肺野の呼吸音は減弱している。,左胸腔内は液体成分で占められている。,,C,,false,,false,notebooklm,2026-04-05T01:24:41.695Z
2024_nrs_24_am052,nursing,2024,52,13.栄養代謝機能障害のある患者の看護,C.治療を受ける患者への看護,膵頭十二指腸切除術,3,膵頭十二指腸切除術においてドレーンを留置する場所で正しいのはどれか。,Magendie＜マジャンディー＞孔,Winslow＜ウインスロー＞孔,Luschka＜ルシュカ＞孔,Monro＜モンロー＞孔,,B,,false,,false,notebooklm,2026-04-05T01:24:41.695Z
2024_nrs_24_am053,nursing,2024,53,15.内分泌機能障害のある患者の看護,B.検査・処置を受ける患者への看護,血糖自己測定＜SMBG＞,3,自己血糖測定を行う患者への説明で正しいのはどれか。,「皮下の間質液のグルコースを測定します」,「耳たぶから検体を採取します」,「採取部位の消毒は不要です」,「低血糖が分かります」,,D,,false,,false,notebooklm,2026-04-05T01:24:41.695Z
2024_nrs_24_am054,nursing,2024,54,16.身体防御機能の障害のある患者の看護,B.検査・処置を受ける患者への看護,骨髄検査,3,"成人の骨髄検査の穿刺部位を図に示す。,,
正しいのはどれか。",①,②,③,④,,C,,true,,false,notebooklm,2026-04-05T01:24:41.695Z
2024_nrs_24_am055,nursing,2024,55,19.運動機能障害のある患者の看護,B.検査・処置を受ける患者への看護,関節可動域＜ROM＞検査徒手筋力テスト＜MMT＞脊髄造影、椎間板造影神経ブロック,3,脊髄造影を受ける患者への説明で正しいのはどれか。,「検査前の食事制限はありません」,「造影剤が硬膜外腔に注入されます」,「検査後は頭痛の有無を確認します」,「検査後はベッドを水平にします」,,C,,false,,false,notebooklm,2026-04-05T01:24:41.695Z
2024_nrs_24_am056,nursing,2024,56,3.高齢者の健康,B.老年期における身体機能の変化,消化器系,3,老化に伴う消化器系の変化で正しいのはどれか。,大腸の蠕動運動が低下する。,膵液分泌量が増加する。,唾液分泌量が増加する。,胃粘膜が萎縮する。,,A,,false,,false,notebooklm,2026-04-05T01:24:41.695Z
2024_nrs_24_am057,nursing,2024,57,4.老年看護の基本,B.老年看護の倫理,高齢者虐待,3,令和3年度（2021年度）の高齢者虐待の防止、高齢者の養護者に対する支援等に関する法律に基づく対応状況等に関する調査で、養介護施設従事者等による高齢者虐待について正しいのはどれか。,虐待の種類は心理的虐待が最も多い。,被虐待高齢者は女性が全体の90％を占める。,発生要因は養介護施設従事者等のストレスの問題が最も多い。,虐待件数は養介護施設従事者等による虐待より養護者によるものが多い。,,D,,false,,false,notebooklm,2026-04-05T01:24:41.695Z
2024_nrs_24_am058,nursing,2024,58,4.地域・在宅看護実践をめぐる制度の概要,B.地域・在宅看護におけるサービス体系の理解,複合型サービス（看護小規模多機能型居宅介護）在宅看護に関連する法令,3,医療ニーズが高い要介護者が「通い」「訪問」「泊まり」のサービスを組み合わせて受けられる地域密着型サービスはどれか。,短期入所療養介護,看護小規模多機能型居宅介護,地域密着型特定施設入所者生活介護,認知症対応型共同生活介護＜グループホーム＞,,B,,false,,false,notebooklm,2026-04-05T01:24:41.695Z
2024_nrs_24_am059,nursing,2024,59,6.さまざまな健康状態や受療状況に応じた高齢者の看護,H.薬物治療を受ける高齢者の看護,高齢者の薬物動態の特徴高齢者の服薬行動の特徴ポリファーマシー,3,ポリファーマシーの説明で正しいのはどれか。,医療者の指示どおりに服薬しない状況,多剤併用による有害な事象が生じている状態,認知機能の低下により服薬管理が困難な状態,処方されている薬の内容を理解していない状況,,B,,false,,false,notebooklm,2026-04-05T01:24:41.695Z
2024_nrs_24_am060,nursing,2024,60,9.多様な場で生活する高齢者を支える看護,B.介護保険施設に入所する高齢者の暮らしと看護,介護保険施設の種類と特徴,3,介護医療院の説明で正しいのはどれか。,健康保険法に基づき設置される。,入所対象者は要介護3以上である。,要介護高齢者の長期療養・生活施設である。,看護職員数は入所者100人当たり3人である。,,C,,false,,false,notebooklm,2026-04-05T01:24:41.695Z
2024_nrs_24_am061,nursing,2024,61,1.子どもと家族を取り巻く環境,C.子どもと家族を取り巻く社会資源の活用,小児保健医療福祉施策の活用,3,最も新しく制定された法律はどれか。,母子保健法,児童虐待の防止等に関する法律,子どもの貧困対策の推進に関する法律,医療的ケア児及びその家族に対する支援に関する法律,,D,,false,,false,notebooklm,2026-04-05T01:24:41.695Z
2024_nrs_24_am062,nursing,2024,62,3.小児各期における健康増進のための子どもと家族への看護,B.生活リズムの確立,基本的生活習慣の確立,3,"一次性の夜尿症で通院中の7歳の女児。,,
保護者への生活のアドバイスで適切なのはどれか。",「1日に飲む水分の量を減らしましょう」,「寝る直前に水分をしっかり飲ませましょう」,「おねしょをしても叱らないようにしましょう」,「夜中、決めた時間に起こして排尿を促しましょう」,,C,,false,,false,notebooklm,2026-04-05T01:24:41.695Z
2024_nrs_24_am063,nursing,2024,63,2.子どもの成長・発達,C.小児期における成長・発達の特徴,アタッチメント、分離不安,3,生後6～8か月ころの乳児で、親などの特定の人が自分の傍から離れたときに泣いたり後追いをしたりするのはどれか。,分離不安,アニミズム,自我の芽生え,アンビバレント,,A,,false,,false,notebooklm,2026-04-05T01:24:41.695Z
2024_nrs_24_am064,nursing,2024,64,8.慢性的な疾患・障害がある子どもと家族への看護,A.先天性疾患や慢性的な経過をとる疾患をもつ子どもと家族への看護,発達に応じたセルフケア能力の獲得・自立支援,3,"A君（6歳、男児）は腹痛のため来院し、ネフローゼ症候群と診断され入院した。ステロイド治療が開始され、本日が7日目である。尿量の増加がみられ浮腫が軽減し、血圧は128/80mmHg、尿蛋白＋であった。,,
A君に説明する必要があるのはどれか。",手指衛生,床上安静,水分摂取の制限,蛋白質の摂取の制限,,A,,false,,false,notebooklm,2026-04-05T01:24:41.695Z
2024_nrs_24_am065,nursing,2024,65,2.母性看護の基盤となる概念,A.リプロダクティブ・ヘルスに関する概念,セックス、ジェンダー,3,セクシュアリティに関する用語と説明の組合せで正しいのはどれか。,性的指向 -- 表現する性,セックス -- 性愛の対象,ジェンダー -- 生殖性の性,ジェンダーアイデンティティ -- 自身の性別の認識,,D,,false,,false,notebooklm,2026-04-05T01:24:41.695Z
2024_nrs_24_am066,nursing,2024,66,2.母性看護の基盤となる概念,C.女性や母子へのケアに関する概念,プレコンセプションケア,3,プレコンセプションケアについて正しいのはどれか。,ケアの対象は女性に限定されている。,母体保護法によって規定されている。,国際連合＜UN＞によって提唱されている。,将来の妊娠に向けた健康の保持増進を目的としている。,,D,,false,,false,notebooklm,2026-04-05T01:24:41.695Z
2024_nrs_24_am067,nursing,2024,67,4.妊娠期の看護,E.妊娠期のケアに必要な技術,胎児心拍数陣痛図、ノンストレステスト＜NST＞胎児の超音波断層法の介助,3,正期産の時期のノンストレステスト＜NST＞で正常なのはどれか。,20分に2回以上の一過性頻脈がある。,胎児心拍数基線が80bpmである。,基線細変動が5bpmである。,一過性徐脈がある。,,A,,false,,false,notebooklm,2026-04-05T01:24:41.695Z
2024_nrs_24_am068,nursing,2024,68,6.産褥期の看護,A.正常な産褥の経過と産褥期の異常,生殖器の変化乳房の変化 子宮復古不全産褥熱,3,子宮復古不全の要因はどれか。,胎児発育不全＜FGR＞,卵膜の子宮内遺残,分娩直後の授乳,膀胱炎,,B,,false,,false,notebooklm,2026-04-05T01:24:41.695Z
2024_nrs_24_am069,nursing,2024,69,7.早期新生児期の看護,C.早期新生児とその家族への看護,全身計測,3,出生直後の新生児の計測方法で正しいのはどれか。,身長は側臥位で計測する。,体重はオムツをつけて計測する。,頭囲は後頭結節とオトガイの周囲を計測する。,胸囲は肩甲骨直下と左右の乳頭を通る周囲を計測する。,,D,,false,,false,notebooklm,2026-04-05T01:24:41.695Z
2024_nrs_24_am070,nursing,2024,70,6.精神保健医療福祉の変遷と法や施策,A.患者の権利擁護＜アドボカシー＞,隔離、身体拘束,3,精神科病院入院患者の身体的拘束中に発生しやすい合併症はどれか。,糖尿病,足白癬,悪性症候群,肺血栓塞栓症,,D,,false,,false,notebooklm,2026-04-05T01:24:41.695Z
2024_nrs_24_am071,nursing,2024,71,2.主な精神疾患・障害の特徴と看護,I.知的障害＜精神遅滞＞,臨床検査および心理検査と看護薬物療法と看護,3,知的障害＜精神遅滞＞について正しいのはどれか。,成人期に発症する。,退行現象の1つである。,統合失調症が原因となる。,知的機能と適応機能が障害される。,,D,,false,,false,notebooklm,2026-04-05T01:24:41.695Z
2024_nrs_24_am072,nursing,2024,72,4.精神疾患・障害がある者とその家族への看護,B.心理・社会的療法,生活技能訓練＜SST＞,3,社会生活技能訓練＜SST＞について正しいのはどれか。,認知行動療法の1つである。,生活リズムの改善が目的である。,レクリエーション活動を中心に行う。,アウトリーチによる支援が原則である。,,A,,false,,false,notebooklm,2026-04-05T01:24:41.695Z
2024_nrs_24_am073,nursing,2024,73,6.精神保健医療福祉の変遷と法や施策,A.患者の権利擁護＜アドボカシー＞,隔離、身体拘束,3,精神科病院での行動制限で正しいのはどれか。,家族の同意により身体的拘束を決定する。,行動制限最小化委員会は患者の隔離の具体的な内容を決定する。,12時間を超える隔離については、精神保健指定医の判断が必要である。,暴力行為があった場合は、当該患者の精神症状が落ち着くまで身体的拘束をする。,,C,,false,,false,notebooklm,2026-04-05T01:24:41.695Z
2024_nrs_24_am074,nursing,2024,74,11.人々の健康を支える職種やサービス提供体制に関する法や施策,A.看護職に関する法,保健師助産師看護師法,3,看護師の特定行為で正しいのはどれか。,都道府県が指定する研修機関で研修を行う。,手順書は看護師が作成する。,医師法に基づいている。,診療の補助である。,,D,,false,,false,notebooklm,2026-04-05T01:24:41.695Z
2024_nrs_24_am075,nursing,2024,75,11.人々の健康を支える職種やサービス提供体制に関する法や施策,C.サービスの提供体制,医療法,3,診療に関する諸記録に看護記録が含まれることを規定しているのはどれか。,医師法,医療法施行規則,個人情報の保護に関する法律,保健師助産師看護師法施行規則,,B,,false,,false,notebooklm,2026-04-05T01:24:41.695Z
2024_nrs_24_am076,nursing,2024,76,1.看護におけるマネジメント,F.看護師の働き方のマネジメント,ワーク・ライフ・バランスを促進する働き方,3,ワーク・ライフ・バランスの取り組みで正しいのはどれか。,働き方の標準化を図る取り組みである。,女性のライフサイクルに特化した取り組みである。,自己啓発や社会活動にも適応される取り組みである。,キャリアを主体的に設計し実現していく取り組みである。,,C,,false,,false,notebooklm,2026-04-05T01:24:41.695Z
2024_nrs_24_am077,nursing,2024,77,2.災害と看護,B.災害各期の特徴と看護,災害時に生じやすい健康被害の特徴,3,避難所生活において、身体活動が低下し続けている高齢者に最も起こりやすいのはどれか。,感　染,脱　水,せん妄,生活不活発病,,D,,false,,false,notebooklm,2026-04-05T01:24:41.695Z
2024_nrs_24_am078,nursing,2024,78,9.生体の防御機構,A.非特異性生体防御機構,食細胞とサイトカイン,3,急性の化膿性炎症で最初に血管外に遊走し炎症の中心となるのはどれか。,血小板,好酸球,好中球,赤血球,リンパ球,C,,false,,false,notebooklm,2026-04-05T01:24:41.695Z
2024_nrs_24_am079,nursing,2024,79,4.疾病にたいする医療,A.診断の基本と方法,検体検査,3,過剰に摂取すると試験紙法による尿潜血検査が偽陰性となるのはどれか。,葉　酸,ビタミンA,ビタミンB<sub>1</sub>,パントテン酸,アスコルビン酸,E,,false,,false,notebooklm,2026-04-05T01:24:41.695Z
2024_nrs_24_am080,nursing,2024,80,3.基本的な病因とその成り立ち,B.生体の障害,免疫異常、アレルギー,3,Ⅱ型アレルギーで起こる疾患はどれか。,糸球体腎炎,関節リウマチ,アトピー性皮膚炎,アレルギー性結膜炎,特発性血小板減少性紫斑病＜ITP＞,E,,false,,false,notebooklm,2026-04-05T01:24:41.695Z
2024_nrs_24_am081,nursing,2024,81,12.神経機能,A.中枢神経系の疾患の病態と診断・治療,脳血管障害（脳内出血、くも膜下出血、脳梗塞、もやもや病）,3,伝えたいことがあるにも関わらず、ろれつが回らず正しく発音することが困難になるのはどれか。,喚語困難,構音障害,吃　音,錯　語,嗄　声,B,,false,,false,notebooklm,2026-04-05T01:24:41.695Z
2024_nrs_24_am082,nursing,2024,82,15.内分泌機能障害のある患者の看護,A.原因と障害の程度のアセスメントと看護,下垂体機能障害,3,"口渇、多飲、多尿を主訴とする患者が、夜間の排尿が頻回で不眠を訴えている。1日の尿量は5Lほどで、尿比重は1.005、尿浸透圧は110mOsm/kgであった。,,
この症状の原因と考えられるホルモンの内分泌器官はどれか。",下垂体後葉,甲状腺,膵　臓,副甲状腺,副　腎,A,,false,,false,notebooklm,2026-04-05T01:24:41.695Z
2024_nrs_24_am083,nursing,2024,83,7.血液,B.止血機構,血液凝固,3,血液凝固因子はどれか。2つ選べ。,トロンボプラスチン,エリスロポエチン,ウロビリノゲン,フィブリノゲン,プラスミノゲン,A,D,,false,,true,notebooklm,2026-04-05T01:24:41.695Z
2024_nrs_24_am084,nursing,2024,84,4.疾病にたいする医療,C.治療方法,放射線治療,3,同種造血幹細胞移植の前に行われる全身放射線照射の目的はどれか。2つ選べ。,感染の予防,拒絶反応の防止,抗癌薬の活性化,腫瘍細胞の根絶,移植片対宿主病＜GVHD＞の予防,B,D,,false,,true,notebooklm,2026-04-05T01:24:41.695Z
2024_nrs_24_am085,nursing,2024,85,7.栄養の摂取・消化・吸収・代謝機能,D.肝臓・胆・膵臓の疾患の病態と診断・治療,腫瘍（肝癌、胆嚢癌、胆管癌、膵癌）,3,肝細胞癌で正しいのはどれか。2つ選べ。,早期から黄疸が出現する。,原発性肝癌の中で最も頻度が高い。,診断に腹部超音波検査が用いられる。,特異性の高い腫瘍マーカーはCEAである。,肝内胆管の細胞が腫瘍化して発生する癌である。,B,C,,false,,true,notebooklm,2026-04-05T01:24:41.695Z
2024_nrs_24_am086,nursing,2024,86,12.神経機能,B.末梢神経系の疾患の病態と診断・治療,Guillain-Barré＜ギラン・バレー＞症候群顔面神経麻痺（Bell＜ベル＞麻痺）,3,片側性の末梢性顔面神経麻痺の症状はどれか。2つ選べ。,眼瞼が下垂する。,顔面の知覚が鈍い。,口角が垂れ下がる。,物が二重に見える。,額にできるしわに左右差がある。,C,E,,false,,true,notebooklm,2026-04-05T01:24:41.695Z
2024_nrs_24_am087,nursing,2024,87,5.社会福祉の基本,E.障害者（児）に関する制度,障害者の日常生活及び社会生活を総合的に支援するための法律＜障害者総合支援法＞,3,障害者の日常生活及び社会生活を総合的に支援するための法律＜障害者総合支援法＞に基づく障害者福祉サービスはどれか。2つ選べ。,訪問介護,訪問看護,療養介護,重度訪問介護,訪問リハビリテーション,C,D,,false,,true,notebooklm,2026-04-05T01:24:41.695Z
2024_nrs_24_am088,nursing,2024,88,7.公衆衛生における感染症と対策,A.感染症の基本,感染症の予防及び感染症の患者に対する医療に関する法律＜感染症法＞,3,感染症の予防及び感染症の患者に対する医療に関する法律＜感染症法＞で、2類感染症に分類されるのはどれか。2つ選べ。,ポリオ＜急性灰白髄炎＞,細菌性赤痢,狂犬病,百日咳,結　核,A,E,,false,,true,notebooklm,2026-04-05T01:24:41.695Z
2024_nrs_24_am089,nursing,2024,89,4.老年看護の基本,C.高齢者の生活を支える制度と施策,日常生活自立支援事業,3,日常生活自立支援事業のサービス内容で正しいのはどれか。2つ選べ。,住民票の届出,福祉用具の貸与,入院時の身元保証,自家用車の売買契約,銀行口座からの現金の引き出し,A,E,,false,,true,notebooklm,2026-04-05T01:24:41.695Z
2024_nrs_24_am090,nursing,2024,90,4.精神疾患・障害がある者とその家族への看護,A.脳の仕組みと精神機能,神経伝達物質と精神機能・薬理作用,3,ドパミン受容体が遮断されることで出現する症状はどれか。2つ選べ。,幻　聴,口　渇,妄　想,筋強剛,アカシジア,D,E,,false,,true,notebooklm,2026-04-05T01:24:41.695Z
2024_nrs_24_am091,nursing,2024,91,3.地域・在宅看護における安全と健康危機管理,A.在宅療養者の日常生活における安全管理,転倒・転落の防止,3,このとき、訪問看護師が転倒予防のために収集する情報として最も適切なのはどれか。,服薬の状況,食事の摂取量,右上下肢の筋力,他者との交流の頻度,,C,,false,,false,notebooklm,2026-04-05T01:24:41.695Z
2024_nrs_24_am092,nursing,2024,92,7.在宅療養生活を支える看護,C.在宅療養者の排泄を支えるケア,排泄ケア計画の立案,3,"退院から2か月後、Aさんは杖歩行が安定し、時間をかけて調理や買い物を自分で行うようになった。看護師が訪問したとき、Aさんから「最近トイレに間に合わずに尿が漏れてしまうことがあるんです。恥ずかしいので排泄だけは人の世話になりたくないんです。良い方法があれば教えてください」と相談された。,,
このときの訪問看護師のAさんへの助言で最も適切なのはどれか。",「パンツ型オムツを使ってみましょう」,「ポータブルトイレを使ってみましょう」,「夕食後は水分を摂り過ぎないようにしましょう」,「ご自分の排尿間隔に合わせてトイレにいきましょう」,,D,,false,,false,notebooklm,2026-04-05T01:24:41.695Z
2024_nrs_24_am093,nursing,2024,93,7.在宅療養生活を支える看護,B.在宅療養者の食事・栄養を支えるケア,食事内容の選択,3,"退院から3か月後、Aさんはテレビを見て過ごす時間が多くなった。「買い物や調理が面倒になって、同じものばかり作っています」と言い「退院したころは毎日排便があったのに、最近便秘気味ですっきりしないんです」と訴えた。,,
訪問看護師の対応で最も適切なのはどれか。",食事内容を見直す。,腹部の温罨法を勧める。,市販の浣腸液の使用を勧める。,主治医に緩下薬の処方を相談する。,,A,,false,,false,notebooklm,2026-04-05T01:24:41.695Z
2024_nrs_24_am094,nursing,2024,94,12.消化・吸収機能障害のある患者への看護,D.病期や機能障害に応じた看護,胆管炎、胆石症,3,Aさんの妹が発症した合併症はどれか。,肺　炎,胆汁瘻,皮下気腫,深部静脈血栓症,,B,,false,,false,notebooklm,2026-04-05T01:24:41.695Z
2024_nrs_24_am095,nursing,2024,95,5.周術期にある患者と家族の看護,B.術中の看護,手術方法による影響と援助手術体位による影響と援助麻酔による影響と援助,3,"Aさんは、全身麻酔下で気腹法による腹腔鏡下胆嚢摘出術を受けている。,,
手術中のAさんに最も生じやすいのはどれか。",体温の上昇,心拍出量の上昇,腹腔内圧の低下,動脈血二酸化炭素分圧＜PaCO<sub>2</sub>＞の上昇,,D,,false,,false,notebooklm,2026-04-05T01:24:41.695Z
2024_nrs_24_am096,nursing,2024,96,5.周術期にある患者と家族の看護,E.術後の機能障害や生活制限への看護,セルフケア能力の獲得,3,"Aさんの術後の経過は良好で、退院した。その後の外来受診で「下痢をすることが多いです」という訴えがあった。,,
下痢を予防するために控えるもので正しいのはどれか。",塩　分,脂　質,糖　質,蛋白質,,B,,false,,false,notebooklm,2026-04-05T01:24:41.695Z
2024_nrs_24_am097,nursing,2024,97,4.救急看護、クリティカルケア,A.緊急度と重症度のアセスメント,意識レベル、神経学的所見、全身状態,3,Aさんの意識レベルは、ジャパン・コーマ・スケール＜JCS＞で評価するとどれか。,Ⅱ-10,Ⅱ-20,Ⅲ-100,Ⅲ-200,,B,,false,,false,notebooklm,2026-04-05T01:24:41.695Z
2024_nrs_24_am098,nursing,2024,98,5.周術期にある患者と家族の看護,C.術後の看護,侵襲に対する生体反応術後の鎮痛・鎮静管理創傷管理・処置,3,"Aさんは、CT検査の結果、脳動脈瘤の破裂によるくも膜下出血と診断され、クリッピング術を受けてICUに入室した。入室時のバイタルサインは、体温36.8℃、呼吸数22/分、脈拍78/分、血圧126/60mmHg、フェイスマスクによる酸素投与下（5L/分）で経皮的動脈血酸素飽和度＜SpO2＞98％であった。3時間後、Aさんは開眼して「頭が痛い」と訴えた。バイタルサインに変化はなく、脳槽ドレーンからは淡血性の排液がみられている。,,
このときの看護師の判断で正しいのはどれか。",端座位にする。,枕を高くする。,鎮痛薬の適応である。,ドレーンをクランプする。,,C,,false,,false,notebooklm,2026-04-05T01:24:41.695Z
2024_nrs_24_am099,nursing,2024,99,17.脳・神経機能障害のある患者の看護,D.病期や機能障害に応じた看護,脳血管障害,3,"Aさんの回復は順調で、後遺症なく退院した。退院1か月後の外来で、Aさんに生活状況を聞くと、会話に対する反応は鈍く「この間、尿を漏らしてしまいました」と話した。家族は「最近物忘れが激しく、歩くのも遅くなりました」と話した。看護師がAさんに書類を渡すと、スムーズに受け取り、きれいな文字で名前を書いた。家族は「入院前と変わらない字で書けています」と言った。,,
Aさんに起こっている可能性が高いのはどれか。",脳血管攣縮,正常圧水頭症,脳動脈瘤の破裂,Parkinson＜パーキンソン＞病,,B,,false,,false,notebooklm,2026-04-05T01:24:41.695Z
2024_nrs_24_am100,nursing,2024,100,6.さまざまな健康状態や受療状況に応じた高齢者の看護,I.手術療法を受ける高齢者の看護,身体機能・認知機能に応じた周手術期看護,3,"術後1日。朝6時のAさんのバイタルサインは、体温36.5℃、呼吸数18/分、脈拍64/分、血圧120/82mmHg、経皮的動脈血酸素飽和度＜SpO2＞97％（room air）であった。膀胱留置カテーテルが挿入されていて夜間の尿の流出は良好であった。腸蠕動音が確認できたため朝食が開始された。食事時にAさんが顔をしかめていたため、夜勤の看護師が鎮痛薬の内服を勧めたがAさんは「痛みはそれほど強くない」と言った。朝食後に点滴静脈内注射と吸引式ドレーンが抜去された。,,
午前9時の看護師の観察項目で優先度が高いのはどれか。",意識レベル,酸素飽和度,創部痛,血　圧,尿　量,C,,false,,false,notebooklm,2026-04-05T01:24:41.695Z
2024_nrs_24_am101,nursing,2024,101,6.さまざまな健康状態や受療状況に応じた高齢者の看護,I.手術療法を受ける高齢者の看護,高齢者に起こりやすい周手術期の反応と合併症,3,"術後1日。午前中に看護師がAさんのバイタルサインを測定しているときは眠っていた。昼食後に看護師が訪室すると、Aさんは多弁で、落ち着かない様子がみられた。,,
看護師のAさんへの対応で適切なのはどれか。2つ選べ。",医師に抗不安薬の処方を依頼する。,ベッド上で安静に過ごしてもらう。,膀胱留置カテーテルを抜去する。,ベッド周囲をカーテンで囲む。,補聴器の装着を確認する。,C,E,,false,,true,notebooklm,2026-04-05T01:24:41.695Z
2024_nrs_24_am102,nursing,2024,102,6.さまざまな健康状態や受療状況に応じた高齢者の看護,].リハビリテーションを受ける高齢者の看護,身体機能・認知機能に応じたリハビリテーションにおける看護,3,"術後2週。Aさんは杖歩行の練習をしている。見守りをする看護師に「早く家に帰りたいけど、また転びそうで怖いし、元のように歩ける自信がない」と話した。,,
Aさんへの声かけで最も適切なのはどれか。",「リハビリテーションの回数をもっと増やしましょう」,「カルシウムを多く含んだ食品を摂りましょう」,「少しずつ歩けるようになってきていますよ」,「退院先は介護老人保健施設にしましょう」,,C,,false,,false,notebooklm,2026-04-05T01:24:41.695Z
2024_nrs_24_am103,nursing,2024,103,6.さまざまな健康状態や受療状況に応じた高齢者の看護,C.回復期の高齢者への看護,急性期からの回復過程にある高齢者の看護,3,"入院2日、Aさんは全身状態が落ち着いてきたため、主治医から離床開始の指示があった。,,
Aさんの離床開始時の観察項目で優先度が高いのはどれか。",血　圧,見当識障害,下肢の知覚障害,夜間の睡眠状況,,A,,false,,false,notebooklm,2026-04-05T01:24:41.695Z
2024_nrs_24_am104,nursing,2024,104,5.高齢者の生活を支える看護,C.高齢者の食事・食生活の特徴と援助,身体機能・認知機能に応じた食事と食生活の支援,3,"入院5日。Aさんは座位訓練の後、車椅子に座って食事を摂取することになった。食事動作は自助具を使用すれば少しずつ自分で摂取できるようになったが、時間が経過すると上体が右側に傾くため、体幹の右側にクッションを入れて食事をしている。,,
Aさんが安定して食事ができるための援助で適切なのはどれか。",座位時間を徐々に短縮する。,テーブルの高さを高くする。,背部にタオルを入れ軽く前傾姿勢にする。,Aさん自身で左側に重心を傾けるよう指導する。,,C,,false,,false,notebooklm,2026-04-05T01:24:41.695Z
2024_nrs_24_am105,nursing,2024,105,2.高齢者の生活,A.高齢者の機能と評価,障害高齢者の日常生活自立度＜寝たきり度＞判定基準,3,"入院2週、Aさんは自宅への退院を目指し、回復期リハビリテーション病棟へ転棟することになった。Aさんは、座位姿勢での右側への傾きが徐々に改善され、食事や作業療法の時間は車椅子での座位保持が可能になってきた。Aさんは看護師の介助で車椅子に移乗が可能となり、車椅子でトイレに移動できるようになった。看護師はAさんのADLの拡大を目標に、看護計画を修正することにした。,,
障害高齢者の日常生活自立度（寝たきり度）判定基準における評価で、Aさんの生活状況はどれか。",ランクJ,ランクA,ランクB,ランクC,,C,,false,,false,notebooklm,2026-04-05T01:24:41.695Z
2024_nrs_24_am106,nursing,2024,106,7.急性期にある子どもと家族への看護,B.救急救命処置が必要な子どもと家族への看護,子どもの救急におけるトリアージと対応,3,このときの看護師のトリアージで診察を受ける優先度が高いのはどれか。,Aちゃん,B君,Cちゃん,D君,,D,,false,,false,notebooklm,2026-04-05T01:24:41.695Z
2024_nrs_24_am107,nursing,2024,107,3.小児各期における健康増進のための子どもと家族への看護,D.事故防止と安全教育,事故防止,3,Aちゃんは、腹部エックス線撮影で胃内にボタン型電池が認められ、全身麻酔下での内視鏡でボタン型電池を摘出し、消化管粘膜に大きな問題はなかった。摘出後、小児病棟に1泊入院した。小児病棟に入院1時間後、看護師が訪室するとAちゃんは覚醒しており、図のように「ママー、ママー」と言いながら大声で泣き、ベッドから両親の方に手を伸ばしている。両親は戸惑った様子で、ベッドの傍に立っている。このときの看護師による安全な療養環境の整備で適切なのはどれか。2つ選べ。,ぬいぐるみを取り除く。,毛布をベッド柵にかける。,柵を半分の高さまで降ろす。,点滴ルートの長さを延長する。,点滴スタンドをAちゃんの手が届くところまで近づける。,A,D,,false,,true,notebooklm,2026-04-05T01:24:41.695Z
2024_nrs_24_am108,nursing,2024,108,3.小児各期における健康増進のための子どもと家族への看護,D.事故防止と安全教育,事故防止,3,"翌日、Aちゃんは退院することになった。看護師は、Aちゃんの誤飲予防のための教育的支援を両親に行うことにした。,,
両親に伝える内容で最も適切なのはどれか。",Aちゃんから目を離さないこと,Aちゃんにやってはいけないことを教えること,家の中でのAちゃんの行動範囲を柵で区切ること,大きさが4cmよりも小さいものはAちゃんの手が届かないところに置くこと,,D,,false,,false,notebooklm,2026-04-05T01:24:41.695Z
2024_nrs_24_am109,nursing,2024,109,4.妊娠期の看護,B.妊婦の健康生活とアセスメント,活動と休息,3,Aさんへの活動に関する助言で適切なのはどれか。,「仕事は辞めましょう」,「ウォーキングを再開しましょう」,「週1回バスケットボールをやりましょう」,「ご家族の言うように安静にしていましょう」,,B,,false,,false,notebooklm,2026-04-05T01:24:41.695Z
2024_nrs_24_am110,nursing,2024,110,4.妊娠期の看護,A.正常な妊娠経過と妊娠期の異常,妊娠貧血,3,"Aさんは妊娠24週0日に妊婦健診診査を受けた。体重60kg（妊娠20週の体重は58kg）。血圧138/88mmHg、Hb10.1g/dL、Ht31％、尿蛋白（－）、尿糖（±）であった。Aさんは「足が重い気がします」と話すが、脛骨上の圧痕は認めなかった。,,
このときのアセスメントで適切なのはどれか。",体重増加が過剰である。,妊娠性貧血である。,高血圧である。,浮腫がある。,,B,,false,,false,notebooklm,2026-04-05T01:24:41.695Z
2024_nrs_24_am111,nursing,2024,111,4.妊娠期の看護,B.妊婦の健康生活とアセスメント,妊娠による不快症状（マイナートラブル）,3,"Aさんは夫に付き添われ、妊娠35週4日に妊婦健康診査を受けた。妊婦健康診査では、体重65kg、血圧126/76mmHg。尿蛋白（－）、尿糖（－）、浮腫（±）。子宮底長30cm、腹囲88cmで異常を認めなかった。その後、Aさんは看護師に「夕方になると足がだるくなり、膝の裏を見たら、血管が膨らんで、青く浮き出ていました」と言う。,,
Aさんへの指導で適切なのはどれか。",「体重を減らしましょう」,「腹帯を強く巻きましょう」,「できるだけ立っていましょう」,「弾性ストッキングを着用しましょう」,,D,,false,,false,notebooklm,2026-04-05T01:24:41.695Z
2024_nrs_24_am112,nursing,2024,112,6.産褥期の看護,B.褥婦の健康と生活のアセスメント,子宮復古,3,このときのAさんへの説明で適切なのはどれか。2つ選べ。,「痛み止めは使用できません」,「授乳をすると痛みが和らぎます」,「経産婦のほうが痛みを強く感じます」,「産後5日くらいまで痛みは続きます」,「子宮が元の大きさに戻るための痛みです」,C,E,,false,,true,notebooklm,2026-04-05T01:24:41.695Z
2024_nrs_24_am113,nursing,2024,113,6.産褥期の看護,C.褥婦と家族への看護,母乳育児への支援,3,"産褥3日、乳房は緊満、乳管開通は左右とも5、6本、射乳がある。1日8回授乳をしている。児の体重は3,080gで前日よりも20g減少している。「母乳で育てたいと思っていたけど、乳房が張って授乳がうまくできないです」と話す。,,
このときのAさんへの説明で適切なのはどれか。",「水分を多めに摂りましょう」,「時間を決めて授乳をしましょう」,「乳房の張りは2週間程度続きます」,「授乳の前に乳輪部のマッサージをしましょう」,,D,,false,,false,notebooklm,2026-04-05T01:24:41.695Z
2024_nrs_24_am114,nursing,2024,114,7.早期新生児期の看護,B.早期新生児期のアセスメント,バイタルサイン,3,"日齢4、Aさんの児の体重は3,100g。体温37.1℃、呼吸数48/分、心拍数130/分。経皮ビリルビン10.0mg/dL。排尿9回/日、排便8回/日。,,
児のアセスメントで正しいのはどれか。",経皮ビリルビン値は光線療法が必要な値である。,生理的体重減少の範囲を超えている。,バイタルサインは正常である。,排尿回数が少ない。,,C,,false,,false,notebooklm,2026-04-05T01:24:41.695Z
2024_nrs_24_am115,nursing,2024,115,3.精神看護の対象の理解と支援のための概念,B.セルフケアへの援助,活動と休息,3,Aさんのセルフケアの観察項目で優先度が高いのはどれか。,孤独と付き合いのバランス,活動と休息のバランス,安全を保つ能力,個人衛生,,B,,false,,false,notebooklm,2026-04-05T01:24:41.695Z
2024_nrs_24_am116,nursing,2024,116,3.精神看護の対象の理解と支援のための概念,A.援助関係の構築,信頼関係の基礎づくり,3,"入院14日、Aさんは他の患者や看護師と話をする機会が増えた。「B看護師に私の悪口を言うのをやめるように言ってほしい」と訴え、受け持ち看護師が話を聞いていると興奮して声が大きくなることがあった。,,
受け持ち看護師のAさんへの対応で適切なのはどれか。",「悪口を言うのはB看護師ですか」,「悪いことは考えないほうがいいですよ」,「B看護師はAさんの悪口は言っていません」,「悪口を言われるとAさんはどんな気持ちになりますか」,,D,,false,,false,notebooklm,2026-04-05T01:24:41.695Z
2024_nrs_24_am117,nursing,2024,117,3.精神看護の対象の理解と支援のための概念,C.生きる力と強さに着目した援助,レジリエンス,3,"入院1か月、Aさんは夜間、眠れるようになり、妄想や幻聴の症状が軽減した。看護師がAさんに薬を自己中断した理由を尋ねたところ「いろいろとストレスが溜まると何もしたくなくなり、薬を飲むことも面倒でした。今回の入院で飲み続けたら嫌な症状もなくなってきました。薬は飲んだほうがよいですね。これからはストレスを感じても乗り越えていけそうです」と話した。,,
Aさんの考えに当てはまる概念はどれか。",カタルシス,レジリエンス,コンコーダンス,コンプライアンス,,B,,false,,false,notebooklm,2026-04-05T01:24:41.695Z
2024_nrs_24_am118,nursing,2024,118,3.国際化と看護,B.グローバルな社会における看護,多様な文化を考慮した看護,3,"病状について医師から説明を受けることになったが、娘から「夫はしばらく帰ってこないし、私は難しいことは分からないのでどうしたらいいですか」と質問を受けた。,,
看護師の助言で適切なのはどれか。",「ご主人に帰国してもらいましょう」,「医療通訳の方に同席してもらいましょう」,「娘さんからAさんにお話しされてはいかがですか」,「通訳できる知人を探して、同席してもらいましょう」,,B,,false,,false,notebooklm,2026-04-05T01:24:41.695Z
2024_nrs_24_am119,nursing,2024,119,3.国際化と看護,B.グローバルな社会における看護,多様な文化を考慮した看護,3,"入院後、医療従事者との日常会話は、電子端末による翻訳を活用している。疼痛に対しては、モルヒネ徐放製剤の内服が開始され、レスキュードーズとして、モルヒネ速放製剤の内服が指示されている。激しい腰痛が1日に数回あるが、レスキュードーズを使いたくないと話し痛みを我慢している。,,
看護師の対応で優先度が高いのはどれか。",レスキュードーズを無理に使う必要はないことを伝える。,レスキュードーズを使いたくない理由を確認する。,レスキュードーズの使い方を説明する。,疼痛スケールの記載を勧める。,,B,,false,,false,notebooklm,2026-04-05T01:24:41.695Z
2024_nrs_24_am120,nursing,2024,120,4.臨床実践場面における統合的な判断や対応,A.対象や家族に切れ目のない支援を提供するための継続した看護,専門分野の各科目で学んだ内容を統合し、臨床実践場面における状況設定問題として出題,3,"入院8日、疼痛がコントロールされてきたAさんは「家に帰りたい」と希望しているが、娘は「仕事もあるし、もう少し病院にいてほしい」と話している。そこで、看護師の提案によりAさんのアドバンス・ケア・プランニングが行われることになった。,,
Aさんのアドバンス・ケア・プランニングで適切なのはどれか。",退院調整看護師に退院の手続きを進めてもらう。,Aさんの発言内容の記録は施設外の人には提供しない。,娘の思いや不安に思っていることの解決が優先される。,Aさんが大切にしていることや生きがいについて話してもらう。,,D,,false,,false,notebooklm,2026-04-05T01:24:41.695Z
2024_nrs_24_pm001,nursing,2024,1,1. 健康の定義と理解,B.健康に関する指標,死因の概要,3,日本の令和4年（2022年）の人口動態統計で、女性の死亡数が最も多い悪性新生物＜腫瘍＞の発生部位はどれか。,肺,子　宮,大　腸,乳　房,,C,,false,,false,notebooklm,2026-04-05T01:24:41.695Z
2024_nrs_24_pm002,nursing,2024,2,1. 健康の定義と理解,C.受療状況,外来受診の状況,3,令和2年（2020年）の患者調査で外来受療率が最も多い傷病はどれか。,喘　息,糖尿病,高血圧性疾患,悪性新生物＜腫瘍＞,,C,,false,,false,notebooklm,2026-04-05T01:24:41.695Z
2024_nrs_24_pm003,nursing,2024,3,2. 健康に影響する要因,B.生活環境,水質、大気、土壌,3,健康問題を引き起こす大気汚染物質はどれか。,有機水銀,カドミウム,ホルムアルデヒド,光化学オキシダント,,D,,false,,false,notebooklm,2026-04-05T01:24:41.695Z
2024_nrs_24_pm004,nursing,2024,4,3.看護で活用する社会保障,A.医療保険精度の基本,医療保険の種類,3,国民健康保険の保険者に含まれるのはどれか。,後期高齢者医療広域連合,共済組合,都道府県,国,,C,,false,,false,notebooklm,2026-04-05T01:24:41.695Z
2024_nrs_24_pm005,nursing,2024,5,5.看護に関わる基本的法律,A.保健師助産師看護師法,保健師・助産師・看護師の定義,3,保健師助産師看護師法に定められている事項はどれか。,離職時の届出,免許付与時の欠格事由,定期健康診断の実施義務,都道府県ナースセンターの指定,,B,,false,,false,notebooklm,2026-04-05T01:24:41.695Z
2024_nrs_24_pm006,nursing,2024,6,6.健康と公衆衛生,A.公衆衛生の理念,一次予防、二次予防、三次予防,3,疾病や障害に対する二次予防の具体的な取り組みはどれか。,がん検診,予防接種,リハビリテーション,健康づくりのための運動,,A,,false,,false,notebooklm,2026-04-05T01:24:41.695Z
2024_nrs_24_pm007,nursing,2024,7,7.人間のライフサイクル各期の特徴と生活,A.胎児期,形態的発達と異常,3,妊娠初期の感染で児に難聴が生じる可能性が高いのはどれか。,水　痘,風　疹,麻　疹,流行性耳下腺炎,,B,,false,,false,notebooklm,2026-04-05T01:24:41.695Z
2024_nrs_24_pm008,nursing,2024,8,7.人間のライフサイクル各期の特徴と生活,G.老年期,身体的機能の変化,3,老年期の身体機能の変化で正しいのはどれか。,耐糖能は向上する。,尿濃縮力は向上する。,薬物代謝は遅延する。,肺の残気量は減少する。,,C,,false,,false,notebooklm,2026-04-05T01:24:41.695Z
2024_nrs_24_pm009,nursing,2024,9,9.主な看護活動の場と看護の機能,A.看護活動の場と機能・役割,地域包括支援センター,3,地域包括支援センターの主な業務に含まれるのはどれか。,特定健康診査・特定保健指導,予防接種法に基づく予防接種,介護予防ケアマネジメント,要介護認定調査,,C,,false,,false,notebooklm,2026-04-05T01:24:41.695Z
2024_nrs_24_pm010,nursing,2024,10,9.主な看護活動の場と看護の機能,A.看護活動の場と機能・役割,病院、診療所,3,医療法に基づき高度医療の提供とそれに関する研修を実施する医療施設はどれか。,地域医療支援病院,臨床研究中核病院,特定機能病院,診療所,,C,,false,,false,notebooklm,2026-04-05T01:24:41.695Z
2024_nrs_24_pm011,nursing,2024,11,10.人体の構造と機能,A.人体の基本的な構造と正常な機能,循環器系,3,左心房と左心室の間にある弁はどれか。,三尖弁,僧帽弁,大動脈弁,肺動脈弁,,B,,false,,false,notebooklm,2026-04-05T01:24:41.695Z
2024_nrs_24_pm012,nursing,2024,12,10.人体の構造と機能,A.人体の基本的な構造と正常な機能,消化器系,3,胆汁の作用はどれか。,脂肪の乳化,蛋白質の分解,胃酸分泌の促進,炭水化物の分解,,A,,false,,false,notebooklm,2026-04-05T01:24:41.695Z
2024_nrs_24_pm013,nursing,2024,13,10.人体の構造と機能,B.人間の死,脳死,3,臓器の移植に関する法律において脳死の判定規準となっている検査はどれか。,脳波検査,筋電図検査,神経伝導検査,脳脊髄液検査,,A,,false,,false,notebooklm,2026-04-05T01:24:41.695Z
2024_nrs_24_pm014,nursing,2024,14,2. 健康に影響する要因,A.生活行動・習慣,喫煙、嗜好品,3,慢性閉塞性肺疾患＜COPD＞の危険因子はどれか。,花　粉,薬　物,たばこ煙,アルコール,,C,,false,,false,notebooklm,2026-04-05T01:24:41.695Z
2024_nrs_24_pm015,nursing,2024,15,11.徴候と疾患,A.主要な症状と徴候,吐血、喀血,3,喀血を症状とする疾患はどれか。,結　核,胃潰瘍,大腸癌,敗血症,,A,,false,,false,notebooklm,2026-04-05T01:24:41.695Z
2024_nrs_24_pm016,nursing,2024,16,11.徴候と疾患,B.主要な疾患による健康障害,がん,3,胃癌のVirchow＜ウィルヒョウ＞転移が生じる部位はどれか。,肺,肝　臓,ダグラス窩,左鎖骨上窩,,D,,false,,false,notebooklm,2026-04-05T01:24:41.695Z
2024_nrs_24_pm017,nursing,2024,17,12.薬物の作用とその管理,A.主な薬物の効果と副作用（有害事象）,糖尿病治療薬,3,インスリン療法で正しいのはどれか。,毎回同じ部位に注射する。,有害事象は低血糖である。,就寝前は超速効型製剤を使用する。,2型糖尿病の治療法として必須である。,,B,,false,,false,notebooklm,2026-04-05T01:24:41.696Z
2024_nrs_24_pm018,nursing,2024,18,13.看護における基本技術,B.看護過程,計画立案,3,看護過程で適切なのはどれか。,医師の指示に基づいて看護問題の優先順位を決定する。,実施、評価の2段階で構成される。,潜在する問題は取り上げない。,評価可能な目標を設定する。,,D,,false,,false,notebooklm,2026-04-05T01:24:41.696Z
2024_nrs_24_pm019,nursing,2024,19,14.日常生活援助技術,"""C","活動と休息""",3,"長期臥床している患者の仰臥位時のポジショニングを図に示す。,,
Aの位置にクッションを挿入する目的はどれか。",褥瘡の予防,尖足の予防,腓骨神経麻痺の予防,深部静脈血栓症の予防,,B,,true,,false,notebooklm,2026-04-05T01:24:41.696Z
2024_nrs_24_pm020,nursing,2024,20,14.日常生活援助技術,D.清潔,寝衣交換,3,左前腕に持続点滴静脈内注射をしている患者の更衣で適切なのはどれか。,左袖から脱ぎ、右袖から着る。,左袖から脱ぎ、左袖から着る。,右袖から脱ぎ、左袖から着る。,右袖から脱ぎ、右袖から着る。,,C,,false,,false,notebooklm,2026-04-05T01:24:41.696Z
2024_nrs_24_pm021,nursing,2024,21,15.患者の安全・安楽を守る看護技術,B.医療安全対策,転倒・転落の防止,3,入院中の転倒・転落の内的要因はどれか。,履物の種類,服用中の薬剤,ベッド柵の位置,トイレまでの距離,,B,,false,,false,notebooklm,2026-04-05T01:24:41.696Z
2024_nrs_24_pm022,nursing,2024,22,16.診療に伴う看護技術,A.栄養法,経管・経腸栄養法,3,経鼻経管栄養法で胃液が吸引できることを確認するタイミングはどれか。,覚醒時,入眠前,経管栄養剤の投与直前,経管栄養剤の投与終了時,,C,,false,,false,notebooklm,2026-04-05T01:24:41.696Z
2024_nrs_24_pm023,nursing,2024,23,16.診療に伴う看護技術,C.輸液・輸血管理,輸血,3,輸血用血液製剤に分類されるのはどれか。,免疫グロブリン製剤,血液凝固因子製剤,アルブミン製剤,赤血球製剤,,D,,false,,false,notebooklm,2026-04-05T01:24:41.696Z
2024_nrs_24_pm024,nursing,2024,24,16.診療に伴う看護技術,E.呼吸管理,口腔内・鼻腔内吸引,3,1回の鼻腔内吸引で陰圧をかける時間の目安として適切なのはどれか。,10秒以内,20～25秒,30～35秒,40～45秒,,A,,false,,false,notebooklm,2026-04-05T01:24:41.696Z
2024_nrs_24_pm025,nursing,2024,25,16.診療に伴う看護技術,G.皮膚・創傷の管理,創傷管理,3,創傷の治癒過程でマクロファージによる貪食が行われるのはどれか。,出血・凝固期,炎症期,増殖期,成熟期,,B,,false,,false,notebooklm,2026-04-05T01:24:41.696Z
2024_nrs_24_pm026,nursing,2024,26,8.体液,B.体液の調節,酸塩基平衡,3,血漿中の重炭酸イオン濃度が基準値よりも高くなるのはどれか。,過換気,腎不全,重篤な1型糖尿病,慢性的な換気障害,,D,,false,,false,notebooklm,2026-04-05T01:24:41.696Z
2024_nrs_24_pm027,nursing,2024,27,8.内部環境調節機能,C.体液調節の疾患の病態と診断・治療,水・電解質の異常（脱水、浮腫、低ナトリウム血症、高カリウム血症）,3,"A君（15歳、男子）は、蒸し暑い夏の午後に行われたサッカーの試合に出ていた。A君は試合中に大量の汗をかいて、気分が悪くなったので多量の水道水を飲み、日陰で休んでいたが、突然、意識消失して倒れた。このときのA君の細胞外液のナトリウムイオン濃度と水分量の正常時に対する割合を図に示す。,,
このときのA君の体液の状態で正しいのはどれか。",細胞内液は減少している。,血漿浸透圧は上昇している。,循環血液量は減少している。,ヘマトクリットは低下している。,,C,,true,,false,notebooklm,2026-04-05T01:24:41.696Z
2024_nrs_24_pm028,nursing,2024,28,7.栄養の摂取・消化・吸収・代謝機能,B .上部消化管の疾患の病態と診断・治療,炎症性疾患(逆流性食道炎、急性胃炎、慢性胃炎、ヘリコバクターピロリ感染症),3,ヘリコバクター・ピロリ感染症で正しいのはどれか。,尿素呼気検査は診断に有用である。,除菌後の判定は除菌終了後の翌日に行う。,ヘリコバクター・ピロリ＜Helicobacter pylori＞は胃の粘膜下層に生息する。,ヘリコバクター・ピロリ＜Helicobacter pylori＞は尿素を作り出して胃酸から身を守る。,,A,,false,,false,notebooklm,2026-04-05T01:24:41.696Z
2024_nrs_24_pm029,nursing,2024,29,5.社会福祉の基本,G.高齢者に関する制度,高齢者虐待の防止、高齢者の養護者に対する支援等に関する法律＜高齢者虐待防止法＞,3,高齢者虐待の防止、高齢者の養護者に対する支援等に関する法律＜高齢者虐待防止法＞で保護された高齢者が入所する社会福祉施設はどれか。,軽費老人ホーム,有料老人ホーム,特別養護老人ホーム,サービス付き高齢者向け住宅,,C,,false,,false,notebooklm,2026-04-05T01:24:41.696Z
2024_nrs_24_pm030,nursing,2024,30,9.保健活動の基盤と制度,E.その他の保健活動の基盤となる法や施策,難病の患者に対する医療等に関する法律＜難病法＞,3,難病の患者に対する医療等に関する法律＜難病法＞に規定されているのはどれか。,市町村が難病相談支援センターを設置する。,指定難病の医療費は全額を公費で負担する。,令和4年度（2022年度）の指定難病数は56疾病である。,特定医療費（指定難病）の支給認定は居住地の都道府県・指定都市が行う。,,D,,false,,false,notebooklm,2026-04-05T01:24:41.696Z
2024_nrs_24_pm031,nursing,2024,31,1.看護の基本となる概念,B.看護の対象,適応する存在,3,"フィンク,S.L.が提唱した危機モデルの最終段階はどれか。",受　容,適　応,問題解決,ラポール,,B,,false,,false,notebooklm,2026-04-05T01:24:41.696Z
2024_nrs_24_pm032,nursing,2024,32,3.看護における基本技術,C.看護過程,情報収集,3,"入院して間もない片麻痺がある患者から「着替えがうまくできない。ひとりでできるようになりたい」と訴えがあった。,,
最初に行う看護師の対応で最も適切なのはどれか。",「繰り返し練習しましょう」,「できないところは手伝います」,「着替えるところを見せてください」,「着替えのパンフレットを参考にしましょう」,,C,,false,,false,notebooklm,2026-04-05T01:24:41.696Z
2024_nrs_24_pm033,nursing,2024,33,3.看護における基本技術,E.フィジカルアセスメント,系統別のフィジカルアセスメント,3,うっ血乳頭が出現するのはどれか。,舌　癌,貧　血,門脈圧亢進,頭蓋内圧亢進,,D,,false,,false,notebooklm,2026-04-05T01:24:41.696Z
2024_nrs_24_pm034,nursing,2024,34,5.診療に伴う看護技術,F. 生体機能のモニタリング,モニタリング機器の取り扱い,3,シリンジポンプを使用する際に生じるサイフォニング現象の原因はどれか。,内蔵バッテリーの残量が少ない。,輸液ラインに血液の逆流がある。,輸液ラインに大量の空気がある。,刺入部とシリンジに高低差がある。,,D,,false,,false,notebooklm,2026-04-05T01:24:41.696Z
2024_nrs_24_pm035,nursing,2024,35,4.日常生活援助技術,B.食事と栄養,食事摂取の自立困難な人への援助應下障害のある人への援助,3,嚥下障害を評価する改訂水飲みテストで正しいのはどれか。,嚥下後10秒間で評価する。,嚥下後の呼吸状態を評価する。,嚥下動作の準備期を評価する。,80mLの水で嚥下状態を評価する。,,B,,false,,false,notebooklm,2026-04-05T01:24:41.696Z
2024_nrs_24_pm036,nursing,2024,36,4.日常生活援助技術,F.清潔と衣生活,清潔行動・衣生活の自立困難な人への援助,3,人工肛門周囲の皮膚を清潔にする方法で適切なのはどれか。,装具を外して洗浄する。,石けんは使用しない。,洗浄後に消毒をする。,洗浄後はドライヤーで乾燥させる。,,A,,false,,false,notebooklm,2026-04-05T01:24:41.696Z
2024_nrs_24_pm037,nursing,2024,37,3.看護における基本技術,E.フィジカルアセスメント,系統別のフィジカルアセスメント,3,半座位で頸静脈怒張がみられるのはどれか。,右心不全,広範囲熱傷,大動脈瘤破裂,アナフィラキシーショック,,A,,false,,false,notebooklm,2026-04-05T01:24:41.696Z
2024_nrs_24_pm038,nursing,2024,38,5.診療に伴う看護技術,C.与薬,与薬方法と効果の観察,3,経口薬と飲料の関係で正しいのはどれか。,テトラサイクリン系抗菌薬は、牛乳によって作用が減弱される。,非ステロイド性抗炎症薬は、炭酸飲料によって吸収速度が速まる。,テオフィリンは、カフェインを含む飲料によって作用が減弱される。,カルシウム拮抗薬は、グレープフルーツジュースによって作用が減弱される。,,A,,false,,false,notebooklm,2026-04-05T01:24:41.696Z
2024_nrs_24_pm039,nursing,2024,39,5.診療に伴う看護技術,F. 生体機能のモニタリング,生体検査（エックス線撮影、超音波、CT、MRI、心電図、内視鏡、核医学）,3,Holter＜ホルター＞心電図検査の説明で正しいのはどれか。,就寝時は電極を外す。,電極は四肢に装着する。,検査中は電気カーペットを使用しない。,検査中は普段の生活よりも活動量を減らす。,,C,,false,,false,notebooklm,2026-04-05T01:24:41.696Z
2024_nrs_24_pm040,nursing,2024,40,4.地域・在宅看護実践をめぐる制度の概要,A.訪問看護制度の理解,訪問看護の対象と提供方法,3,訪問看護事業所について正しいのはどれか。,24時間対応が義務付けられている。,自宅以外への訪問看護は認められない。,特定非営利活動法人＜NPO＞は事業所を開設できる。,従事する看護師は臨床経験5年以上と定められている。,,C,,false,,false,notebooklm,2026-04-05T01:24:41.696Z
2024_nrs_24_pm041,nursing,2024,41,6.症状・疾患・治療に応じた地域・在宅看護,B.主な疾患等に応じた在宅看護,糖尿病,3,糖尿病の在宅療養者に行うフットケアの説明で適切なのはどれか。,「素足で過ごしましょう」,「足の皮膚を保湿してください」,「足浴には42℃のお湯を使ってください」,「爪は指の先端よりも短く切ってください」,,B,,false,,false,notebooklm,2026-04-05T01:24:41.696Z
2024_nrs_24_pm042,nursing,2024,42,6.症状・疾患・治療に応じた地域・在宅看護,C.主な治療等に応じた在宅看護,人工的水分・栄養補給法＜AHN＞褥癒予防・管理,3,胃瘻からの経管栄養を行う在宅療養者の家族に説明する内容で正しいのはどれか。,流動（ミキサー）食は注入できる。,注入前に胃瘻の瘻孔部を消毒する。,胃瘻カテーテルは週に1回交換する。,注入中は体位を15度のFowler＜ファウラー＞位にする。,,A,,false,,false,notebooklm,2026-04-05T01:24:41.696Z
2024_nrs_24_pm043,nursing,2024,43,1.地域・在宅看護の対象,A.在宅療養者の特徴と健康課題,子どもの在宅療養者,3,"Aちゃん（1歳7か月、女児）は先天性水頭症のため脳室－腹腔＜V－P＞シャント造設術を受けて退院した。Aちゃんは歩行障害があり、母親が1人で育てている。退院後、訪問看護師が訪問すると、Aちゃんの母親は「子どもが泣くとイライラします。この先Aを育てていく自信がなく、経済的にも生活していけるか不安です」と話した。,,
このとき、訪問看護師が母親に勧める相談先で最も適切なのはどれか。",居住地の社会福祉協議会,居住地の保健センター,障害児の子育てグループ,入院していた病院の医療相談室,,B,,false,,false,notebooklm,2026-04-05T01:24:41.696Z
2024_nrs_24_pm044,nursing,2024,44,9.地域包括ケアシステムにおける在宅看護,A.地域包括ケアシステムの概要,目的と考え方構成要素,3,地域包括ケアシステムの構成要素はどれか。,交　通,雇　用,情　報,住まい,,D,,false,,false,notebooklm,2026-04-05T01:24:41.696Z
2024_nrs_24_pm045,nursing,2024,45,4.救急看護、クリティカルケア,B.救急看護・クリティカルケアの基本,心肺停止状態への対応ショックへの対応,3,"成人の心肺蘇生法における圧迫部位を図に示す。,,
正しいのはどれか。",①,②,③,④,,D,,true,,false,notebooklm,2026-04-05T01:24:41.696Z
2024_nrs_24_pm046,nursing,2024,46,17.脳・神経機能障害のある患者の看護,A.原因と障害の程度のアセスメントと看護,高次脳機能障害,3,高次脳機能障害のある患者が買い物に行った際に示す行動で失行はどれか。,何を買いに来たのか忘れる。,買い物かごの使い方が分からない。,献立に合わせた買い物ができない。,スーパーと自宅の往復で道に迷う。,,B,,false,,false,notebooklm,2026-04-05T01:24:41.696Z
2024_nrs_24_pm047,nursing,2024,47,8.がん患者と家族への看護,B.がん患者の集学的治療と看護,放射線療法と看護,3,乳房温存療法で放射線治療を受ける乳癌患者への説明で適切なのはどれか。,「頭髪の脱毛が生じます」,「嚥下障害が予測されます」,「皮膚にマーキングを行います」,「同居家族への被曝に注意してください」,,C,,false,,false,notebooklm,2026-04-05T01:24:41.696Z
2024_nrs_24_pm048,nursing,2024,48,9.終末期にある患者および緩和ケアを必要とする患者と家族への看護,C.臨死期の看護,身体的特徴とケア,3,臨死期にある患者に出現する呼吸の変化で正しいのはどれか。,過呼吸,奇異呼吸,Kussmaul＜クスマウル＞呼吸,Cheyne-Stokes＜チェーン－ストークス＞呼吸,,D,,false,,false,notebooklm,2026-04-05T01:24:41.696Z
2024_nrs_24_pm049,nursing,2024,49,13.栄養代謝機能障害のある患者の看護,B.検査・処置を受ける患者への看護,肝生検,3,超音波ガイド下で肝生検を受ける成人への説明で正しいのはどれか。,「検査前の絶食は不要です」,「検査はうつぶせで実施します」,「検査中は指示に合わせて息を止めてください」,「検査後すぐに歩行できます」,,C,,false,,false,notebooklm,2026-04-05T01:24:41.696Z
2024_nrs_24_pm050,nursing,2024,50,13.栄養代謝機能障害のある患者の看護,D.病期や機能障害に応じた看護,膵炎、膵癌,3,"Aさん（42歳、男性）は、同僚との飲酒中に上腹部から背部の激しい痛みと嘔吐があり、救急搬送された。搬送時の心電図には異常を認めない。,,
Aさんの状態をアセスメントするための血液検査項目で優先度が高いのはどれか。",アルブミン,トロポニン,中性脂肪,リパーゼ,,D,,false,,false,notebooklm,2026-04-05T01:24:41.696Z
2024_nrs_24_pm051,nursing,2024,51,18.感覚機能障害のある患者の看護,A.原因と障害の程度のアセスメントと看護,聴覚障害,3,伝音性難聴について正しいのはどれか。,加齢で増悪する。,鼓膜穿孔は原因となる。,内耳から中枢側の障害で発生する。,アミノグリコシド系抗菌薬が原因である。,,B,,false,,false,notebooklm,2026-04-05T01:24:41.696Z
2024_nrs_24_pm052,nursing,2024,52,18.感覚機能障害のある患者の看護,B.検査・処置を受ける患者への看護,眼底検査,3,散瞳薬を用いた眼底検査を受ける成人への説明で適切なのはどれか。,「角膜を観察します」,「検査後に抗菌薬を点眼します」,「眼を閉じた状態で検査室に誘導します」,「点眼後30分で散瞳薬の効果が現れます」,,D,,false,,false,notebooklm,2026-04-05T01:24:41.696Z
2024_nrs_24_pm053,nursing,2024,53,10.全身の感染性疾患,A.感染性疾患の病態と診断・治療,細菌による感染症（結核、コレラ、破傷風、梅毒）,3,梅毒について正しいのはどれか。,ワクチンによる予防が可能である。,パートナーの検査は不要である。,ウイルス感染症である。,ばら疹を認める。,,D,,false,,false,notebooklm,2026-04-05T01:24:41.696Z
2024_nrs_24_pm054,nursing,2024,54,4.老年看護の基本,A.老年看護に用いられる概念・モデル・理論,ストレングスモデル,3,高齢者の看護におけるストレングスモデルの説明で適切なのはどれか。,自分で健康行動を判断して決められるよう支援すること,高齢者自身が健康的な生活を送るための活動を支援すること,健康課題の解決に向けて自分の能力を活かせるよう支援すること,特定の健康課題について効果的に遂行できるという自信を高めるよう支援すること,,C,,false,,false,notebooklm,2026-04-05T01:24:41.696Z
2024_nrs_24_pm055,nursing,2024,55,5.高齢者の生活を支える看護,B.高齢者の安全な活動への援助,高齢者に多い事故（窒息、誤嗅、溺水、転倒・転落）,3,"日本の令和3年（2021年）の人口動態統計に基づく、65歳以上85歳未満における不慮の事故による死亡状況をグラフに示す。,,
Dはどれか。",窒　息,交通事故,溺死及び溺水,転倒、転落、墜落,,C,,false,,false,notebooklm,2026-04-05T01:24:41.696Z
2024_nrs_24_pm056,nursing,2024,56,6.さまざまな健康状態や受療状況に応じた高齢者の看護,F.検査を受ける高齢者の看護,検査を受ける高齢者への身体機能・認知機能に応じた援助,3,"Aさん（81歳、男性）は、大腸内視鏡検査を受けることになった。,,
検査前にAさんへ看護師が確認する項目で最も優先されるのはどれか。",義歯の使用,白内障の有無,保持できない姿勢,前立腺肥大症の有無,,D,,false,,false,notebooklm,2026-04-05T01:24:41.696Z
2024_nrs_24_pm057,nursing,2024,57,6.さまざまな健康状態や受療状況に応じた高齢者の看護,I.手術療法を受ける高齢者の看護,身体機能・認知機能に応じた周手術期看護,3,全身麻酔下で肺切除術を受ける高齢者への説明で優先度が高いのはどれか。,術前にベッド上で排泄の練習をすること,術前に手術部看護師の訪問があること,術前に深呼吸や排痰の練習をすること,術後に四肢の自動運動をすること,,C,,false,,false,notebooklm,2026-04-05T01:24:41.696Z
2024_nrs_24_pm058,nursing,2024,58,5.高齢者の生活を支える看護,D.高齢者の排泄の特徴と援助,身体機能・認知機能に応じた排泄の支援,3,"要支援1の認定を受けた高齢者が、介護予防通所リハビリテーションの利用を開始した。「普段からトイレに何度も行く」と頻尿を気にしている。,,
施設にいる看護師の援助で適切なのはどれか。",施設のトイレの場所を一緒に確認する。,車椅子でトイレに移送する。,紙オムツの使用を勧める。,排泄時に更衣を介助する。,,A,,false,,false,notebooklm,2026-04-05T01:24:41.696Z
2024_nrs_24_pm059,nursing,2024,59,4.病気や診療・入院が子どもと家族に与える影響と看護,B.プレパレーション,子どもへの説明と同意,3,"標準的な成長・発達をしている4歳の男児に対して採血を行う。看護師が男児に採血についてのプレパレーションを実施した。,,
その後に伝えることで適切なのはどれか。",「痛くないよ」,「すぐに終わっちゃうよ」,「何か聞きたいことはないかな」,「やらないと病気になっちゃうよ」,,C,,false,,false,notebooklm,2026-04-05T01:24:41.696Z
2024_nrs_24_pm060,nursing,2024,60,4.病気や診療・入院が子どもと家族に与える影響と看護,A.病気に対する子どもの理解と説明,病気に対する子どもの理解の特徴,3,"標準的な成長・発達をしている子どもが「ばい菌が体内に入ることで病気になる」と考えるようになるのは、ピアジェ,J.の認知的発達段階のどれか。",感覚運動期,前操作期,具体的操作期,形式的操作期,,B,,false,,false,notebooklm,2026-04-05T01:24:41.696Z
2024_nrs_24_pm061,nursing,2024,61,5.検査や処置を受ける子どもと家族への看護,A.小児特有の診療（検査、処置）に伴う技術と看護,バイタルサインの測定身体計測,3,乳児の心拍測定で正しいのはどれか。,心拍数110/分は正常である。,聴診ではⅠ音とⅡ音で2心拍である。,バスタオルで体幹および四肢を固定して測定する。,呼吸周期に関連した心拍リズムの不整は異常である。,,A,,false,,false,notebooklm,2026-04-05T01:24:41.696Z
2024_nrs_24_pm062,nursing,2024,62,6.特別な状況にある子どもと家族への看護,A.虐待を受けている子どもと家族への看護,虐待のリスク要因と虐待の早期発見虐待の未然防止に向けての支援,3,保護者による子どもへの虐待に対する外来の看護師の対応で適切なのはどれか。,子どもの全身の観察では、保護者の同意を得る必要がある。,プライバシー保護のため、他職種との情報共有はしない。,子どもや保護者の発言内容や様子を記録に残す。,保護者の同席のもと子どもから話を聞く。,,C,,false,,false,notebooklm,2026-04-05T01:24:41.696Z
2024_nrs_24_pm063,nursing,2024,63,1.母性看護の対象を取り巻く環境や社会の変遷,C.働く妊産婦への支援に関する法や施策,雇用の分野における男女の均等な機会及び待遇の確保等に関する法律＜男女雇用機会均等法＞,3,事業主は雇用している女性労働者が妊婦健康診査を受けるために必要な時間を確保できるようにしなければならないと規定している法律はどれか。,母体保護法,労働基準法,雇用の分野における男女の均等な機会及び待遇の確保等に関する法律＜男女雇用機会均等法＞,育児休業、介護休業等育児又は家族介護を行う労働者の福祉に関する法律＜育児・介護休業法＞,,C,,false,,false,notebooklm,2026-04-05T01:24:41.696Z
2024_nrs_24_pm064,nursing,2024,64,4.妊娠期の看護,E.妊娠期のケアに必要な技術,Leopold＜レオポルド＞触診法子宮底・腹囲の測定,3,Leopold＜レオポルド＞触診法で分かるのはどれか。,胎　向,胎児の筋緊張,胎盤付着部位,胎児の健康状態,,A,,false,,false,notebooklm,2026-04-05T01:24:41.696Z
2024_nrs_24_pm065,nursing,2024,65,5.分娩期の看護,A.正常な分娩の経過と分娩期の異常,陣痛、産痛、陣痛異常（微弱陣痛、過強陣痛）破水、前期破水,3,"子宮口全開大のときに破水した。,,
この破水はどれか。",前期破水,早期破水,遅滞破水,適時破水,,D,,false,,false,notebooklm,2026-04-05T01:24:41.696Z
2024_nrs_24_pm066,nursing,2024,66,7.早期新生児期の看護,B.早期新生児期のアセスメント,頭部、顔面,3,"頭位で出生した直後の児の頭部に腫脹を認めた。腫脹は骨縫合を越え、波動を触れず、数日後に消失した。,,
出生直後に認められた児頭の腫脹で考えられるのはどれか。",産　瘤,骨重積,頭血腫,帽状腱膜下血腫,,A,,false,,false,notebooklm,2026-04-05T01:24:41.696Z
2024_nrs_24_pm067,nursing,2024,67,1.精神保健の基本,B.心の機能と発達,転移感情,3,患者が看護師を愛情深い親のような存在とみなし、看護師に対して肯定的な感情を抱くのはどれか。,投　影,共依存,反動形成,陽性転移,,D,,false,,false,notebooklm,2026-04-05T01:24:41.696Z
2024_nrs_24_pm068,nursing,2024,68,3.精神看護の対象の理解と支援のための概念,C.生きる力と強さに着目した援助,リカバリ＜回復＞,3,精神障害のある人のリカバリーで正しいのはどれか。,症状の回復がゴールである。,直線的なプロセスをたどる。,主体的に人生を新たに生き直すことである。,ストレス脆弱性に焦点を当てた支援である。,,C,,false,,false,notebooklm,2026-04-05T01:24:41.696Z
2024_nrs_24_pm069,nursing,2024,69,3.精神看護の対象の理解と支援のための概念,A.援助関係の構築,共同意思決定、共同創造＜コプロダクション＞,3,精神疾患の治療を受けている人との共同創造＜コプロダクション＞で正しいのはどれか。,患者が医療者の指示に従って治療を受ける。,患者が医療者から病気や治療について十分な説明を受ける。,治療やケアの計画から提供まで医療者と患者がともに関わる。,自ら助けを求めることが難しい人に対して、積極的に働きかけ支援を提供する。,,C,,false,,false,notebooklm,2026-04-05T01:24:41.696Z
2024_nrs_24_pm070,nursing,2024,70,4.精神疾患・障害がある者とその家族への看護,F.社会復帰・社会参加への支援,入院患者の退院支援、地域移行・地域定着支援,3,退院後生活環境相談員について正しいのはどれか。,措置入院の患者に対して選任される。,入院3か月以上の患者が支援対象である。,患者が居住の場を確保できるように調整する。,担当できるのは精神保健福祉士と社会福祉士の2職種である。,,C,,false,,false,notebooklm,2026-04-05T01:24:41.696Z
2024_nrs_24_pm071,nursing,2024,71,1.看護におけるマネジメント,A.看護におけるマネジメントの目的と方法,看護マネジメントの目的とプロセス看護組織の構成と職務,3,"病院の看護部の組織図を示す。,,
①の役割について正しいのはどれか。",他部門に命令をする。,組織の意思決定を行う。,各機能を調整する責任をもつ。,専門的な知識をもとに他部門に助言を行う。,,D,,true,,false,notebooklm,2026-04-05T01:24:41.696Z
2024_nrs_24_pm072,nursing,2024,72,1.看護におけるマネジメント,C.看護業務のマネジメント,看護業務基準、看護手順看護提供システム,3,プライマリナーシングの説明で適切なのはどれか。,業務を短時間で効率よく実施できる。,リーダーの調整力が看護チームの目標達成に影響する。,1人の看護師が1人の患者の入院から退院まで一貫して責任をもつ。,日替わりで受け持ち看護師が変わるので看護ケアの継続が難しくなる。,,C,,false,,false,notebooklm,2026-04-05T01:24:41.696Z
2024_nrs_24_pm073,nursing,2024,73,1.看護におけるマネジメント,E.医療安全を維持する仕組みと対策,医療事故・インシデントレポートの分析と活用,3,医療安全について正しいのはどれか。,患者から暴力を受けたと報告した医療従事者に暴力発生の責任を問う。,与薬前に薬物の間違いに気づけばインシデントレポートは不要である。,医療過誤とは医療事故の発生原因に医療機関、医療従事者の過失がある場合をいう。,インシデントを起こした医療従事者は気持ちが落ち着いた数日後にレポートを提出する。,,C,,false,,false,notebooklm,2026-04-05T01:24:41.696Z
2024_nrs_24_pm074,nursing,2024,74,1.精神保健の基本,E.災害時の精神保健,災害派遣精神医療チーム＜DPAT＞,3,災害時のこころのケアで正しいのはどれか。,こころのケアは発災直後から数週間で終了する。,災害派遣精神医療チーム（DPAT）は航空機事故が発生したときにも活動する。,こころのケアチームを組織化する目的は福祉避難所で医療活動を行うためである。,サイコロジカルファーストエイド＜Psychological First Aid：PFA＞は発災1か月後に精神科医が行う。,,B,,false,,false,notebooklm,2026-04-05T01:24:41.696Z
2024_nrs_24_pm075,nursing,2024,75,3.国際化と看護,B.グローバルな社会における看護,多様な文化を考慮した看護,3,"生後1か月の乳児健康診査の際、外国籍の両親から子どもの予防接種について質問があった。父親は長期に日本で就労するため、子どもは定期予防接種を受けることができる。両親は「日本語が難しく、予防接種のスケジュールがよく分からない」と看護師に言った。,,
看護師の対応で適切なのはどれか。",母国の大使館への相談を勧める。,医療で使う言葉を覚えるように促す。,地区担当の保健師への電話相談を提案する。,両親が理解できる言語で書かれたパンフレットを渡す。,,D,,false,,false,notebooklm,2026-04-05T01:24:41.696Z
2024_nrs_24_pm076,nursing,2024,76,6.循環器系,A.心臓の構造と機能,刺激伝導系,3,心房と心室の間を電気的に結合し、心房側の興奮を心室側に伝えるのはどれか。,心筋層,心内膜,洞房結節,His＜ヒス＞束,Purkinje＜プルキンエ＞線維,D,,false,,false,notebooklm,2026-04-05T01:24:41.696Z
2024_nrs_24_pm077,nursing,2024,77,11.消化器系,B.消化と吸収,肝臓・胆道の構造と機能,3,肝臓の機能はどれか。,糖の貯蔵,胆汁の貯蔵,体液量の調節,体液のpH調節,ホルモンの分泌,A,,false,,false,notebooklm,2026-04-05T01:24:41.696Z
2024_nrs_24_pm078,nursing,2024,78,2.疾病の成立と疾病からの回復,B.回復過程,代謝系の反応,3,術後の回復過程でエネルギー不足の場合にケトン体の供給源となるのはどれか。,乳　酸,尿　酸,脂肪酸,蛋白質,アンモニア,C,,false,,false,notebooklm,2026-04-05T01:24:41.696Z
2024_nrs_24_pm079,nursing,2024,79,6.循環機能,C.血圧異常の病態と診断・治療,二次性高血圧,3,狭窄による血流低下で二次性高血圧を起こす血管はどれか。,冠動脈,肝動脈,頸動脈,腎動脈,脳動脈,D,,false,,false,notebooklm,2026-04-05T01:24:41.696Z
2024_nrs_24_pm080,nursing,2024,80,6.健康と公衆衛生,D.健康に関する指標に基づく公衆衛生,死亡（死産、周産期死亡、乳児死亡を含む）、死因,3,"日本の人口動態統計の死因別死亡率の年次推移をグラフに示す。,,
Cの死因はどれか。",肺　炎,老　衰,心疾患,脳血管疾患,悪性新生物＜腫瘍＞,B,,false,,false,notebooklm,2026-04-05T01:24:41.696Z
2024_nrs_24_pm081,nursing,2024,81,3.看護における基本技術,E.フィジカルアセスメント,系統別のフィジカルアセスメント,3,第2～第4腰髄の障害の有無を把握するために確認するのはどれか。,輻輳反射,腹壁反射,膝蓋腱反射,Trousseau＜トルソー＞徴候,Blumberg＜ブルンベルグ＞徴候,C,,false,,false,notebooklm,2026-04-05T01:24:41.696Z
2024_nrs_24_pm082,nursing,2024,82,6.循環器系,B.血管系の構造と機能,門脈系,3,門脈系の血管はどれか。2つ選べ。,肝静脈,脾静脈,食道静脈,内腸骨静脈,下腸間膜静脈,B,E,,false,,true,notebooklm,2026-04-05T01:24:41.696Z
2024_nrs_24_pm083,nursing,2024,83,15.内分泌系,B.ホルモン分泌の調節,フィードバック機構,3,"Aさん（35歳、女性）は1年前に子宮体癌のために単純子宮全摘出術と両側卵巣摘出術を受け、その後、ホルモン補充療法は受けずに健康に過ごしている。,,
Aさんの血液中で術前よりも濃度が上昇しているホルモンはどれか。2つ選べ。",テストステロン,プロゲステロン,エストラジオール,黄体形成ホルモン＜LH＞,卵胞刺激ホルモン＜FSH＞,D,E,,false,,true,notebooklm,2026-04-05T01:24:41.696Z
2024_nrs_24_pm084,nursing,2024,84,6.循環機能,A.心臓の疾患の病態と診断・治療,弁膜症（大動脈弁疾患、僧帽弁疾患）,3,後天性の大動脈弁狭窄症について正しいのはどれか。2つ選べ。,二尖弁が多い。,弁尖の石灰化による。,左室壁は徐々に薄くなる。,収縮期に心雑音を聴取する。,心筋の酸素消費量は減少する。,B,D,,false,,true,notebooklm,2026-04-05T01:24:41.696Z
2024_nrs_24_pm085,nursing,2024,85,疾病の成り立ちと回復の促進,,,3,内臓脂肪の蓄積を推定するために用いるのはどれか。2つ選べ。,身　長,体　重,腹部CT,腹囲＜ウエスト周囲長＞,血中トリグリセライド値,C,D,,false,,true,notebooklm,2026-04-05T01:24:41.696Z
2024_nrs_24_pm086,nursing,2024,86,4.社会保険制度の基本,C.介護保険制度,基本理念 介護保険法,3,介護保険法で定める特定疾病はどれか。2つ選べ。,ウイルス肝炎,脊髄小脳変性症,閉塞性動脈硬化症＜ASO＞,メタボリックシンドローム,後天性免疫不全症候群＜AIDS＞,B,C,,false,,true,notebooklm,2026-04-05T01:24:41.696Z
2024_nrs_24_pm087,nursing,2024,87,4.社会保険制度の基本,C.介護保険制度,要介護認定と給付の仕組み地域包括支援センター,3,介護保険法で地域包括支援センターに配置が義務付けられているのはどれか。2つ選べ。,介護福祉士,社会福祉士,介護支援専門員,精神保健福祉士,主任介護支援専門員,B,E,,false,,true,notebooklm,2026-04-05T01:24:41.696Z
2024_nrs_24_pm088,nursing,2024,88,3.高齢者の健康,B.老年期における身体機能の変化,感覚器系,3,高齢者における感覚器の変化の特徴で正しいのはどれか。2つ選べ。,高音域の聴力が保持される。,痛覚の感受性が低下する。,味覚の閾値が低下する。,暗順応が低下する。,嗅覚は保持される。,B,D,,false,,true,notebooklm,2026-04-05T01:24:41.696Z
2024_nrs_24_pm089,nursing,2024,89,2.子どもの成長・発達,A.子どもの成長・発達の原則と影響因子,成長・発達の原則,3,子どもの成長・発達で正しいのはどれか。2つ選べ。,基本的な運動発達は末梢から中枢へ向かう。,発達の臨界期は身体の各部位によって異なる。,成長とは身体の機能が質的に変化することである。,新生児期の成長・発達は環境よりも遺伝の影響が大きい。,乳幼児期の脳神経系の発達は学童期と比べゆるやかである。,B,D,,false,,true,notebooklm,2026-04-05T01:24:41.696Z
2024_nrs_24_pm090,nursing,2024,90,4.日常生活援助技術,B.食事と栄養,食事と栄養のアセスメント,3,"身長160cm、体重60kgの成人の体格指数＜BMI＞を求めよ。,,
ただし、小数点以下の数値が得られた場合には、小数点以下第2位を四捨五入すること。,,
,,
システムの都合上選択肢を表示できません。各自で0～9の数字を組合せて回答してください。,,
,,
解答：①②．③",,,,,,,,false,,false,notebooklm,2026-04-05T01:24:41.696Z
2024_nrs_24_pm091,nursing,2024,91,7.在宅療養生活を支える看護,B.在宅療養者の食事・栄養を支えるケア,口腔ケア,3,Aさんの家族への助言で適切なのはどれか。,体位変換を2時間ごとに行う。,関節可動域訓練を1週間に1回行う。,ペースト食を食べる回数を1日3回にする。,食事を摂取できないときにも口腔ケアを実施する。,,D,,false,,false,notebooklm,2026-04-05T01:24:41.696Z
2024_nrs_24_pm092,nursing,2024,92,5.療養の場に応じた地域・在宅看護,A.病期に応じた在宅療養者への看護,終末期にある在宅療養者と家族の看護,3,"2か月後、Aさんは食事を口から食べることができなくなり、かかりつけの医師から家族へ、そろそろ看取りの時期であり、看取りの場所を決めるように説明があった。息子たちから「父が長年住んだ家で最期まで過ごさせてあげたいと母とも話していますが、母が1人でみるのは大変だと思い心配しています」と訪問看護師に話があった。,,
このときの訪問看護師の対応で適切なのはどれか。",看取りまでの支援体制を説明する。,血圧が低下したら入院が必要なことを説明する。,決定した看取りの場所は変更できないことを伝える。,かかりつけの医師と訪問看護師で治療方法を決定する。,,A,,false,,false,notebooklm,2026-04-05T01:24:41.696Z
2024_nrs_24_pm093,nursing,2024,93,7.在宅療養生活を支える看護,F.在宅療養者のコミュニケーションを支えるケア,対象のコミュニケーション能力に応じた対応,3,"Aさんは声をかけても返答したり目を開けたりすることもなく、穏やかな表情で眠っていることが多くなった。Aさんの妻は「夫は話しかけても何も答えてくれないので、どうしたらよいか分かりません」と訪問看護師に話した。,,
このときの妻への声かけで適切なのはどれか。",「Aさんの体にできるだけ触れるようにしましょう」,「Aさんは苦痛を感じることはありません」,「Aさんが休めるよう静かにしましょう」,「Aさんの世話を頑張りましょう」,,A,,false,,false,notebooklm,2026-04-05T01:24:41.696Z
2024_nrs_24_pm094,nursing,2024,94,11.循環機能障害のある患者の看護,D.病期や機能障害に応じた看護,心不全,3,Aさんに起こっている可能性が高い合併症はどれか。,低心拍出量症候群＜LOS＞,心タンポナーデ,肺水腫,無気肺,,C,,false,,false,notebooklm,2026-04-05T01:24:41.696Z
2024_nrs_24_pm095,nursing,2024,95,5.周術期にある患者と家族の看護,C.術後の看護,侵襲に対する生体反応術後の鎮痛・鎮静管理創傷管理・処置,3,"術後2日、Aさんは人工呼吸管理を離脱し、離床が検討されたが中止となった。,,
看護師がAさんの離床中止を判断した指標はどれか。2つ選べ。",ドレーンが留置中である。,安静時の呼吸数が20/分である。,安静時の心拍数が100/分である。,新たな不整脈（心房細動）が発生している。,時間尿量0.5mL/kg/時が3時間持続している。,D,E,,false,,true,notebooklm,2026-04-05T01:24:41.696Z
2024_nrs_24_pm096,nursing,2024,96,11.循環機能障害のある患者の看護,C.治療を受ける患者への看護,心臓リハビリテーション,3,"術後3日、心臓リハビリテーションが開始された。,,
Aさんは「傷の痛みはありますが、血管をつないだから安心ですね。落ちついたら、家族と温泉に行きたいです」と看護師に話した。,,
Aさんの生活指導で適切なのはどれか。",「肩までお湯に入りましょう」,「お湯の温度は43℃以上にしましょう」,「食後1時間以上経過してから入浴しましょう」,「心筋梗塞による心不全があるので入浴は控えましょう」,,C,,false,,false,notebooklm,2026-04-05T01:24:41.696Z
2024_nrs_24_pm097,nursing,2024,97,20.排尿機能障害のある患者の看護,D.病期や機能障害に応じた看護,腫瘍（膀脱癌、前立腺癌）,3,Aさんの尿所見で予測されるのはどれか。,蛋白尿,尿糖陽性,肉眼的血尿,ビリルビン尿,,C,,false,,false,notebooklm,2026-04-05T01:24:41.696Z
2024_nrs_24_pm098,nursing,2024,98,20.排尿機能障害のある患者の看護,C.治療を受ける患者への看護,膀脱切除術,3,"Aさんは膀胱全摘出術および回腸導管造設術を受けることになった。,,
Aさんへの術前の説明で正しいのはどれか。",「浴槽のお湯に入ることはできません」,「水分の摂り過ぎに注意が必要です」,「肛門から尿が出ます」,「尿意は感じません」,,D,,false,,false,notebooklm,2026-04-05T01:24:41.696Z
2024_nrs_24_pm099,nursing,2024,99,21.性・生殖・乳腺機能障害のある患者の看護,D.病期や機能障害に応じた看護,男性生殖器の疾患（勃起障害）,3,"Aさんは術後から、これまでにはなかった勃起障害が出現した。Aさんのテストステロン値は13.5pg/mL（50歳代の基準値：4.6～19.6pg/mL）であった。,,
Aさんの勃起不全の原因で考えられるのはどれか。",性ホルモン分泌の低下,神経損傷,糖尿病,喫　煙,,B,,false,,false,notebooklm,2026-04-05T01:24:41.696Z
2024_nrs_24_pm100,nursing,2024,100,7.高齢者に特有な症候・疾患・障害と看護,E.認知機能が低下した高齢者の看護,日常生活への影響,3,このときに看護師が追加で収集する情報で優先度が高いのはどれか。,睡眠状況,口渇の有無,ADLの状況,抗認知症薬の内服状況,,B,,false,,false,notebooklm,2026-04-05T01:24:41.696Z
2024_nrs_24_pm101,nursing,2024,101,5.高齢者の生活を支える看護,B.高齢者の安全な活動への援助,身体機能・認知機能に応じた安全な活動の維持・拡大の支援,3,"Aさんは、経過を観察するため入院となった。入院2日、Aさんの全身状態は改善し、食事が開始された。Aさんは歩行時にふらつきがあるため、看護師が見守ることになった。看護師はベッドから離れるときは、ナースコールを押すようにAさんに説明した。そのときAさんは「忘れずにできるかしら」と呟いた。しばらくすると、Aさんが1人で移動しているところを看護師が発見した。,,
Aさんへの対応で適切なのはどれか。",ヒッププロテクターを使用する。,ベッドサイドに車椅子を設置する。,ナースコールが目立つように目印をつける。,爪先が床につくようにベッドの高さを調整する。,,C,,false,,false,notebooklm,2026-04-05T01:24:41.696Z
2024_nrs_24_pm102,nursing,2024,102,9.多様な場で生活する高齢者を支える看護,D.生活の場を変える高齢者への支援,看護職間・他職種間の情報提供、目標の共有と評価,3,"入院3日。Aさんは明日の退院が決まった。看護師が朝食後に抗認知症薬の配薬に行くと、Aさんが「もう薬の時間ですか」と言った。また、自分の病室を間違えることが数回あった。,,
Aさんが退院後の在宅療養を継続するために、看護師が担当の介護支援専門員へ伝える情報で最も適切なのはどれか。",歩行状態,食事の摂取量,入院中の治療内容,認知機能障害の出現状況,,D,,false,,false,notebooklm,2026-04-05T01:24:41.696Z
2024_nrs_24_pm103,nursing,2024,103,2.子どもの成長・発達,B.子どもの成長・発達のアセスメント,身体発育の評価,3,A君の肥満度（％）に最も近いのはどれか。,25,30,35,40,45,D,,false,,false,notebooklm,2026-04-05T01:24:41.696Z
2024_nrs_24_pm104,nursing,2024,104,3.小児各期における健康増進のための子どもと家族への看護,A.栄養と食生活,食生活,3,"A君の1週間の食事内容の記録によると、野菜が不足し、高カロリーな菓子類や甘い飲み物を好んで摂取していることが判明した。A君と保護者は「食事内容を見直し、体重を減らすことが大切です」と医師から説明され、食事摂取基準のパンフレットを渡された。パンフレットには、学童期の脂質エネルギー比率（％エネルギー）は20～30％と記載されている。A君が診療を終えて帰宅する際、保護者は看護師に「痩せるために脂質は可能な限り0％にしないとだめですね」と話した。,,
脂質エネルギー比率（％エネルギー）に関する看護師の助言で適切なのはどれか。",「標準的な目標量である25％程度が良いですよ」,「当面は35％くらいだとストレスがないでしょう」,「その通りです。0％に近づける努力をしましょう」,「10％程度で成人になるまで続けるのが効果的です」,「脂質は急に減らさず、野菜の摂取で栄養を補いましょう」,A,,false,,false,notebooklm,2026-04-05T01:24:41.696Z
2024_nrs_24_pm105,nursing,2024,105,3.小児各期における健康増進のための子どもと家族への看護,B.生活リズムの確立,生活リズム,3,"A君の保護者は「この機会に、Aの生活リズムの乱れも改善したいと思います。どんなことから始めるのが良いですか」と看護師に尋ねた。,,
看護師の説明で適切なのはどれか。",「ゲーム機で遊ぶのを禁止しましょう」,「起床したら朝日を浴びると良いでしょう」,「サッカークラブに所属すると良いでしょう」,「しばらく学校を休ませて自宅で生活リズムを整えましょう」,,B,,false,,false,notebooklm,2026-04-05T01:24:41.696Z
2024_nrs_24_pm106,nursing,2024,106,8.慢性的な疾患・障害がある子どもと家族への看護,A.先天性疾患や慢性的な経過をとる疾患をもつ子どもと家族への看護,発達に応じたセルフケア能力の獲得・自立支援,3,母親への説明で、最も適切なのはどれか。,「手順の中で、A君ができることを段階的に行いましょう」,「手技の失敗を繰り返すことが、A君の自信につながります」,「入学までに、A君が自分で最後までてきるようにしましょう」,「最初のステップは、A君がカテーテルの挿入を自分でできることです」,,A,,false,,false,notebooklm,2026-04-05T01:24:41.696Z
2024_nrs_24_pm107,nursing,2024,107,14.日常生活援助技術,B.排泄,導尿,3,"その後、看護師は、A君が小学校で自立して間欠的自己導尿ができるようケア計画を立てた。,,
間欠的自己導尿の実施についてA君に伝えることで適切なのはどれか。",「おしっこの出口をきれいにするため外側から内側に向かって拭くよ」,「カテーテルの先はピンセット＜鑷子＞で持つよ」,「カテーテルを入れておしっこが出てきたらその位置でカテーテルを止めるよ」,「おしっこが出なくなったらカテーテルを急いで抜くよ」,,C,,false,,false,notebooklm,2026-04-05T01:24:41.696Z
2024_nrs_24_pm108,nursing,2024,108,8.慢性的な疾患・障害がある子どもと家族への看護,A.先天性疾患や慢性的な経過をとる疾患をもつ子どもと家族への看護,発達に応じたセルフケア能力の獲得・自立支援,3,"11歳になったA君は間欠的自己導尿を自分で実施している。本日の定期受診時の尿検査で、尿蛋白＋、赤血球（－）、白血球2＋、尿の混濁＋の所見がみられた。,,
受診に付き添った父親から「最近、Aは親の言うことを聞かないし、あまり口をきいてくれません。家では自立して間欠的自己導尿を行っていますが、学校でもやっているのか心配です」と発言があった。A君の水分摂取や運動の状況は以前と変わらない。,,
外来看護師の対応で最も適切なのはどれか。",導尿の必要性をA君に説明する。,学校での導尿の状況についてA君と話す。,父親に、親が学校に行って導尿を実施するよう伝える。,導尿の手順が書かれた表を渡し、できたところにA君にシールを貼ってもらう。,,B,,false,,false,notebooklm,2026-04-05T01:24:41.696Z
2024_nrs_24_pm109,nursing,2024,109,5.分娩期の看護,A.正常な分娩の経過と分娩期の異常,分娩経過と進行胎児心拍数,3,Aさんの分娩所要時間はどれか。,13時間00分,14時間20分,14時間30分,16時間30分,,C,,false,,false,notebooklm,2026-04-05T01:24:41.696Z
2024_nrs_24_pm110,nursing,2024,110,6.産褥期の看護,B.褥婦の健康と生活のアセスメント,子宮復古,3,"分娩直後の出血量は300mLであった。分娩後1時間の出血量20mL、子宮底は臍下2横指で硬度良好、脈拍75/分、血圧100/74mmHgであった。分娩後2時間の出血は20mL、子宮底は臍下1横指で硬度良好。脈拍75/分、血圧126/56mmHgであった。児への早期授乳後に下腹部の痛みを訴えている。尿意があり少量の排尿があった。,,
Aさんのアセスメントで適切なのはどれか。",尿閉である。,下腹部痛は異常である。,子宮復古が良好である。,分娩時異常出血である。,,C,,false,,false,notebooklm,2026-04-05T01:24:41.696Z
2024_nrs_24_pm111,nursing,2024,111,7.早期新生児期の看護,C.早期新生児とその家族への看護,保温,3,"児は出生2時間後、寝衣を着用しコットに収容された。児のバイタルサインは、体温（腋窩温）36.4℃、呼吸数40/分、心拍数120/分であった。また末梢の冷感はあるが、チアノーゼは認めなかった。排尿、排便はない。児の頬を軽く突くと刺激の方向を向き、口を開ける動作がみられる。また、腋窩と鼠径部に胎脂が付着している。,,
このときに必要なケアはどれか。",掛け物を温めたものに交換する。,口腔内吸引をする。,肛門刺激をする。,沐浴をする。,,A,,false,,false,notebooklm,2026-04-05T01:24:41.696Z
2024_nrs_24_pm112,nursing,2024,112,2.主な精神疾患・障害の特徴と看護,B.精神作用物質使用による精神・行動の障害,臨床検査および心理検査と看護薬物療法と看護,3,Aさんの現在の状態はどれか。,急性中毒の状態である。,拘禁反応が出現している。,有害な使用＜乱用＞である。,フラッシュバックが出現している。,,C,,false,,false,notebooklm,2026-04-05T01:24:41.696Z
2024_nrs_24_pm113,nursing,2024,113,2.主な精神疾患・障害の特徴と看護,B.精神作用物質使用による精神・行動の障害,臨床検査および心理検査と看護薬物療法と看護,3,"ある日の夜、Aさんと突然連絡がつかなくなったことを心配した母親が、Aさんのアパートを訪ねると、意識を失っているAさんを発見した。すぐに救急車を呼び、Aさんは救命救急センターへ搬送された。翌朝、同じ病院の精神科病棟に転棟し、器質的検査および生理的検査では異常が認められなかった。救急隊からの情報によると、アパートには抗不安薬を大量に服用した痕跡があった。,,
入院後48時間から72時間にかけてAさんに出現する可能性が高い症状はどれか。",幻　覚,感情鈍麻,思考途絶,妄想気分,,A,,false,,false,notebooklm,2026-04-05T01:24:41.696Z
2024_nrs_24_pm114,nursing,2024,114,4.精神疾患・障害がある者とその家族への看護,H.社会資源の活用とケアマネジメント,セルフヘルプグループ、家族会自立支援医療,3,"入院後5日、物質使用障害＜依存症＞の診断を受け、治療によって状態が安定したAさんは退院の準備をすることになった。Aさんは1人暮らしを続けながら復学を希望している。,,
Aさんに利用を勧める社会資源はどれか。",行動援護,同行援護,セルフヘルプグループ,共同生活援助＜グループホーム＞,,C,,false,,false,notebooklm,2026-04-05T01:24:41.696Z
2024_nrs_24_pm115,nursing,2024,115,2.主な精神疾患・障害の特徴と看護,D.気分＜感情＞障害,臨床検査および心理検査と看護薬物療法と看護,3,Aさんと夫に看護師が説明する内容で適切なのはどれか。,「毎朝運動をする習慣を作りましょう」,「食欲がないときは食事の回数を減らしましょう」,「薬の飲み始めは吐き気や下痢に注意してください」,「眠れないときは睡眠薬を早朝に飲んで構いません」,,C,,false,,false,notebooklm,2026-04-05T01:24:41.696Z
2024_nrs_24_pm116,nursing,2024,116,12.神経機能,A.中枢神経系の疾患の病態と診断・治療,認知症（Alzheimer＜アルツハイマー＞病、血管性認知症、Lewy＜レビー＞小体型認知症、前頭側頭型認知症）,3,"Aさんの症状は半年ほどで落ち着き、夫との散歩や料理を楽しみ、特に問題なく過ごせるようになった。精神科受診を終了して1年後、Aさんは再び家にこもりがちになった。夫の話では、急に料理の作り方や人の名前を何度も確認するなど、家事に時間がかかるようになった。Aさんは「何もできないと思っているでしょ」と、ささいなことに怒ったり、急に泣き出すことが増え、夫と一緒に精神科外来を再受診した。,,
頭部MRI検査の結果、多発性脳梗塞がみられ、血管性認知症と診断された。Aさんは「自分が認知症なんて信じられない。もう治らない」と話した。,,
Aさんに認められるのはどれか。2つ選べ。",感情失禁,観念奔逸,強迫行為,心気妄想,実行機能障害,A,E,,false,,true,notebooklm,2026-04-05T01:24:41.696Z
2024_nrs_24_pm117,nursing,2024,117,4.地域・在宅看護実践をめぐる制度の概要,B.地域・在宅看護におけるサービス体系の理解,複合型サービス（看護小規模多機能型居宅介護）在宅看護に関連する法令,3,"Aさんは要介護2の認定を受け、介護サービスを検討することになった。体調が良いときは、夫の料理を手伝ったり散歩に出かけている。排泄や着替えは時間をかけて1人で行えるが、入浴は夫の介助が必要である。夫は「入浴のサポートを受けたり、自分が不在のときに泊まれる場所はないか」と話している。外来看護師がAさんの希望を聞くと「人が多い場所は苦手です。家の近くで好きなときに通えたり、家に来てもらえると安心です」と話した。,,
Aさんに紹介するサービスで適切なのはどれか。",小規模多機能型居宅介護,認知症対応型通所介護,自立訓練,療養介護,,A,,false,,false,notebooklm,2026-04-05T01:24:41.696Z
2024_nrs_24_pm118,nursing,2024,118,15.患者の安全・安楽を守る看護技術,C.感染対策対策,必要な防護用具（手袋、マスク、ガウン、ゴーグル）の選択・着脱,3,このときの看護師の感染予防対策で正しいのはどれか。,ゴーグルを装着して処置の介助を行う。,使い捨て手袋を1時間ごとに交換する。,処置を行う前に破傷風のワクチンを受ける。,看護師が着用するガウンにAさん用と記載しAさん専用にする。,,A,,false,,false,notebooklm,2026-04-05T01:24:41.696Z
2024_nrs_24_pm119,nursing,2024,119,2.災害と看護,B.災害各期の特徴と看護,災害各期における要支援者を含むすべての被災者への看護,3,"発災翌日、避難所には150名ほどの避難者が登録をしている。医療救護班の医師から「この数日間で、インフルエンザの患者が病院で増えている。避難所でも注意したほうがよい」と看護師に助言があった。看護師は避難所運営者と連携して、避難所でのインフルエンザの集団発生予防策を立てることにした。午前9時現在、避難者の中には発熱や咳をしている有症者はいない。,,
避難所での集団感染を防止する対策で適切なのはどれか。",避難所の床を毎日アルコールで清掃する。,共同のトイレにあるタオルを毎日交換する。,避難所の居住スペースの換気を1日1回行う。,避難者に入所時からの体調を健康チェック表に記載してもらう。,,D,,false,,false,notebooklm,2026-04-05T01:24:41.696Z
2024_nrs_24_pm120,nursing,2024,120,2.災害と看護,B.災害各期の特徴と看護,災害時に生じやすい健康被害の特徴,3,"発災3日後、Bさん（72歳、男性）が救護所を訪れた。地震で自宅が半壊したため、妻と避難所で生活している。Bさんは、左胸部から左腋窩にかけてピリピリとした持続する痛みを訴えた。看護師が観察すると、痛みの部位に沿って水疱を伴う浮腫性紅斑が確認できた。体温36.5℃、呼吸数12/分、脈拍66/分、血圧126/80mmHg。,,
看護師がBさんに行う観察で優先度が高いのはどれか。",痛みの持続時間を問診する。,1週間の睡眠状況を問診する。,痛みが限局しているか触診する。,全身性の浮腫性紅斑か視診する。,ステロイド薬の長期投与の有無を問診する。,D,,false,,false,notebooklm,2026-04-05T01:24:41.696Z